3.502799999999999727e+02 2.390000000000000124e+00 2.137000000000000011e+00
3.518700000000000045e+02 2.403000000000000025e+00 2.140000000000000124e+00
3.534700000000000273e+02 2.415999999999999925e+00 2.142999999999999794e+00
3.550600000000000023e+02 2.427999999999999936e+00 2.145999999999999908e+00
3.566599999999999682e+02 2.440999999999999837e+00 2.149000000000000021e+00
3.582500000000000000e+02 2.454000000000000181e+00 2.152000000000000135e+00
3.598500000000000227e+02 2.467000000000000082e+00 2.154999999999999805e+00
3.614399999999999977e+02 2.479000000000000092e+00 2.157000000000000028e+00
3.630300000000000296e+02 2.491999999999999993e+00 2.160000000000000142e+00
3.646299999999999955e+02 2.504000000000000004e+00 2.161999999999999922e+00
3.662199999999999704e+02 2.516999999999999904e+00 2.164000000000000146e+00
3.678199999999999932e+02 2.529999999999999805e+00 2.165999999999999925e+00
3.694100000000000250e+02 2.541999999999999815e+00 2.168000000000000149e+00
3.710099999999999909e+02 2.555000000000000160e+00 2.169999999999999929e+00
3.725999999999999659e+02 2.567000000000000171e+00 2.172000000000000153e+00
3.741899999999999977e+02 2.580000000000000071e+00 2.173999999999999932e+00
3.757900000000000205e+02 2.592000000000000082e+00 2.176000000000000156e+00
3.773799999999999955e+02 2.604999999999999982e+00 2.177000000000000046e+00
3.789799999999999613e+02 2.616999999999999993e+00 2.178999999999999826e+00
3.805699999999999932e+02 2.629999999999999893e+00 2.180000000000000160e+00
3.821700000000000159e+02 2.641999999999999904e+00 2.181999999999999940e+00
3.837599999999999909e+02 2.653999999999999915e+00 2.182999999999999829e+00
3.853500000000000227e+02 2.666999999999999815e+00 2.184000000000000163e+00
3.869499999999999886e+02 2.678999999999999826e+00 2.185000000000000053e+00
3.885400000000000205e+02 2.690999999999999837e+00 2.185999999999999943e+00
3.901399999999999864e+02 2.702999999999999847e+00 2.186999999999999833e+00
3.917300000000000182e+02 2.716000000000000192e+00 2.188000000000000167e+00
3.933199999999999932e+02 2.728000000000000203e+00 2.189000000000000057e+00
3.949200000000000159e+02 2.740000000000000213e+00 2.189000000000000057e+00
3.965099999999999909e+02 2.751999999999999780e+00 2.189999999999999947e+00
3.981100000000000136e+02 2.763999999999999790e+00 2.189999999999999947e+00
3.996999999999999886e+02 2.775999999999999801e+00 2.190999999999999837e+00
4.013000000000000114e+02 2.787999999999999812e+00 2.190999999999999837e+00
4.028900000000000432e+02 2.799999999999999822e+00 2.190999999999999837e+00
4.044800000000000182e+02 2.811999999999999833e+00 2.190999999999999837e+00
4.060799999999999841e+02 2.823999999999999844e+00 2.190999999999999837e+00
4.076699999999999591e+02 2.835999999999999854e+00 2.190999999999999837e+00
4.092700000000000387e+02 2.847999999999999865e+00 2.190999999999999837e+00
4.108600000000000136e+02 2.858999999999999986e+00 2.190999999999999837e+00
4.124499999999999886e+02 2.870999999999999996e+00 2.190999999999999837e+00
4.140499999999999545e+02 2.883000000000000007e+00 2.189999999999999947e+00
4.156399999999999864e+02 2.894000000000000128e+00 2.189999999999999947e+00
4.172400000000000091e+02 2.906000000000000139e+00 2.189000000000000057e+00
4.188299999999999841e+02 2.918000000000000149e+00 2.189000000000000057e+00
4.204200000000000159e+02 2.928999999999999826e+00 2.188000000000000167e+00
4.220199999999999818e+02 2.940999999999999837e+00 2.186999999999999833e+00
4.236100000000000136e+02 2.951999999999999957e+00 2.186999999999999833e+00
4.252099999999999795e+02 2.963999999999999968e+00 2.185999999999999943e+00
4.268000000000000114e+02 2.975000000000000089e+00 2.185000000000000053e+00
4.283899999999999864e+02 2.986000000000000210e+00 2.184000000000000163e+00
4.299900000000000091e+02 2.998000000000000220e+00 2.182999999999999829e+00
4.315800000000000409e+02 3.008999999999999897e+00 2.181999999999999940e+00
4.331800000000000068e+02 3.020000000000000018e+00 2.180000000000000160e+00
4.347699999999999818e+02 3.031000000000000139e+00 2.178999999999999826e+00
4.363600000000000136e+02 3.041999999999999815e+00 2.177999999999999936e+00
4.379600000000000364e+02 3.052999999999999936e+00 2.176000000000000156e+00
4.395500000000000114e+02 3.064000000000000057e+00 2.174999999999999822e+00
4.411499999999999773e+02 3.075000000000000178e+00 2.173000000000000043e+00
4.427400000000000091e+02 3.085999999999999854e+00 2.172000000000000153e+00
4.443299999999999841e+02 3.096999999999999975e+00 2.169999999999999929e+00
4.459300000000000068e+02 3.108000000000000096e+00 2.168000000000000149e+00
4.475199999999999818e+02 3.119000000000000217e+00 2.166999999999999815e+00
4.491100000000000136e+02 3.129999999999999893e+00 2.165000000000000036e+00
4.507099999999999795e+02 3.140000000000000124e+00 2.162999999999999812e+00
4.522999999999999545e+02 3.150999999999999801e+00 2.161000000000000032e+00
4.539000000000000341e+02 3.161999999999999922e+00 2.158999999999999808e+00
4.554900000000000091e+02 3.172000000000000153e+00 2.157000000000000028e+00
4.570799999999999841e+02 3.182999999999999829e+00 2.154999999999999805e+00
4.586799999999999500e+02 3.193000000000000060e+00 2.153000000000000025e+00
4.602700000000000387e+02 3.204000000000000181e+00 2.149999999999999911e+00
4.618600000000000136e+02 3.213999999999999968e+00 2.148000000000000131e+00
4.634599999999999795e+02 3.225000000000000089e+00 2.145999999999999908e+00
4.650500000000000114e+02 3.234999999999999876e+00 2.142999999999999794e+00
4.666399999999999864e+02 3.245000000000000107e+00 2.141000000000000014e+00
4.682400000000000091e+02 3.254999999999999893e+00 2.137999999999999901e+00
4.698300000000000409e+02 3.265000000000000124e+00 2.136000000000000121e+00
4.714200000000000159e+02 3.275999999999999801e+00 2.133000000000000007e+00
4.730199999999999818e+02 3.286000000000000032e+00 2.129999999999999893e+00
4.746099999999999568e+02 3.295999999999999819e+00 2.128000000000000114e+00
4.761999999999999886e+02 3.306000000000000050e+00 2.125000000000000000e+00
4.778000000000000114e+02 3.314999999999999947e+00 2.121999999999999886e+00
4.793899999999999864e+02 3.325000000000000178e+00 2.119000000000000217e+00
4.809800000000000182e+02 3.334999999999999964e+00 2.116000000000000103e+00
4.825799999999999841e+02 3.345000000000000195e+00 2.112999999999999989e+00
4.841700000000000159e+02 3.354999999999999982e+00 2.109999999999999876e+00
4.857600000000000477e+02 3.363999999999999879e+00 2.107000000000000206e+00
4.873600000000000136e+02 3.374000000000000110e+00 2.104000000000000092e+00
4.889499999999999886e+02 3.383000000000000007e+00 2.100999999999999979e+00
4.905399999999999636e+02 3.392999999999999794e+00 2.096999999999999975e+00
4.921299999999999955e+02 3.402000000000000135e+00 2.093999999999999861e+00
4.937300000000000182e+02 3.411999999999999922e+00 2.091000000000000192e+00
4.953199999999999932e+02 3.420999999999999819e+00 2.088000000000000078e+00
4.969100000000000250e+02 3.430000000000000160e+00 2.084000000000000075e+00
4.985099999999999909e+02 3.439999999999999947e+00 2.080999999999999961e+00
5.000999999999999659e+02 3.448999999999999844e+00 2.076999999999999957e+00
5.016899999999999409e+02 3.458000000000000185e+00 2.073999999999999844e+00
5.032799999999999727e+02 3.467000000000000082e+00 2.069999999999999840e+00
5.048799999999999955e+02 3.475999999999999979e+00 2.067000000000000171e+00
5.064699999999999704e+02 3.484999999999999876e+00 2.063000000000000167e+00
5.080599999999999454e+02 3.494000000000000217e+00 2.059000000000000163e+00
5.096500000000000341e+02 3.503000000000000114e+00 2.056000000000000050e+00
5.112500000000000000e+02 3.512000000000000011e+00 2.052000000000000046e+00
5.128399999999999181e+02 3.520999999999999908e+00 2.048000000000000043e+00
5.144300000000000637e+02 3.528999999999999915e+00 2.044000000000000039e+00
5.160199999999999818e+02 3.537999999999999812e+00 2.040000000000000036e+00
5.176200000000000045e+02 3.547000000000000153e+00 2.036999999999999922e+00
5.192099999999999227e+02 3.555000000000000160e+00 2.032999999999999918e+00
5.208000000000000682e+02 3.564000000000000057e+00 2.028999999999999915e+00
5.223899999999999864e+02 3.572000000000000064e+00 2.024999999999999911e+00
5.239900000000000091e+02 3.580999999999999961e+00 2.020999999999999908e+00
5.255800000000000409e+02 3.588999999999999968e+00 2.016999999999999904e+00
5.271700000000000728e+02 3.596999999999999975e+00 2.012999999999999901e+00
5.287599999999999909e+02 3.605999999999999872e+00 2.008000000000000007e+00
5.303500000000000227e+02 3.613999999999999879e+00 2.004000000000000004e+00
5.319500000000000455e+02 3.621999999999999886e+00 2.000000000000000000e+00
5.335399999999999636e+02 3.629999999999999893e+00 1.995999999999999996e+00
5.351299999999999955e+02 3.637999999999999901e+00 1.991999999999999993e+00
5.367200000000000273e+02 3.645999999999999908e+00 1.987000000000000099e+00
5.383099999999999454e+02 3.653999999999999915e+00 1.983000000000000096e+00
5.399099999999999682e+02 3.661999999999999922e+00 1.979000000000000092e+00
5.415000000000000000e+02 3.669999999999999929e+00 1.973999999999999977e+00
5.430899999999999181e+02 3.677999999999999936e+00 1.969999999999999973e+00
5.446800000000000637e+02 3.685999999999999943e+00 1.965999999999999970e+00
5.462699999999999818e+02 3.693000000000000060e+00 1.961000000000000076e+00
5.478600000000000136e+02 3.701000000000000068e+00 1.957000000000000073e+00
5.494599999999999227e+02 3.709000000000000075e+00 1.951999999999999957e+00
5.510500000000000682e+02 3.716000000000000192e+00 1.947999999999999954e+00
5.526399999999999864e+02 3.724000000000000199e+00 1.943000000000000060e+00
5.542300000000000182e+02 3.730999999999999872e+00 1.939000000000000057e+00
5.558199999999999363e+02 3.738999999999999879e+00 1.933999999999999941e+00
5.574099999999999682e+02 3.745999999999999996e+00 1.929999999999999938e+00
5.590000000000000000e+02 3.754000000000000004e+00 1.925000000000000044e+00
5.606000000000000227e+02 3.761000000000000121e+00 1.919999999999999929e+00
5.621899999999999409e+02 3.767999999999999794e+00 1.915999999999999925e+00
5.637799999999999727e+02 3.774999999999999911e+00 1.911000000000000032e+00
5.653700000000000045e+02 3.782000000000000028e+00 1.905999999999999917e+00
5.669600000000000364e+02 3.789000000000000146e+00 1.901000000000000023e+00
5.685499999999999545e+02 3.795999999999999819e+00 1.897000000000000020e+00
5.701399999999999864e+02 3.802999999999999936e+00 1.891999999999999904e+00
5.717299999999999045e+02 3.810000000000000053e+00 1.887000000000000011e+00
5.733200000000000500e+02 3.817000000000000171e+00 1.881999999999999895e+00
5.749100000000000819e+02 3.823999999999999844e+00 1.877999999999999892e+00
5.765000000000000000e+02 3.830999999999999961e+00 1.872999999999999998e+00
5.780999999999999091e+02 3.838000000000000078e+00 1.868000000000000105e+00
5.796900000000000546e+02 3.843999999999999861e+00 1.862999999999999989e+00
5.812799999999999727e+02 3.850999999999999979e+00 1.858000000000000096e+00
5.828700000000000045e+02 3.858000000000000096e+00 1.852999999999999980e+00
5.844600000000000364e+02 3.863999999999999879e+00 1.848000000000000087e+00
5.860499999999999545e+02 3.870999999999999996e+00 1.842999999999999972e+00
5.876400000000001000e+02 3.876999999999999780e+00 1.838000000000000078e+00
5.892300000000000182e+02 3.883999999999999897e+00 1.832999999999999963e+00
5.908200000000000500e+02 3.890000000000000124e+00 1.828000000000000069e+00
5.924099999999999682e+02 3.895999999999999908e+00 1.822999999999999954e+00
5.940000000000000000e+02 3.903000000000000025e+00 1.818000000000000060e+00
5.955899999999999181e+02 3.908999999999999808e+00 1.812999999999999945e+00
5.971800000000000637e+02 3.915000000000000036e+00 1.808000000000000052e+00
5.987699999999999818e+02 3.920999999999999819e+00 1.802999999999999936e+00
6.003600000000000136e+02 3.927000000000000046e+00 1.798000000000000043e+00
6.019499999999999318e+02 3.932999999999999829e+00 1.792999999999999927e+00
6.035399999999999636e+02 3.939000000000000057e+00 1.788000000000000034e+00
6.051299999999999955e+02 3.944999999999999840e+00 1.782999999999999918e+00
6.067200000000000273e+02 3.951000000000000068e+00 1.778000000000000025e+00
6.083100000000000591e+02 3.956999999999999851e+00 1.772999999999999909e+00
6.098999999999999773e+02 3.963000000000000078e+00 1.768000000000000016e+00
6.114800000000000182e+02 3.968999999999999861e+00 1.762999999999999901e+00
6.130700000000000500e+02 3.974000000000000199e+00 1.756999999999999895e+00
6.146599999999999682e+02 3.979999999999999982e+00 1.752000000000000002e+00
6.162500000000000000e+02 3.986000000000000210e+00 1.747000000000000108e+00
6.178399999999999181e+02 3.991000000000000103e+00 1.741999999999999993e+00
6.194300000000000637e+02 3.996999999999999886e+00 1.737000000000000099e+00
6.210199999999999818e+02 4.001999999999999780e+00 1.731999999999999984e+00
6.226100000000000136e+02 4.008000000000000007e+00 1.725999999999999979e+00
6.241999999999999318e+02 4.012999999999999901e+00 1.721000000000000085e+00
6.257899999999999636e+02 4.019000000000000128e+00 1.715999999999999970e+00
6.273799999999999955e+02 4.024000000000000021e+00 1.711000000000000076e+00
6.289599999999999227e+02 4.028999999999999915e+00 1.705999999999999961e+00
6.305500000000000682e+02 4.033999999999999808e+00 1.699999999999999956e+00
6.321399999999999864e+02 4.040000000000000036e+00 1.695000000000000062e+00
6.337300000000000182e+02 4.044999999999999929e+00 1.689999999999999947e+00
6.353200000000000500e+02 4.049999999999999822e+00 1.685000000000000053e+00
6.369099999999999682e+02 4.054999999999999716e+00 1.679000000000000048e+00
6.384900000000000091e+02 4.059999999999999609e+00 1.673999999999999932e+00
6.400799999999999272e+02 4.065000000000000391e+00 1.669000000000000039e+00
6.416699999999999591e+02 4.070000000000000284e+00 1.663999999999999924e+00
6.432600000000001046e+02 4.075000000000000178e+00 1.657999999999999918e+00
6.448500000000000227e+02 4.080000000000000071e+00 1.653000000000000025e+00
6.464299999999999500e+02 4.084999999999999964e+00 1.647999999999999909e+00
6.480200000000000955e+02 4.089000000000000412e+00 1.641999999999999904e+00
6.496100000000000136e+02 4.094000000000000306e+00 1.637000000000000011e+00
6.512000000000000455e+02 4.099000000000000199e+00 1.631999999999999895e+00
6.527899999999999636e+02 4.102999999999999758e+00 1.627000000000000002e+00
6.543700000000000045e+02 4.107999999999999652e+00 1.620999999999999996e+00
6.559600000000000364e+02 4.113000000000000433e+00 1.616000000000000103e+00
6.575499999999999545e+02 4.116999999999999993e+00 1.610999999999999988e+00
6.591399999999999864e+02 4.121999999999999886e+00 1.604999999999999982e+00
6.607200000000000273e+02 4.126000000000000334e+00 1.600000000000000089e+00
6.623099999999999454e+02 4.131000000000000227e+00 1.594999999999999973e+00
6.639000000000000909e+02 4.134999999999999787e+00 1.590000000000000080e+00
6.654799999999999045e+02 4.139000000000000234e+00 1.584000000000000075e+00
6.670700000000000500e+02 4.144000000000000128e+00 1.578999999999999959e+00
6.686600000000000819e+02 4.147999999999999687e+00 1.574000000000000066e+00
6.702399999999998954e+02 4.152000000000000135e+00 1.568000000000000060e+00
6.718300000000000409e+02 4.155999999999999694e+00 1.562999999999999945e+00
6.734200000000000728e+02 4.160999999999999588e+00 1.558000000000000052e+00
6.750000000000000000e+02 4.165000000000000036e+00 1.552000000000000046e+00
6.765900000000000318e+02 4.168999999999999595e+00 1.546999999999999931e+00
6.781799999999999500e+02 4.173000000000000043e+00 1.542000000000000037e+00
6.797599999999999909e+02 4.176999999999999602e+00 1.536999999999999922e+00
6.813500000000000227e+02 4.181000000000000050e+00 1.530999999999999917e+00
6.829399999999999409e+02 4.184999999999999609e+00 1.526000000000000023e+00
6.845199999999999818e+02 4.189000000000000057e+00 1.520999999999999908e+00
6.861100000000000136e+02 4.192999999999999616e+00 1.514999999999999902e+00
6.876900000000000546e+02 4.195999999999999730e+00 1.510000000000000009e+00
6.892799999999999727e+02 4.200000000000000178e+00 1.504999999999999893e+00
6.908700000000000045e+02 4.203999999999999737e+00 1.499000000000000110e+00
6.924500000000000455e+02 4.208000000000000185e+00 1.493999999999999995e+00
6.940399999999999636e+02 4.211000000000000298e+00 1.489000000000000101e+00
6.956200000000000045e+02 4.214999999999999858e+00 1.483999999999999986e+00
6.972100000000000364e+02 4.219000000000000306e+00 1.477999999999999980e+00
6.987900000000000773e+02 4.222000000000000419e+00 1.473000000000000087e+00
7.003799999999999955e+02 4.225999999999999979e+00 1.467999999999999972e+00
7.019600000000000364e+02 4.229000000000000092e+00 1.463000000000000078e+00
7.035499999999999545e+02 4.232999999999999652e+00 1.457000000000000073e+00
7.051299999999999955e+02 4.235999999999999766e+00 1.451999999999999957e+00
7.067200000000000273e+02 4.240000000000000213e+00 1.447000000000000064e+00
7.083000000000000682e+02 4.243000000000000327e+00 1.441999999999999948e+00
7.098899999999999864e+02 4.246000000000000441e+00 1.435999999999999943e+00
7.114700000000000273e+02 4.250000000000000000e+00 1.431000000000000050e+00
7.130600000000000591e+02 4.253000000000000114e+00 1.425999999999999934e+00
7.146400000000001000e+02 4.256000000000000227e+00 1.421000000000000041e+00
7.162300000000000182e+02 4.259000000000000341e+00 1.415000000000000036e+00
7.178099999999999454e+02 4.262999999999999901e+00 1.409999999999999920e+00
7.193899999999999864e+02 4.266000000000000014e+00 1.405000000000000027e+00
7.209799999999999045e+02 4.269000000000000128e+00 1.399999999999999911e+00
7.225599999999999454e+02 4.272000000000000242e+00 1.393999999999999906e+00
7.241499999999999773e+02 4.275000000000000355e+00 1.389000000000000012e+00
7.257300000000000182e+02 4.277999999999999581e+00 1.383999999999999897e+00
7.273100000000000591e+02 4.280999999999999694e+00 1.379000000000000004e+00
7.288999999999999773e+02 4.283999999999999808e+00 1.374000000000000110e+00
7.304800000000000182e+02 4.286999999999999922e+00 1.368000000000000105e+00
7.320700000000000500e+02 4.290000000000000036e+00 1.362999999999999989e+00
7.336499999999999773e+02 4.293000000000000149e+00 1.358000000000000096e+00
7.352300000000000182e+02 4.294999999999999929e+00 1.352999999999999980e+00
7.368099999999999454e+02 4.298000000000000043e+00 1.348000000000000087e+00
7.383999999999999773e+02 4.301000000000000156e+00 1.342999999999999972e+00
7.399800000000000182e+02 4.304000000000000270e+00 1.338000000000000078e+00
7.415599999999999454e+02 4.306000000000000050e+00 1.332000000000000073e+00
7.431499999999999773e+02 4.309000000000000163e+00 1.326999999999999957e+00
7.447300000000000182e+02 4.312000000000000277e+00 1.322000000000000064e+00
7.463100000000000591e+02 4.314000000000000057e+00 1.316999999999999948e+00
7.478900000000001000e+02 4.317000000000000171e+00 1.312000000000000055e+00
7.494800000000000182e+02 4.320000000000000284e+00 1.306999999999999940e+00
7.510599999999999454e+02 4.322000000000000064e+00 1.302000000000000046e+00
7.526399999999999864e+02 4.325000000000000178e+00 1.296999999999999931e+00
7.542200000000000273e+02 4.326999999999999957e+00 1.292000000000000037e+00
7.558099999999999454e+02 4.330000000000000071e+00 1.286000000000000032e+00
7.573899999999999864e+02 4.331999999999999851e+00 1.280999999999999917e+00
7.589700000000000273e+02 4.333999999999999631e+00 1.276000000000000023e+00
7.605499999999999545e+02 4.336999999999999744e+00 1.270999999999999908e+00
7.621299999999999955e+02 4.339000000000000412e+00 1.266000000000000014e+00
7.637100000000000364e+02 4.341000000000000192e+00 1.260999999999999899e+00
7.652999999999999545e+02 4.344000000000000306e+00 1.256000000000000005e+00
7.668799999999999955e+02 4.346000000000000085e+00 1.250999999999999890e+00
7.684600000000000364e+02 4.347999999999999865e+00 1.245999999999999996e+00
7.700399999999999636e+02 4.349999999999999645e+00 1.241000000000000103e+00
7.716200000000000045e+02 4.352999999999999758e+00 1.235999999999999988e+00
7.732000000000000455e+02 4.355000000000000426e+00 1.231000000000000094e+00
7.747799999999999727e+02 4.357000000000000206e+00 1.225999999999999979e+00
7.763600000000000136e+02 4.358999999999999986e+00 1.221000000000000085e+00
7.779399999999999409e+02 4.360999999999999766e+00 1.215999999999999970e+00
7.795199999999999818e+02 4.363000000000000433e+00 1.211000000000000076e+00
7.811000000000000227e+02 4.365000000000000213e+00 1.205999999999999961e+00
7.826899999999999409e+02 4.366999999999999993e+00 1.201999999999999957e+00
7.842699999999999818e+02 4.368999999999999773e+00 1.197000000000000064e+00
7.858500000000000227e+02 4.371000000000000441e+00 1.191999999999999948e+00
7.874299999999999500e+02 4.373000000000000220e+00 1.187000000000000055e+00
7.890099999999999909e+02 4.375000000000000000e+00 1.181999999999999940e+00
7.905900000000000318e+02 4.376999999999999780e+00 1.177000000000000046e+00
7.921599999999999682e+02 4.378999999999999559e+00 1.171999999999999931e+00
7.937400000000000091e+02 4.379999999999999893e+00 1.167000000000000037e+00
7.953200000000000500e+02 4.381999999999999673e+00 1.161999999999999922e+00
7.969000000000000909e+02 4.384000000000000341e+00 1.157999999999999918e+00
7.984800000000000182e+02 4.386000000000000121e+00 1.153000000000000025e+00
8.000599999999999454e+02 4.386999999999999567e+00 1.147999999999999909e+00
8.016399999999999864e+02 4.389000000000000234e+00 1.143000000000000016e+00
8.032200000000000273e+02 4.391000000000000014e+00 1.137999999999999901e+00
8.047999999999999545e+02 4.392000000000000348e+00 1.133000000000000007e+00
8.063799999999999955e+02 4.394000000000000128e+00 1.129000000000000004e+00
8.079600000000000364e+02 4.395999999999999908e+00 1.124000000000000110e+00
8.095299999999999727e+02 4.397000000000000242e+00 1.118999999999999995e+00
8.111100000000000136e+02 4.399000000000000021e+00 1.114000000000000101e+00
8.126900000000000546e+02 4.400000000000000355e+00 1.110000000000000098e+00
8.142700000000000955e+02 4.402000000000000135e+00 1.104999999999999982e+00
8.158499999999999091e+02 4.402999999999999581e+00 1.100000000000000089e+00
8.174200000000000728e+02 4.405000000000000249e+00 1.094999999999999973e+00
8.190000000000000000e+02 4.405999999999999694e+00 1.090999999999999970e+00
8.205799999999999272e+02 4.408000000000000362e+00 1.086000000000000076e+00
8.221599999999999682e+02 4.408999999999999808e+00 1.080999999999999961e+00
8.237300000000000182e+02 4.410999999999999588e+00 1.076999999999999957e+00
8.253099999999999454e+02 4.411999999999999922e+00 1.072000000000000064e+00
8.268899999999999864e+02 4.413000000000000256e+00 1.066999999999999948e+00
8.284700000000000273e+02 4.415000000000000036e+00 1.062999999999999945e+00
8.300399999999999636e+02 4.416000000000000369e+00 1.058000000000000052e+00
8.316200000000000045e+02 4.416999999999999815e+00 1.052999999999999936e+00
8.332000000000000455e+02 4.418000000000000149e+00 1.048999999999999932e+00
8.347699999999999818e+02 4.419999999999999929e+00 1.044000000000000039e+00
8.363500000000000227e+02 4.421000000000000263e+00 1.040000000000000036e+00
8.379299999999999500e+02 4.421999999999999709e+00 1.034999999999999920e+00
8.395000000000000000e+02 4.423000000000000043e+00 1.030999999999999917e+00
8.410800000000000409e+02 4.424000000000000377e+00 1.026000000000000023e+00
8.426599999999999682e+02 4.426000000000000156e+00 1.020999999999999908e+00
8.442300000000000182e+02 4.426999999999999602e+00 1.016999999999999904e+00
8.458099999999999454e+02 4.427999999999999936e+00 1.012000000000000011e+00
8.473799999999999955e+02 4.429000000000000270e+00 1.008000000000000007e+00
8.489600000000000364e+02 4.429999999999999716e+00 1.002999999999999892e+00
8.505299999999999727e+02 4.431000000000000050e+00 9.989999999999999991e-01
8.521100000000000136e+02 4.432000000000000384e+00 9.939999999999999947e-01
8.536799999999999500e+02 4.432999999999999829e+00 9.899999999999999911e-01
8.552599999999999909e+02 4.434000000000000163e+00 9.849999999999999867e-01
8.568299999999999272e+02 4.434999999999999609e+00 9.809999999999999831e-01
8.584099999999999682e+02 4.435999999999999943e+00 9.769999999999999796e-01
8.599800000000000182e+02 4.437000000000000277e+00 9.719999999999999751e-01
8.615599999999999454e+02 4.437999999999999723e+00 9.679999999999999716e-01
8.631299999999999955e+02 4.439000000000000057e+00 9.629999999999999671e-01
8.647099999999999227e+02 4.440000000000000391e+00 9.589999999999999636e-01
8.662800000000000864e+02 4.440000000000000391e+00 9.549999999999999600e-01
8.678500000000000227e+02 4.440999999999999837e+00 9.499999999999999556e-01
8.694300000000000637e+02 4.442000000000000171e+00 9.459999999999999520e-01
8.710000000000000000e+02 4.442999999999999616e+00 9.409999999999999476e-01
8.725800000000000409e+02 4.443999999999999950e+00 9.370000000000000551e-01
8.741499999999999773e+02 4.443999999999999950e+00 9.330000000000000515e-01
8.757200000000000273e+02 4.445000000000000284e+00 9.280000000000000471e-01
8.772999999999999545e+02 4.445999999999999730e+00 9.240000000000000435e-01
8.788700000000000045e+02 4.447000000000000064e+00 9.200000000000000400e-01
8.804400000000000546e+02 4.447000000000000064e+00 9.160000000000000364e-01
8.820199999999999818e+02 4.448000000000000398e+00 9.110000000000000320e-01
8.835900000000000318e+02 4.448999999999999844e+00 9.070000000000000284e-01
8.851599999999999682e+02 4.448999999999999844e+00 9.030000000000000249e-01
8.867300000000000182e+02 4.450000000000000178e+00 8.990000000000000213e-01
8.883100000000000591e+02 4.450999999999999623e+00 8.940000000000000169e-01
8.898799999999999955e+02 4.450999999999999623e+00 8.900000000000000133e-01
8.914499999999999318e+02 4.451999999999999957e+00 8.860000000000000098e-01
8.930199999999999818e+02 4.451999999999999957e+00 8.820000000000000062e-01
8.945900000000000318e+02 4.453000000000000291e+00 8.780000000000000027e-01
8.961700000000000728e+02 4.453000000000000291e+00 8.729999999999999982e-01
8.977400000000000091e+02 4.453999999999999737e+00 8.689999999999999947e-01
8.993100000000000591e+02 4.453999999999999737e+00 8.649999999999999911e-01
9.008799999999999955e+02 4.455000000000000071e+00 8.609999999999999876e-01
9.024499999999999318e+02 4.455000000000000071e+00 8.569999999999999840e-01
9.040200000000000955e+02 4.456000000000000405e+00 8.529999999999999805e-01
9.055900000000000318e+02 4.456000000000000405e+00 8.489999999999999769e-01
9.071599999999999682e+02 4.456999999999999851e+00 8.449999999999999734e-01
9.087400000000000091e+02 4.456999999999999851e+00 8.399999999999999689e-01
9.103099999999999454e+02 4.456999999999999851e+00 8.359999999999999654e-01
9.118799999999999955e+02 4.458000000000000185e+00 8.319999999999999618e-01
9.134499999999999318e+02 4.458000000000000185e+00 8.279999999999999583e-01
9.150199999999999818e+02 4.458999999999999631e+00 8.239999999999999547e-01
9.165900000000000318e+02 4.458999999999999631e+00 8.199999999999999512e-01
9.181599999999999682e+02 4.458999999999999631e+00 8.159999999999999476e-01
9.197300000000000182e+02 4.458999999999999631e+00 8.120000000000000551e-01
9.212999999999999545e+02 4.459999999999999964e+00 8.080000000000000515e-01
9.228600000000000136e+02 4.459999999999999964e+00 8.040000000000000480e-01
9.244299999999999500e+02 4.459999999999999964e+00 8.000000000000000444e-01
9.260000000000000000e+02 4.461000000000000298e+00 7.960000000000000409e-01
9.275700000000000500e+02 4.461000000000000298e+00 7.920000000000000373e-01
9.291399999999999864e+02 4.461000000000000298e+00 7.890000000000000346e-01
9.307100000000000364e+02 4.461000000000000298e+00 7.850000000000000311e-01
9.322799999999999727e+02 4.461000000000000298e+00 7.810000000000000275e-01
9.338499999999999091e+02 4.461999999999999744e+00 7.770000000000000240e-01
9.354099999999999682e+02 4.461999999999999744e+00 7.730000000000000204e-01
9.369800000000000182e+02 4.461999999999999744e+00 7.690000000000000169e-01
9.385499999999999545e+02 4.461999999999999744e+00 7.650000000000000133e-01
9.401200000000000045e+02 4.461999999999999744e+00 7.610000000000000098e-01
9.416900000000000546e+02 4.461999999999999744e+00 7.580000000000000071e-01
9.432500000000000000e+02 4.461999999999999744e+00 7.540000000000000036e-01
9.448199999999999363e+02 4.463000000000000078e+00 7.500000000000000000e-01
9.463899999999999864e+02 4.463000000000000078e+00 7.459999999999999964e-01
9.479600000000000364e+02 4.463000000000000078e+00 7.419999999999999929e-01
9.495199999999999818e+02 4.463000000000000078e+00 7.389999999999999902e-01
9.510900000000000318e+02 4.463000000000000078e+00 7.349999999999999867e-01
9.526599999999999682e+02 4.463000000000000078e+00 7.309999999999999831e-01
9.542199999999999136e+02 4.463000000000000078e+00 7.269999999999999796e-01
9.557900000000000773e+02 4.463000000000000078e+00 7.239999999999999769e-01
9.573600000000000136e+02 4.463000000000000078e+00 7.199999999999999734e-01
9.589199999999999591e+02 4.463000000000000078e+00 7.159999999999999698e-01
9.604900000000000091e+02 4.463000000000000078e+00 7.119999999999999662e-01
9.620499999999999545e+02 4.463000000000000078e+00 7.089999999999999636e-01
9.636200000000000045e+02 4.463000000000000078e+00 7.049999999999999600e-01
9.651800000000000637e+02 4.463000000000000078e+00 7.009999999999999565e-01
9.667500000000000000e+02 4.463000000000000078e+00 6.979999999999999538e-01
9.683199999999999363e+02 4.461999999999999744e+00 6.939999999999999503e-01
9.698799999999999955e+02 4.461999999999999744e+00 6.909999999999999476e-01
9.714500000000000455e+02 4.461999999999999744e+00 6.870000000000000551e-01
9.730099999999999909e+02 4.461999999999999744e+00 6.830000000000000515e-01
9.745700000000000500e+02 4.461999999999999744e+00 6.800000000000000488e-01
9.761399999999999864e+02 4.461999999999999744e+00 6.760000000000000453e-01
9.777000000000000455e+02 4.461999999999999744e+00 6.730000000000000426e-01
9.792699999999999818e+02 4.461000000000000298e+00 6.690000000000000391e-01
9.808299999999999272e+02 4.461000000000000298e+00 6.650000000000000355e-01
9.824000000000000909e+02 4.461000000000000298e+00 6.620000000000000329e-01
9.839599999999999227e+02 4.461000000000000298e+00 6.580000000000000293e-01
9.855199999999999818e+02 4.461000000000000298e+00 6.550000000000000266e-01
9.870900000000000318e+02 4.459999999999999964e+00 6.510000000000000231e-01
9.886499999999999773e+02 4.459999999999999964e+00 6.480000000000000204e-01
9.902100000000000364e+02 4.459999999999999964e+00 6.440000000000000169e-01
9.917700000000000955e+02 4.459999999999999964e+00 6.410000000000000142e-01
9.933400000000000318e+02 4.458999999999999631e+00 6.370000000000000107e-01
9.948999999999999773e+02 4.458999999999999631e+00 6.340000000000000080e-01
9.964600000000000364e+02 4.458999999999999631e+00 6.310000000000000053e-01
9.980199999999999818e+02 4.458999999999999631e+00 6.270000000000000018e-01
9.995900000000000318e+02 4.458000000000000185e+00 6.239999999999999991e-01
1.011500000000000114e+03 4.456000000000000405e+00 5.979999999999999760e-01
1.014899999999999864e+03 4.455000000000000071e+00 5.909999999999999698e-01
1.018299999999999955e+03 4.453999999999999737e+00 5.839999999999999636e-01
1.021800000000000068e+03 4.453000000000000291e+00 5.769999999999999574e-01
1.025199999999999818e+03 4.451999999999999957e+00 5.689999999999999503e-01
1.028599999999999909e+03 4.450999999999999623e+00 5.620000000000000551e-01
1.032000000000000000e+03 4.450000000000000178e+00 5.550000000000000488e-01
1.035400000000000091e+03 4.448999999999999844e+00 5.490000000000000435e-01
1.038799999999999955e+03 4.448000000000000398e+00 5.420000000000000373e-01
1.042200000000000045e+03 4.445999999999999730e+00 5.350000000000000311e-01
1.045600000000000136e+03 4.445000000000000284e+00 5.280000000000000249e-01
1.049099999999999909e+03 4.443999999999999950e+00 5.210000000000000187e-01
1.052500000000000000e+03 4.442999999999999616e+00 5.150000000000000133e-01
1.055900000000000091e+03 4.440999999999999837e+00 5.080000000000000071e-01
1.059299999999999955e+03 4.440000000000000391e+00 5.020000000000000018e-01
1.062700000000000045e+03 4.437999999999999723e+00 4.949999999999999956e-01
1.066100000000000136e+03 4.437000000000000277e+00 4.889999999999999902e-01
1.069500000000000000e+03 4.434999999999999609e+00 4.819999999999999840e-01
1.073000000000000000e+03 4.434000000000000163e+00 4.759999999999999787e-01
1.076400000000000091e+03 4.432000000000000384e+00 4.689999999999999725e-01
1.079800000000000182e+03 4.431000000000000050e+00 4.630000000000000226e-01
1.083200000000000045e+03 4.429000000000000270e+00 4.570000000000000173e-01
1.086599999999999909e+03 4.427999999999999936e+00 4.510000000000000120e-01
1.090000000000000000e+03 4.426000000000000156e+00 4.450000000000000067e-01
1.093500000000000000e+03 4.424000000000000377e+00 4.390000000000000013e-01
1.096900000000000091e+03 4.421999999999999709e+00 4.319999999999999951e-01
1.100299999999999955e+03 4.421000000000000263e+00 4.259999999999999898e-01
1.103699999999999818e+03 4.418999999999999595e+00 4.209999999999999853e-01
1.107099999999999909e+03 4.416999999999999815e+00 4.149999999999999800e-01
1.110500000000000000e+03 4.415000000000000036e+00 4.089999999999999747e-01
1.114000000000000000e+03 4.413000000000000256e+00 4.030000000000000249e-01
1.117399999999999864e+03 4.410999999999999588e+00 3.970000000000000195e-01
1.120799999999999955e+03 4.408999999999999808e+00 3.920000000000000151e-01
1.124200000000000045e+03 4.407000000000000028e+00 3.860000000000000098e-01
1.127599999999999909e+03 4.405000000000000249e+00 3.800000000000000044e-01
1.131099999999999909e+03 4.402999999999999581e+00 3.750000000000000000e-01
1.134500000000000000e+03 4.400999999999999801e+00 3.689999999999999947e-01
1.137899999999999864e+03 4.399000000000000021e+00 3.639999999999999902e-01
1.141299999999999955e+03 4.397000000000000242e+00 3.579999999999999849e-01
1.144700000000000045e+03 4.394999999999999574e+00 3.529999999999999805e-01
1.148200000000000045e+03 4.392999999999999794e+00 3.479999999999999760e-01
1.151599999999999909e+03 4.391000000000000014e+00 3.420000000000000262e-01
1.155000000000000000e+03 4.387999999999999901e+00 3.370000000000000218e-01
1.158400000000000091e+03 4.386000000000000121e+00 3.320000000000000173e-01
1.161899999999999864e+03 4.384000000000000341e+00 3.270000000000000129e-01
1.165299999999999955e+03 4.381999999999999673e+00 3.220000000000000084e-01
1.168700000000000045e+03 4.378999999999999559e+00 3.170000000000000040e-01
1.172099999999999909e+03 4.376999999999999780e+00 3.119999999999999996e-01
1.175599999999999909e+03 4.375000000000000000e+00 3.069999999999999951e-01
1.179000000000000000e+03 4.371999999999999886e+00 3.019999999999999907e-01
1.182399999999999864e+03 4.370000000000000107e+00 2.969999999999999862e-01
1.185799999999999955e+03 4.368000000000000327e+00 2.919999999999999818e-01
1.189299999999999955e+03 4.365000000000000213e+00 2.869999999999999774e-01
1.192700000000000045e+03 4.363000000000000433e+00 2.829999999999999738e-01
1.196099999999999909e+03 4.360000000000000320e+00 2.780000000000000249e-01
1.199500000000000000e+03 4.357999999999999652e+00 2.730000000000000204e-01
1.203000000000000000e+03 4.355999999999999872e+00 2.690000000000000169e-01
1.206399999999999864e+03 4.352999999999999758e+00 2.640000000000000124e-01
1.209799999999999955e+03 4.350999999999999979e+00 2.600000000000000089e-01
1.213200000000000045e+03 4.347999999999999865e+00 2.550000000000000044e-01
1.216699999999999818e+03 4.344999999999999751e+00 2.510000000000000009e-01
1.220099999999999909e+03 4.342999999999999972e+00 2.459999999999999964e-01
1.223500000000000000e+03 4.339999999999999858e+00 2.419999999999999929e-01
1.227000000000000000e+03 4.338000000000000078e+00 2.379999999999999893e-01
1.230399999999999864e+03 4.334999999999999964e+00 2.330000000000000127e-01
1.233799999999999955e+03 4.333000000000000185e+00 2.290000000000000091e-01
1.237299999999999955e+03 4.330000000000000071e+00 2.250000000000000056e-01
1.240699999999999818e+03 4.326999999999999957e+00 2.210000000000000020e-01
1.244099999999999909e+03 4.325000000000000178e+00 2.169999999999999984e-01
1.247500000000000000e+03 4.322000000000000064e+00 2.129999999999999949e-01
1.251000000000000000e+03 4.318999999999999950e+00 2.089999999999999913e-01
1.254399999999999864e+03 4.317000000000000171e+00 2.049999999999999878e-01
1.257799999999999955e+03 4.314000000000000057e+00 2.010000000000000120e-01
1.261300000000000182e+03 4.310999999999999943e+00 1.970000000000000084e-01
1.264700000000000045e+03 4.307999999999999829e+00 1.930000000000000049e-01
1.268099999999999909e+03 4.306000000000000050e+00 1.890000000000000013e-01
1.271600000000000136e+03 4.302999999999999936e+00 1.859999999999999987e-01
1.275000000000000000e+03 4.299999999999999822e+00 1.819999999999999951e-01
1.278400000000000091e+03 4.296999999999999709e+00 1.779999999999999916e-01
1.281900000000000091e+03 4.294999999999999929e+00 1.749999999999999889e-01
1.285300000000000182e+03 4.291999999999999815e+00 1.710000000000000131e-01
1.288700000000000045e+03 4.288999999999999702e+00 1.680000000000000104e-01
1.292200000000000045e+03 4.285999999999999588e+00 1.640000000000000069e-01
1.295600000000000136e+03 4.283999999999999808e+00 1.610000000000000042e-01
1.299000000000000000e+03 4.280999999999999694e+00 1.570000000000000007e-01
1.302500000000000000e+03 4.277999999999999581e+00 1.539999999999999980e-01
1.305900000000000091e+03 4.275000000000000355e+00 1.499999999999999944e-01
1.309399999999999864e+03 4.272000000000000242e+00 1.469999999999999918e-01
1.312799999999999955e+03 4.269000000000000128e+00 1.439999999999999891e-01
1.316200000000000045e+03 4.267000000000000348e+00 1.409999999999999865e-01
1.319700000000000045e+03 4.264000000000000234e+00 1.380000000000000115e-01
1.323099999999999909e+03 4.261000000000000121e+00 1.340000000000000080e-01
1.326500000000000000e+03 4.258000000000000007e+00 1.310000000000000053e-01
1.330000000000000000e+03 4.254999999999999893e+00 1.280000000000000027e-01
1.333399999999999864e+03 4.251999999999999780e+00 1.250000000000000000e-01
1.336900000000000091e+03 4.248999999999999666e+00 1.219999999999999973e-01
1.340299999999999955e+03 4.246000000000000441e+00 1.189999999999999947e-01
1.343699999999999818e+03 4.243999999999999773e+00 1.160000000000000059e-01
1.347200000000000045e+03 4.240999999999999659e+00 1.130000000000000032e-01
1.350599999999999909e+03 4.238000000000000433e+00 1.110000000000000014e-01
1.354100000000000136e+03 4.235000000000000320e+00 1.079999999999999988e-01
1.357500000000000000e+03 4.232000000000000206e+00 1.049999999999999961e-01
1.360900000000000091e+03 4.229000000000000092e+00 1.019999999999999934e-01
1.364400000000000091e+03 4.225999999999999979e+00 1.000000000000000056e-01
1.367799999999999955e+03 4.222999999999999865e+00 9.700000000000000289e-02
1.371299999999999955e+03 4.219999999999999751e+00 9.400000000000000022e-02
1.374700000000000045e+03 4.216999999999999638e+00 9.199999999999999845e-02
1.378200000000000045e+03 4.214999999999999858e+00 8.899999999999999578e-02
1.381599999999999909e+03 4.211999999999999744e+00 8.699999999999999400e-02
1.385000000000000000e+03 4.208999999999999631e+00 8.400000000000000522e-02
1.388500000000000000e+03 4.206000000000000405e+00 8.200000000000000344e-02
1.391899999999999864e+03 4.203000000000000291e+00 8.000000000000000167e-02
1.395399999999999864e+03 4.200000000000000178e+00 7.699999999999999900e-02
1.398799999999999955e+03 4.197000000000000064e+00 7.499999999999999722e-02
1.402300000000000182e+03 4.193999999999999950e+00 7.299999999999999545e-02
1.405700000000000045e+03 4.190999999999999837e+00 7.099999999999999367e-02
1.409200000000000045e+03 4.187999999999999723e+00 6.800000000000000488e-02
1.412600000000000136e+03 4.184999999999999609e+00 6.600000000000000311e-02
1.416000000000000000e+03 4.182000000000000384e+00 6.400000000000000133e-02
1.419500000000000000e+03 4.179999999999999716e+00 6.199999999999999956e-02
1.422900000000000091e+03 4.176999999999999602e+00 5.999999999999999778e-02
1.426399999999999864e+03 4.174000000000000377e+00 5.800000000000000294e-02
1.429799999999999955e+03 4.171000000000000263e+00 5.600000000000000117e-02
1.433299999999999955e+03 4.168000000000000149e+00 5.399999999999999939e-02
1.436700000000000045e+03 4.165000000000000036e+00 5.199999999999999761e-02
1.440199999999999818e+03 4.161999999999999922e+00 5.000000000000000278e-02
1.443599999999999909e+03 4.158999999999999808e+00 4.800000000000000100e-02
1.447100000000000136e+03 4.155999999999999694e+00 4.700000000000000011e-02
1.450500000000000000e+03 4.152999999999999581e+00 4.499999999999999833e-02
1.454000000000000000e+03 4.150999999999999801e+00 4.299999999999999656e-02
1.457400000000000091e+03 4.147999999999999687e+00 4.100000000000000172e-02
1.460900000000000091e+03 4.144999999999999574e+00 4.000000000000000083e-02
1.464299999999999955e+03 4.142000000000000348e+00 3.799999999999999906e-02
1.467799999999999955e+03 4.139000000000000234e+00 3.699999999999999817e-02
1.471200000000000045e+03 4.136000000000000121e+00 3.500000000000000333e-02
1.474699999999999818e+03 4.133000000000000007e+00 3.400000000000000244e-02
1.478099999999999909e+03 4.131000000000000227e+00 3.200000000000000067e-02
1.481600000000000136e+03 4.128000000000000114e+00 3.099999999999999978e-02
1.485000000000000000e+03 4.125000000000000000e+00 2.900000000000000147e-02
1.488500000000000000e+03 4.121999999999999886e+00 2.800000000000000058e-02
1.491900000000000091e+03 4.118999999999999773e+00 2.599999999999999881e-02
1.495400000000000091e+03 4.116999999999999993e+00 2.500000000000000139e-02
1.498799999999999955e+03 4.113999999999999879e+00 2.400000000000000050e-02
1.502299999999999955e+03 4.110999999999999766e+00 2.299999999999999961e-02
1.505700000000000045e+03 4.107999999999999652e+00 2.100000000000000130e-02
1.509200000000000045e+03 4.105000000000000426e+00 2.000000000000000042e-02
1.512700000000000045e+03 4.102999999999999758e+00 1.899999999999999953e-02
1.516099999999999909e+03 4.099999999999999645e+00 1.799999999999999864e-02
1.519600000000000136e+03 4.097000000000000419e+00 1.700000000000000122e-02
1.523000000000000000e+03 4.094999999999999751e+00 1.600000000000000033e-02
1.526500000000000000e+03 4.091999999999999638e+00 1.499999999999999944e-02
1.529900000000000091e+03 4.089000000000000412e+00 1.400000000000000029e-02
1.533400000000000091e+03 4.086000000000000298e+00 1.299999999999999940e-02
1.536799999999999955e+03 4.083999999999999631e+00 1.200000000000000025e-02
1.540299999999999955e+03 4.081000000000000405e+00 1.099999999999999936e-02
1.543799999999999955e+03 4.078999999999999737e+00 1.000000000000000021e-02
1.547199999999999818e+03 4.075999999999999623e+00 1.000000000000000021e-02
1.550700000000000045e+03 4.073000000000000398e+00 8.999999999999999320e-03
1.554100000000000136e+03 4.070999999999999730e+00 8.000000000000000167e-03
1.557600000000000136e+03 4.067999999999999616e+00 7.000000000000000146e-03
1.561000000000000000e+03 4.065999999999999837e+00 7.000000000000000146e-03
1.564500000000000000e+03 4.062999999999999723e+00 6.000000000000000125e-03
1.568000000000000000e+03 4.059999999999999609e+00 6.000000000000000125e-03
1.571399999999999864e+03 4.057999999999999829e+00 5.000000000000000104e-03
1.574899999999999864e+03 4.054999999999999716e+00 4.000000000000000083e-03
1.578299999999999955e+03 4.052999999999999936e+00 4.000000000000000083e-03
1.581800000000000182e+03 4.051000000000000156e+00 3.000000000000000062e-03
1.585299999999999955e+03 4.048000000000000043e+00 3.000000000000000062e-03
1.588700000000000045e+03 4.046000000000000263e+00 3.000000000000000062e-03
1.592200000000000045e+03 4.043000000000000149e+00 2.000000000000000042e-03
1.595699999999999818e+03 4.041000000000000369e+00 2.000000000000000042e-03
1.599099999999999909e+03 4.038999999999999702e+00 1.000000000000000021e-03
1.602600000000000136e+03 4.035999999999999588e+00 1.000000000000000021e-03
1.606000000000000000e+03 4.033999999999999808e+00 1.000000000000000021e-03
1.609500000000000000e+03 4.032000000000000028e+00 1.000000000000000021e-03
1.613000000000000000e+03 4.028999999999999915e+00 1.000000000000000021e-03
1.616400000000000091e+03 4.027000000000000135e+00 0.000000000000000000e+00
1.619899999999999864e+03 4.025000000000000355e+00 0.000000000000000000e+00
1.623399999999999864e+03 4.022999999999999687e+00 0.000000000000000000e+00
1.626799999999999955e+03 4.020999999999999908e+00 0.000000000000000000e+00
1.630300000000000182e+03 4.019000000000000128e+00 0.000000000000000000e+00
1.633699999999999818e+03 4.017000000000000348e+00 0.000000000000000000e+00
1.637200000000000045e+03 4.014999999999999680e+00 0.000000000000000000e+00
1.640700000000000045e+03 4.012999999999999901e+00 0.000000000000000000e+00
1.644099999999999909e+03 4.011000000000000121e+00 0.000000000000000000e+00
1.647599999999999909e+03 4.009000000000000341e+00 0.000000000000000000e+00
1.651099999999999909e+03 4.006999999999999673e+00 0.000000000000000000e+00
1.654500000000000000e+03 4.006000000000000227e+00 0.000000000000000000e+00
1.658000000000000000e+03 4.003999999999999559e+00 0.000000000000000000e+00
1.661500000000000000e+03 4.001999999999999780e+00 0.000000000000000000e+00
1.664900000000000091e+03 4.000000000000000000e+00 0.000000000000000000e+00
1.668400000000000091e+03 3.999000000000000110e+00 0.000000000000000000e+00
1.671899999999999864e+03 3.996999999999999886e+00 0.000000000000000000e+00
1.675400000000000091e+03 3.995000000000000107e+00 0.000000000000000000e+00
1.678800000000000182e+03 3.994000000000000217e+00 0.000000000000000000e+00
1.682299999999999955e+03 3.991999999999999993e+00 0.000000000000000000e+00
1.685799999999999955e+03 3.991000000000000103e+00 0.000000000000000000e+00
1.689200000000000045e+03 3.988999999999999879e+00 0.000000000000000000e+00
1.690000000000000000e+03 3.988999999999999879e+00 0.000000000000000000e+00
1.700000000000000000e+03 3.984999999999999876e+00 0.000000000000000000e+00
1.709799999999999955e+03 3.979999999999999982e+00 0.000000000000000000e+00
1.720000000000000000e+03 3.975999999999999979e+00 0.000000000000000000e+00
1.729700000000000045e+03 3.972999999999999865e+00 0.000000000000000000e+00
1.739900000000000091e+03 3.968999999999999861e+00 0.000000000000000000e+00
1.749900000000000091e+03 3.964999999999999858e+00 0.000000000000000000e+00
1.760000000000000000e+03 3.960999999999999854e+00 0.000000000000000000e+00
1.769900000000000091e+03 3.958000000000000185e+00 0.000000000000000000e+00
1.779900000000000091e+03 3.955000000000000071e+00 0.000000000000000000e+00
1.789799999999999955e+03 3.951000000000000068e+00 0.000000000000000000e+00
1.799700000000000045e+03 3.947999999999999954e+00 0.000000000000000000e+00
1.809700000000000045e+03 3.944999999999999840e+00 0.000000000000000000e+00
1.819900000000000091e+03 3.942000000000000171e+00 0.000000000000000000e+00
1.829900000000000091e+03 3.939000000000000057e+00 0.000000000000000000e+00
1.839900000000000091e+03 3.935999999999999943e+00 0.000000000000000000e+00
1.849800000000000182e+03 3.934000000000000163e+00 0.000000000000000000e+00
1.859699999999999818e+03 3.931000000000000050e+00 0.000000000000000000e+00
1.869799999999999955e+03 3.927999999999999936e+00 0.000000000000000000e+00
1.880000000000000000e+03 3.926000000000000156e+00 0.000000000000000000e+00
1.889899999999999864e+03 3.923000000000000043e+00 0.000000000000000000e+00
1.899899999999999864e+03 3.920999999999999819e+00 0.000000000000000000e+00
1.909700000000000045e+03 3.918000000000000149e+00 0.000000000000000000e+00
1.920000000000000000e+03 3.915999999999999925e+00 0.000000000000000000e+00
1.930000000000000000e+03 3.914000000000000146e+00 0.000000000000000000e+00
1.939700000000000045e+03 3.911000000000000032e+00 0.000000000000000000e+00
1.949899999999999864e+03 3.908999999999999808e+00 0.000000000000000000e+00
1.959899999999999864e+03 3.907000000000000028e+00 0.000000000000000000e+00
1.970000000000000000e+03 3.904999999999999805e+00 0.000000000000000000e+00
1.979700000000000045e+03 3.903000000000000025e+00 0.000000000000000000e+00
1.990000000000000000e+03 3.900999999999999801e+00 0.000000000000000000e+00
2.000000000000000000e+03 3.899000000000000021e+00 0.000000000000000000e+00
2.009700000000000045e+03 3.896999999999999797e+00 0.000000000000000000e+00
2.019799999999999955e+03 3.895000000000000018e+00 0.000000000000000000e+00
2.029700000000000045e+03 3.892999999999999794e+00 0.000000000000000000e+00
2.039699999999999818e+03 3.891000000000000014e+00 0.000000000000000000e+00
2.049799999999999727e+03 3.888999999999999790e+00 0.000000000000000000e+00
2.060000000000000000e+03 3.887999999999999901e+00 0.000000000000000000e+00
2.069799999999999727e+03 3.886000000000000121e+00 0.000000000000000000e+00
2.079800000000000182e+03 3.883999999999999897e+00 0.000000000000000000e+00
2.089799999999999727e+03 3.883000000000000007e+00 0.000000000000000000e+00
2.099599999999999909e+03 3.880999999999999783e+00 0.000000000000000000e+00
2.109799999999999727e+03 3.879000000000000004e+00 0.000000000000000000e+00
2.119699999999999818e+03 3.878000000000000114e+00 0.000000000000000000e+00
2.129799999999999727e+03 3.875999999999999890e+00 0.000000000000000000e+00
2.139900000000000091e+03 3.875000000000000000e+00 0.000000000000000000e+00
2.149599999999999909e+03 3.873000000000000220e+00 0.000000000000000000e+00
2.159900000000000091e+03 3.871999999999999886e+00 0.000000000000000000e+00
2.169900000000000091e+03 3.870000000000000107e+00 0.000000000000000000e+00
2.179900000000000091e+03 3.869000000000000217e+00 0.000000000000000000e+00
2.189599999999999909e+03 3.866999999999999993e+00 0.000000000000000000e+00
2.199800000000000182e+03 3.866000000000000103e+00 0.000000000000000000e+00
2.209599999999999909e+03 3.865000000000000213e+00 0.000000000000000000e+00
2.219599999999999909e+03 3.862999999999999989e+00 0.000000000000000000e+00
2.229599999999999909e+03 3.862000000000000099e+00 0.000000000000000000e+00
2.239699999999999818e+03 3.861000000000000210e+00 0.000000000000000000e+00
2.249899999999999636e+03 3.859999999999999876e+00 0.000000000000000000e+00
2.259699999999999818e+03 3.858000000000000096e+00 0.000000000000000000e+00
2.269599999999999909e+03 3.857000000000000206e+00 0.000000000000000000e+00
2.279599999999999909e+03 3.855999999999999872e+00 0.000000000000000000e+00
2.289599999999999909e+03 3.854999999999999982e+00 0.000000000000000000e+00
2.299799999999999727e+03 3.854000000000000092e+00 0.000000000000000000e+00
2.309500000000000000e+03 3.853000000000000203e+00 0.000000000000000000e+00
2.319900000000000091e+03 3.850999999999999979e+00 0.000000000000000000e+00
2.329800000000000182e+03 3.850000000000000089e+00 0.000000000000000000e+00
2.339799999999999727e+03 3.849000000000000199e+00 0.000000000000000000e+00
2.349800000000000182e+03 3.847999999999999865e+00 0.000000000000000000e+00
2.360000000000000000e+03 3.846999999999999975e+00 0.000000000000000000e+00
2.369699999999999818e+03 3.846000000000000085e+00 0.000000000000000000e+00
2.379500000000000000e+03 3.845000000000000195e+00 0.000000000000000000e+00
2.389900000000000091e+03 3.843999999999999861e+00 0.000000000000000000e+00
2.399900000000000091e+03 3.842999999999999972e+00 0.000000000000000000e+00
2.409900000000000091e+03 3.842000000000000082e+00 0.000000000000000000e+00
2.419500000000000000e+03 3.841000000000000192e+00 0.000000000000000000e+00
2.429699999999999818e+03 3.839999999999999858e+00 0.000000000000000000e+00
2.440000000000000000e+03 3.838999999999999968e+00 0.000000000000000000e+00
2.449800000000000182e+03 3.838000000000000078e+00 0.000000000000000000e+00
2.459599999999999909e+03 3.837000000000000188e+00 0.000000000000000000e+00
2.469599999999999909e+03 3.835999999999999854e+00 0.000000000000000000e+00
2.479599999999999909e+03 3.835999999999999854e+00 0.000000000000000000e+00
2.489799999999999727e+03 3.834999999999999964e+00 0.000000000000000000e+00
2.500000000000000000e+03 3.834000000000000075e+00 0.000000000000000000e+00
2.509599999999999909e+03 3.833000000000000185e+00 0.000000000000000000e+00
2.519400000000000091e+03 3.831999999999999851e+00 0.000000000000000000e+00
2.529799999999999727e+03 3.830999999999999961e+00 0.000000000000000000e+00
2.539800000000000182e+03 3.830000000000000071e+00 0.000000000000000000e+00
2.549700000000000273e+03 3.830000000000000071e+00 0.000000000000000000e+00
2.559800000000000182e+03 3.829000000000000181e+00 0.000000000000000000e+00
2.570000000000000000e+03 3.827999999999999847e+00 0.000000000000000000e+00
2.579599999999999909e+03 3.826999999999999957e+00 0.000000000000000000e+00
2.589900000000000091e+03 3.826999999999999957e+00 0.000000000000000000e+00
2.599599999999999909e+03 3.826000000000000068e+00 0.000000000000000000e+00
2.609400000000000091e+03 3.825000000000000178e+00 0.000000000000000000e+00
2.620000000000000000e+03 3.823999999999999844e+00 0.000000000000000000e+00
2.629900000000000091e+03 3.823999999999999844e+00 0.000000000000000000e+00
2.640000000000000000e+03 3.822999999999999954e+00 0.000000000000000000e+00
2.649400000000000091e+03 3.822000000000000064e+00 0.000000000000000000e+00
2.659600000000000364e+03 3.822000000000000064e+00 0.000000000000000000e+00
2.669900000000000091e+03 3.821000000000000174e+00 0.000000000000000000e+00
2.679500000000000000e+03 3.819999999999999840e+00 0.000000000000000000e+00
2.690000000000000000e+03 3.819999999999999840e+00 0.000000000000000000e+00
2.699800000000000182e+03 3.818999999999999950e+00 0.000000000000000000e+00
2.709599999999999909e+03 3.818000000000000060e+00 0.000000000000000000e+00
2.719599999999999909e+03 3.818000000000000060e+00 0.000000000000000000e+00
2.729599999999999909e+03 3.817000000000000171e+00 0.000000000000000000e+00
2.739699999999999818e+03 3.815999999999999837e+00 0.000000000000000000e+00
2.749899999999999636e+03 3.815999999999999837e+00 0.000000000000000000e+00
2.759399999999999636e+03 3.814999999999999947e+00 0.000000000000000000e+00
2.769699999999999818e+03 3.814999999999999947e+00 0.000000000000000000e+00
2.779400000000000091e+03 3.814000000000000057e+00 0.000000000000000000e+00
2.789800000000000182e+03 3.813000000000000167e+00 0.000000000000000000e+00
2.799599999999999909e+03 3.813000000000000167e+00 0.000000000000000000e+00
2.809500000000000000e+03 3.811999999999999833e+00 0.000000000000000000e+00
2.819400000000000091e+03 3.811999999999999833e+00 0.000000000000000000e+00
2.829400000000000091e+03 3.810999999999999943e+00 0.000000000000000000e+00
2.839500000000000000e+03 3.810000000000000053e+00 0.000000000000000000e+00
2.849599999999999909e+03 3.810000000000000053e+00 0.000000000000000000e+00
2.859900000000000091e+03 3.809000000000000163e+00 0.000000000000000000e+00
2.869300000000000182e+03 3.809000000000000163e+00 0.000000000000000000e+00
2.879700000000000273e+03 3.807999999999999829e+00 0.000000000000000000e+00
2.889300000000000182e+03 3.807999999999999829e+00 0.000000000000000000e+00
2.899799999999999727e+03 3.806999999999999940e+00 0.000000000000000000e+00
2.909600000000000364e+03 3.806999999999999940e+00 0.000000000000000000e+00
2.919400000000000091e+03 3.806000000000000050e+00 0.000000000000000000e+00
2.929300000000000182e+03 3.806000000000000050e+00 0.000000000000000000e+00
2.939299999999999727e+03 3.805000000000000160e+00 0.000000000000000000e+00
2.949300000000000182e+03 3.805000000000000160e+00 0.000000000000000000e+00
2.959400000000000091e+03 3.803999999999999826e+00 0.000000000000000000e+00
2.969599999999999909e+03 3.803999999999999826e+00 0.000000000000000000e+00
2.979800000000000182e+03 3.802999999999999936e+00 0.000000000000000000e+00
2.989300000000000182e+03 3.802999999999999936e+00 0.000000000000000000e+00
2.999699999999999818e+03 3.802000000000000046e+00 0.000000000000000000e+00
3.009199999999999818e+03 3.802000000000000046e+00 0.000000000000000000e+00
3.019699999999999818e+03 3.802000000000000046e+00 0.000000000000000000e+00
3.029500000000000000e+03 3.801000000000000156e+00 0.000000000000000000e+00
3.039200000000000273e+03 3.801000000000000156e+00 0.000000000000000000e+00
3.049900000000000091e+03 3.799999999999999822e+00 0.000000000000000000e+00
3.059800000000000182e+03 3.799999999999999822e+00 0.000000000000000000e+00
3.069799999999999727e+03 3.798999999999999932e+00 0.000000000000000000e+00
3.079800000000000182e+03 3.798999999999999932e+00 0.000000000000000000e+00
3.089900000000000091e+03 3.798999999999999932e+00 0.000000000000000000e+00
3.099200000000000273e+03 3.798000000000000043e+00 0.000000000000000000e+00
3.109400000000000091e+03 3.798000000000000043e+00 0.000000000000000000e+00
3.119699999999999818e+03 3.797000000000000153e+00 0.000000000000000000e+00
3.129100000000000364e+03 3.797000000000000153e+00 0.000000000000000000e+00
3.139500000000000000e+03 3.797000000000000153e+00 0.000000000000000000e+00
3.149000000000000000e+03 3.795999999999999819e+00 0.000000000000000000e+00
3.159600000000000364e+03 3.795999999999999819e+00 0.000000000000000000e+00
3.169299999999999727e+03 3.794999999999999929e+00 0.000000000000000000e+00
3.179900000000000091e+03 3.794999999999999929e+00 0.000000000000000000e+00
3.189700000000000273e+03 3.794999999999999929e+00 0.000000000000000000e+00
3.199600000000000364e+03 3.794000000000000039e+00 0.000000000000000000e+00
3.209500000000000000e+03 3.794000000000000039e+00 0.000000000000000000e+00
3.219399999999999636e+03 3.793000000000000149e+00 0.000000000000000000e+00
3.229500000000000000e+03 3.793000000000000149e+00 0.000000000000000000e+00
3.239599999999999909e+03 3.793000000000000149e+00 0.000000000000000000e+00
3.249699999999999818e+03 3.791999999999999815e+00 0.000000000000000000e+00
3.259900000000000091e+03 3.791999999999999815e+00 0.000000000000000000e+00
3.269200000000000273e+03 3.791999999999999815e+00 0.000000000000000000e+00
3.279500000000000000e+03 3.790999999999999925e+00 0.000000000000000000e+00
3.289899999999999636e+03 3.790999999999999925e+00 0.000000000000000000e+00
3.299300000000000182e+03 3.790999999999999925e+00 0.000000000000000000e+00
3.309899999999999636e+03 3.790000000000000036e+00 0.000000000000000000e+00
3.319400000000000091e+03 3.790000000000000036e+00 0.000000000000000000e+00
3.329000000000000000e+03 3.790000000000000036e+00 0.000000000000000000e+00
3.339700000000000273e+03 3.789000000000000146e+00 0.000000000000000000e+00
3.349400000000000091e+03 3.789000000000000146e+00 0.000000000000000000e+00
3.359199999999999818e+03 3.789000000000000146e+00 0.000000000000000000e+00
3.369000000000000000e+03 3.787999999999999812e+00 0.000000000000000000e+00
3.380000000000000000e+03 3.787999999999999812e+00 0.000000000000000000e+00
3.389900000000000091e+03 3.787999999999999812e+00 0.000000000000000000e+00
3.399900000000000091e+03 3.786999999999999922e+00 0.000000000000000000e+00
3.408900000000000091e+03 3.786999999999999922e+00 0.000000000000000000e+00
3.419000000000000000e+03 3.786999999999999922e+00 0.000000000000000000e+00
3.429199999999999818e+03 3.786999999999999922e+00 0.000000000000000000e+00
3.439400000000000091e+03 3.786000000000000032e+00 0.000000000000000000e+00
3.449699999999999818e+03 3.786000000000000032e+00 0.000000000000000000e+00
3.458899999999999636e+03 3.786000000000000032e+00 0.000000000000000000e+00
3.469300000000000182e+03 3.785000000000000142e+00 0.000000000000000000e+00
3.479800000000000182e+03 3.785000000000000142e+00 0.000000000000000000e+00
3.489199999999999818e+03 3.785000000000000142e+00 0.000000000000000000e+00
3.499800000000000182e+03 3.785000000000000142e+00 0.000000000000000000e+00
3.509199999999999818e+03 3.783999999999999808e+00 0.000000000000000000e+00
3.520000000000000000e+03 3.783999999999999808e+00 0.000000000000000000e+00
3.529500000000000000e+03 3.783999999999999808e+00 0.000000000000000000e+00
3.539200000000000273e+03 3.783999999999999808e+00 0.000000000000000000e+00
3.548900000000000091e+03 3.782999999999999918e+00 0.000000000000000000e+00
3.559800000000000182e+03 3.782999999999999918e+00 0.000000000000000000e+00
3.569599999999999909e+03 3.782999999999999918e+00 0.000000000000000000e+00
3.579500000000000000e+03 3.782000000000000028e+00 0.000000000000000000e+00
3.589400000000000091e+03 3.782000000000000028e+00 0.000000000000000000e+00
3.599400000000000091e+03 3.782000000000000028e+00 0.000000000000000000e+00
3.609400000000000091e+03 3.782000000000000028e+00 0.000000000000000000e+00
3.619500000000000000e+03 3.781000000000000139e+00 0.000000000000000000e+00
3.629599999999999909e+03 3.781000000000000139e+00 0.000000000000000000e+00
3.639800000000000182e+03 3.781000000000000139e+00 0.000000000000000000e+00
3.648800000000000182e+03 3.781000000000000139e+00 0.000000000000000000e+00
3.659099999999999909e+03 3.779999999999999805e+00 0.000000000000000000e+00
3.669400000000000091e+03 3.779999999999999805e+00 0.000000000000000000e+00
3.679900000000000091e+03 3.779999999999999805e+00 0.000000000000000000e+00
3.689000000000000000e+03 3.779999999999999805e+00 0.000000000000000000e+00
3.699500000000000000e+03 3.779999999999999805e+00 0.000000000000000000e+00
3.708800000000000182e+03 3.778999999999999915e+00 0.000000000000000000e+00
3.719399999999999636e+03 3.778999999999999915e+00 0.000000000000000000e+00
3.728800000000000182e+03 3.778999999999999915e+00 0.000000000000000000e+00
3.739599999999999909e+03 3.778999999999999915e+00 0.000000000000000000e+00
3.749000000000000000e+03 3.778000000000000025e+00 0.000000000000000000e+00
3.759900000000000091e+03 3.778000000000000025e+00 0.000000000000000000e+00
3.769500000000000000e+03 3.778000000000000025e+00 0.000000000000000000e+00
3.779099999999999909e+03 3.778000000000000025e+00 0.000000000000000000e+00
3.788800000000000182e+03 3.778000000000000025e+00 0.000000000000000000e+00
3.799900000000000091e+03 3.777000000000000135e+00 0.000000000000000000e+00
3.809599999999999909e+03 3.777000000000000135e+00 0.000000000000000000e+00
3.819500000000000000e+03 3.777000000000000135e+00 0.000000000000000000e+00
3.829299999999999727e+03 3.777000000000000135e+00 0.000000000000000000e+00
3.839300000000000182e+03 3.775999999999999801e+00 0.000000000000000000e+00
3.849200000000000273e+03 3.775999999999999801e+00 0.000000000000000000e+00
3.859300000000000182e+03 3.775999999999999801e+00 0.000000000000000000e+00
3.869300000000000182e+03 3.775999999999999801e+00 0.000000000000000000e+00
3.879500000000000000e+03 3.775999999999999801e+00 0.000000000000000000e+00
3.889699999999999818e+03 3.774999999999999911e+00 0.000000000000000000e+00
3.899900000000000091e+03 3.774999999999999911e+00 0.000000000000000000e+00
3.908700000000000273e+03 3.774999999999999911e+00 0.000000000000000000e+00
3.919099999999999909e+03 3.774999999999999911e+00 0.000000000000000000e+00
3.929399999999999636e+03 3.774999999999999911e+00 0.000000000000000000e+00
3.939900000000000091e+03 3.774000000000000021e+00 0.000000000000000000e+00
3.948900000000000091e+03 3.774000000000000021e+00 0.000000000000000000e+00
3.959500000000000000e+03 3.774000000000000021e+00 0.000000000000000000e+00
3.968500000000000000e+03 3.774000000000000021e+00 0.000000000000000000e+00
3.979200000000000273e+03 3.774000000000000021e+00 0.000000000000000000e+00
3.989900000000000091e+03 3.774000000000000021e+00 0.000000000000000000e+00
3.999200000000000273e+03 3.773000000000000131e+00 0.000000000000000000e+00
4.010000000000000000e+03 3.773000000000000131e+00 0.000000000000000000e+00
4.019300000000000182e+03 3.773000000000000131e+00 0.000000000000000000e+00
4.028699999999999818e+03 3.773000000000000131e+00 0.000000000000000000e+00
4.039699999999999818e+03 3.773000000000000131e+00 0.000000000000000000e+00
4.049100000000000364e+03 3.771999999999999797e+00 0.000000000000000000e+00
4.058600000000000364e+03 3.771999999999999797e+00 0.000000000000000000e+00
4.069799999999999727e+03 3.771999999999999797e+00 0.000000000000000000e+00
4.079399999999999636e+03 3.771999999999999797e+00 0.000000000000000000e+00
4.089000000000000455e+03 3.771999999999999797e+00 0.000000000000000000e+00
4.098699999999999818e+03 3.771999999999999797e+00 0.000000000000000000e+00
4.108500000000000000e+03 3.770999999999999908e+00 0.000000000000000000e+00
4.119900000000000546e+03 3.770999999999999908e+00 0.000000000000000000e+00
4.129800000000000182e+03 3.770999999999999908e+00 0.000000000000000000e+00
4.139599999999999454e+03 3.770999999999999908e+00 0.000000000000000000e+00
4.149600000000000364e+03 3.770999999999999908e+00 0.000000000000000000e+00
4.159600000000000364e+03 3.770999999999999908e+00 0.000000000000000000e+00
4.169600000000000364e+03 3.770000000000000018e+00 0.000000000000000000e+00
4.179700000000000728e+03 3.770000000000000018e+00 0.000000000000000000e+00
4.189800000000000182e+03 3.770000000000000018e+00 0.000000000000000000e+00
4.198299999999999272e+03 3.770000000000000018e+00 0.000000000000000000e+00
4.208500000000000000e+03 3.770000000000000018e+00 0.000000000000000000e+00
4.218800000000000182e+03 3.770000000000000018e+00 0.000000000000000000e+00
4.229099999999999454e+03 3.770000000000000018e+00 0.000000000000000000e+00
4.239500000000000000e+03 3.769000000000000128e+00 0.000000000000000000e+00
4.249900000000000546e+03 3.769000000000000128e+00 0.000000000000000000e+00
4.258699999999999818e+03 3.769000000000000128e+00 0.000000000000000000e+00
4.269199999999999818e+03 3.769000000000000128e+00 0.000000000000000000e+00
4.279699999999999818e+03 3.769000000000000128e+00 0.000000000000000000e+00
4.288599999999999454e+03 3.769000000000000128e+00 0.000000000000000000e+00
4.299299999999999272e+03 3.769000000000000128e+00 0.000000000000000000e+00
4.310000000000000000e+03 3.767999999999999794e+00 0.000000000000000000e+00
4.319000000000000000e+03 3.767999999999999794e+00 0.000000000000000000e+00
4.329799999999999272e+03 3.767999999999999794e+00 0.000000000000000000e+00
4.338800000000000182e+03 3.767999999999999794e+00 0.000000000000000000e+00
4.349800000000000182e+03 3.767999999999999794e+00 0.000000000000000000e+00
4.358900000000000546e+03 3.767999999999999794e+00 0.000000000000000000e+00
4.369900000000000546e+03 3.767999999999999794e+00 0.000000000000000000e+00
4.379100000000000364e+03 3.766999999999999904e+00 0.000000000000000000e+00
4.388399999999999636e+03 3.766999999999999904e+00 0.000000000000000000e+00
4.399600000000000364e+03 3.766999999999999904e+00 0.000000000000000000e+00
4.408899999999999636e+03 3.766999999999999904e+00 0.000000000000000000e+00
4.418300000000000182e+03 3.766999999999999904e+00 0.000000000000000000e+00
4.429700000000000728e+03 3.766999999999999904e+00 0.000000000000000000e+00
4.439099999999999454e+03 3.766999999999999904e+00 0.000000000000000000e+00
4.448699999999999818e+03 3.766000000000000014e+00 0.000000000000000000e+00
4.458199999999999818e+03 3.766000000000000014e+00 0.000000000000000000e+00
4.469699999999999818e+03 3.766000000000000014e+00 0.000000000000000000e+00
4.479399999999999636e+03 3.766000000000000014e+00 0.000000000000000000e+00
4.489099999999999454e+03 3.766000000000000014e+00 0.000000000000000000e+00
4.498800000000000182e+03 3.766000000000000014e+00 0.000000000000000000e+00
4.508600000000000364e+03 3.766000000000000014e+00 0.000000000000000000e+00
4.518399999999999636e+03 3.766000000000000014e+00 0.000000000000000000e+00
4.528300000000000182e+03 3.765000000000000124e+00 0.000000000000000000e+00
4.538199999999999818e+03 3.765000000000000124e+00 0.000000000000000000e+00
4.548199999999999818e+03 3.765000000000000124e+00 0.000000000000000000e+00
4.558199999999999818e+03 3.765000000000000124e+00 0.000000000000000000e+00
4.568199999999999818e+03 3.765000000000000124e+00 0.000000000000000000e+00
4.578299999999999272e+03 3.765000000000000124e+00 0.000000000000000000e+00
4.588399999999999636e+03 3.765000000000000124e+00 0.000000000000000000e+00
4.598600000000000364e+03 3.765000000000000124e+00 0.000000000000000000e+00
4.608799999999999272e+03 3.765000000000000124e+00 0.000000000000000000e+00
4.619100000000000364e+03 3.763999999999999790e+00 0.000000000000000000e+00
4.629400000000000546e+03 3.763999999999999790e+00 0.000000000000000000e+00
4.639700000000000728e+03 3.763999999999999790e+00 0.000000000000000000e+00
4.648100000000000364e+03 3.763999999999999790e+00 0.000000000000000000e+00
4.658500000000000000e+03 3.763999999999999790e+00 0.000000000000000000e+00
4.669000000000000000e+03 3.763999999999999790e+00 0.000000000000000000e+00
4.679500000000000000e+03 3.763999999999999790e+00 0.000000000000000000e+00
4.688000000000000000e+03 3.763999999999999790e+00 0.000000000000000000e+00
4.698599999999999454e+03 3.763999999999999790e+00 0.000000000000000000e+00
4.709300000000000182e+03 3.762999999999999901e+00 0.000000000000000000e+00
4.720000000000000000e+03 3.762999999999999901e+00 0.000000000000000000e+00
4.728600000000000364e+03 3.762999999999999901e+00 0.000000000000000000e+00
4.739399999999999636e+03 3.762999999999999901e+00 0.000000000000000000e+00
4.748100000000000364e+03 3.762999999999999901e+00 0.000000000000000000e+00
4.759000000000000000e+03 3.762999999999999901e+00 0.000000000000000000e+00
4.769899999999999636e+03 3.762999999999999901e+00 0.000000000000000000e+00
4.778699999999999818e+03 3.762999999999999901e+00 0.000000000000000000e+00
4.789799999999999272e+03 3.762999999999999901e+00 0.000000000000000000e+00
4.798600000000000364e+03 3.762000000000000011e+00 0.000000000000000000e+00
4.809700000000000728e+03 3.762000000000000011e+00 0.000000000000000000e+00
4.818699999999999818e+03 3.762000000000000011e+00 0.000000000000000000e+00
4.829900000000000546e+03 3.762000000000000011e+00 0.000000000000000000e+00
4.838899999999999636e+03 3.762000000000000011e+00 0.000000000000000000e+00
4.848000000000000000e+03 3.762000000000000011e+00 0.000000000000000000e+00
4.859300000000000182e+03 3.762000000000000011e+00 0.000000000000000000e+00
4.868500000000000000e+03 3.762000000000000011e+00 0.000000000000000000e+00
4.879900000000000546e+03 3.762000000000000011e+00 0.000000000000000000e+00
4.889100000000000364e+03 3.762000000000000011e+00 0.000000000000000000e+00
4.898399999999999636e+03 3.761000000000000121e+00 0.000000000000000000e+00
4.910000000000000000e+03 3.761000000000000121e+00 0.000000000000000000e+00
4.919300000000000182e+03 3.761000000000000121e+00 0.000000000000000000e+00
4.928600000000000364e+03 3.761000000000000121e+00 0.000000000000000000e+00
4.938000000000000000e+03 3.761000000000000121e+00 0.000000000000000000e+00
4.949800000000000182e+03 3.761000000000000121e+00 0.000000000000000000e+00
4.959300000000000182e+03 3.761000000000000121e+00 0.000000000000000000e+00
4.968800000000000182e+03 3.761000000000000121e+00 0.000000000000000000e+00
4.978300000000000182e+03 3.761000000000000121e+00 0.000000000000000000e+00
4.987899999999999636e+03 3.761000000000000121e+00 0.000000000000000000e+00
4.999900000000000546e+03 3.761000000000000121e+00 0.000000000000000000e+00
5.009599999999999454e+03 3.759999999999999787e+00 0.000000000000000000e+00
5.019300000000000182e+03 3.759999999999999787e+00 0.000000000000000000e+00
5.029000000000000000e+03 3.759999999999999787e+00 0.000000000000000000e+00
5.038800000000000182e+03 3.759999999999999787e+00 0.000000000000000000e+00
5.048600000000000364e+03 3.759999999999999787e+00 0.000000000000000000e+00
5.058399999999999636e+03 3.759999999999999787e+00 0.000000000000000000e+00
5.068300000000000182e+03 3.759999999999999787e+00 0.000000000000000000e+00
5.078299999999999272e+03 3.759999999999999787e+00 0.000000000000000000e+00
5.088199999999999818e+03 3.759999999999999787e+00 0.000000000000000000e+00
5.098200000000000728e+03 3.759999999999999787e+00 0.000000000000000000e+00
5.108300000000000182e+03 3.759999999999999787e+00 0.000000000000000000e+00
5.118400000000000546e+03 3.758999999999999897e+00 0.000000000000000000e+00
5.128500000000000000e+03 3.758999999999999897e+00 0.000000000000000000e+00
5.138699999999999818e+03 3.758999999999999897e+00 0.000000000000000000e+00
5.148900000000000546e+03 3.758999999999999897e+00 0.000000000000000000e+00
5.159099999999999454e+03 3.758999999999999897e+00 0.000000000000000000e+00
5.169400000000000546e+03 3.758999999999999897e+00 0.000000000000000000e+00
5.179700000000000728e+03 3.758999999999999897e+00 0.000000000000000000e+00
5.187500000000000000e+03 3.758999999999999897e+00 0.000000000000000000e+00
5.197899999999999636e+03 3.758999999999999897e+00 0.000000000000000000e+00
5.208300000000000182e+03 3.758999999999999897e+00 0.000000000000000000e+00
5.218800000000000182e+03 3.758999999999999897e+00 0.000000000000000000e+00
5.229399999999999636e+03 3.758999999999999897e+00 0.000000000000000000e+00
5.239899999999999636e+03 3.758999999999999897e+00 0.000000000000000000e+00
5.247899999999999636e+03 3.758000000000000007e+00 0.000000000000000000e+00
5.258500000000000000e+03 3.758000000000000007e+00 0.000000000000000000e+00
5.269199999999999818e+03 3.758000000000000007e+00 0.000000000000000000e+00
5.279899999999999636e+03 3.758000000000000007e+00 0.000000000000000000e+00
5.288000000000000000e+03 3.758000000000000007e+00 0.000000000000000000e+00
5.298800000000000182e+03 3.758000000000000007e+00 0.000000000000000000e+00
5.309700000000000728e+03 3.758000000000000007e+00 0.000000000000000000e+00
5.317899999999999636e+03 3.758000000000000007e+00 0.000000000000000000e+00
5.328800000000000182e+03 3.758000000000000007e+00 0.000000000000000000e+00
5.339800000000000182e+03 3.758000000000000007e+00 0.000000000000000000e+00
5.348000000000000000e+03 3.758000000000000007e+00 0.000000000000000000e+00
5.359099999999999454e+03 3.758000000000000007e+00 0.000000000000000000e+00
5.367399999999999636e+03 3.758000000000000007e+00 0.000000000000000000e+00
5.378500000000000000e+03 3.757000000000000117e+00 0.000000000000000000e+00
5.389700000000000728e+03 3.757000000000000117e+00 0.000000000000000000e+00
5.398100000000000364e+03 3.757000000000000117e+00 0.000000000000000000e+00
5.409399999999999636e+03 3.757000000000000117e+00 0.000000000000000000e+00
5.417900000000000546e+03 3.757000000000000117e+00 0.000000000000000000e+00
5.429199999999999818e+03 3.757000000000000117e+00 0.000000000000000000e+00
5.437800000000000182e+03 3.757000000000000117e+00 0.000000000000000000e+00
5.449199999999999818e+03 3.757000000000000117e+00 0.000000000000000000e+00
5.457800000000000182e+03 3.757000000000000117e+00 0.000000000000000000e+00
5.469299999999999272e+03 3.757000000000000117e+00 0.000000000000000000e+00
5.478000000000000000e+03 3.757000000000000117e+00 0.000000000000000000e+00
5.489600000000000364e+03 3.757000000000000117e+00 0.000000000000000000e+00
5.498300000000000182e+03 3.757000000000000117e+00 0.000000000000000000e+00
5.510000000000000000e+03 3.757000000000000117e+00 0.000000000000000000e+00
5.518799999999999272e+03 3.757000000000000117e+00 0.000000000000000000e+00
5.527599999999999454e+03 3.755999999999999783e+00 0.000000000000000000e+00
5.539399999999999636e+03 3.755999999999999783e+00 0.000000000000000000e+00
5.548300000000000182e+03 3.755999999999999783e+00 0.000000000000000000e+00
5.557199999999999818e+03 3.755999999999999783e+00 0.000000000000000000e+00
5.569200000000000728e+03 3.755999999999999783e+00 0.000000000000000000e+00
5.578199999999999818e+03 3.755999999999999783e+00 0.000000000000000000e+00
5.587199999999999818e+03 3.755999999999999783e+00 0.000000000000000000e+00
5.599300000000000182e+03 3.755999999999999783e+00 0.000000000000000000e+00
5.608300000000000182e+03 3.755999999999999783e+00 0.000000000000000000e+00
5.617500000000000000e+03 3.755999999999999783e+00 0.000000000000000000e+00
5.629699999999999818e+03 3.755999999999999783e+00 0.000000000000000000e+00
5.638800000000000182e+03 3.755999999999999783e+00 0.000000000000000000e+00
5.648000000000000000e+03 3.755999999999999783e+00 0.000000000000000000e+00
5.657300000000000182e+03 3.755999999999999783e+00 0.000000000000000000e+00
5.669699999999999818e+03 3.755999999999999783e+00 0.000000000000000000e+00
5.679000000000000000e+03 3.754999999999999893e+00 0.000000000000000000e+00
5.688300000000000182e+03 3.754999999999999893e+00 0.000000000000000000e+00
5.697699999999999818e+03 3.754999999999999893e+00 0.000000000000000000e+00
5.707099999999999454e+03 3.754999999999999893e+00 0.000000000000000000e+00
5.719699999999999818e+03 3.754999999999999893e+00 0.000000000000000000e+00
5.729199999999999818e+03 3.754999999999999893e+00 0.000000000000000000e+00
5.738699999999999818e+03 3.754999999999999893e+00 0.000000000000000000e+00
5.748199999999999818e+03 3.754999999999999893e+00 0.000000000000000000e+00
5.757799999999999272e+03 3.754999999999999893e+00 0.000000000000000000e+00
5.767400000000000546e+03 3.754999999999999893e+00 0.000000000000000000e+00
5.777099999999999454e+03 3.754999999999999893e+00 0.000000000000000000e+00
5.790000000000000000e+03 3.754999999999999893e+00 0.000000000000000000e+00
5.799699999999999818e+03 3.754999999999999893e+00 0.000000000000000000e+00
5.809400000000000546e+03 3.754999999999999893e+00 0.000000000000000000e+00
5.819200000000000728e+03 3.754999999999999893e+00 0.000000000000000000e+00
5.829000000000000000e+03 3.754999999999999893e+00 0.000000000000000000e+00
5.838899999999999636e+03 3.754999999999999893e+00 0.000000000000000000e+00
5.848699999999999818e+03 3.754999999999999893e+00 0.000000000000000000e+00
5.858699999999999818e+03 3.754000000000000004e+00 0.000000000000000000e+00
5.868599999999999454e+03 3.754000000000000004e+00 0.000000000000000000e+00
5.878599999999999454e+03 3.754000000000000004e+00 0.000000000000000000e+00
5.888600000000000364e+03 3.754000000000000004e+00 0.000000000000000000e+00
5.898600000000000364e+03 3.754000000000000004e+00 0.000000000000000000e+00
5.908699999999999818e+03 3.754000000000000004e+00 0.000000000000000000e+00
5.918800000000000182e+03 3.754000000000000004e+00 0.000000000000000000e+00
5.929000000000000000e+03 3.754000000000000004e+00 0.000000000000000000e+00
5.939199999999999818e+03 3.754000000000000004e+00 0.000000000000000000e+00
5.949399999999999636e+03 3.754000000000000004e+00 0.000000000000000000e+00
5.959699999999999818e+03 3.754000000000000004e+00 0.000000000000000000e+00
5.970000000000000000e+03 3.754000000000000004e+00 0.000000000000000000e+00
5.976800000000000182e+03 3.754000000000000004e+00 0.000000000000000000e+00
5.987199999999999818e+03 3.754000000000000004e+00 0.000000000000000000e+00
5.997600000000000364e+03 3.754000000000000004e+00 0.000000000000000000e+00
6.008000000000000000e+03 3.754000000000000004e+00 0.000000000000000000e+00
6.018500000000000000e+03 3.754000000000000004e+00 0.000000000000000000e+00
6.029000000000000000e+03 3.754000000000000004e+00 0.000000000000000000e+00
6.039500000000000000e+03 3.753000000000000114e+00 0.000000000000000000e+00
6.046500000000000000e+03 3.753000000000000114e+00 0.000000000000000000e+00
6.057100000000000364e+03 3.753000000000000114e+00 0.000000000000000000e+00
6.067800000000000182e+03 3.753000000000000114e+00 0.000000000000000000e+00
6.078400000000000546e+03 3.753000000000000114e+00 0.000000000000000000e+00
6.089100000000000364e+03 3.753000000000000114e+00 0.000000000000000000e+00
6.099899999999999636e+03 3.753000000000000114e+00 0.000000000000000000e+00
6.107100000000000364e+03 3.753000000000000114e+00 0.000000000000000000e+00
6.117899999999999636e+03 3.753000000000000114e+00 0.000000000000000000e+00
6.128699999999999818e+03 3.753000000000000114e+00 0.000000000000000000e+00
6.139599999999999454e+03 3.753000000000000114e+00 0.000000000000000000e+00
6.146899999999999636e+03 3.753000000000000114e+00 0.000000000000000000e+00
6.157800000000000182e+03 3.753000000000000114e+00 0.000000000000000000e+00
6.168800000000000182e+03 3.753000000000000114e+00 0.000000000000000000e+00
6.179899999999999636e+03 3.753000000000000114e+00 0.000000000000000000e+00
6.187199999999999818e+03 3.753000000000000114e+00 0.000000000000000000e+00
6.198299999999999272e+03 3.753000000000000114e+00 0.000000000000000000e+00
6.209500000000000000e+03 3.753000000000000114e+00 0.000000000000000000e+00
6.216899999999999636e+03 3.753000000000000114e+00 0.000000000000000000e+00
6.228100000000000364e+03 3.753000000000000114e+00 0.000000000000000000e+00
6.239399999999999636e+03 3.753000000000000114e+00 0.000000000000000000e+00
6.246900000000000546e+03 3.753000000000000114e+00 0.000000000000000000e+00
6.258200000000000728e+03 3.751999999999999780e+00 0.000000000000000000e+00
6.269500000000000000e+03 3.751999999999999780e+00 0.000000000000000000e+00
6.277099999999999454e+03 3.751999999999999780e+00 0.000000000000000000e+00
6.288500000000000000e+03 3.751999999999999780e+00 0.000000000000000000e+00
6.296199999999999818e+03 3.751999999999999780e+00 0.000000000000000000e+00
6.307699999999999818e+03 3.751999999999999780e+00 0.000000000000000000e+00
6.319200000000000728e+03 3.751999999999999780e+00 0.000000000000000000e+00
6.326900000000000546e+03 3.751999999999999780e+00 0.000000000000000000e+00
6.338500000000000000e+03 3.751999999999999780e+00 0.000000000000000000e+00
6.346300000000000182e+03 3.751999999999999780e+00 0.000000000000000000e+00
6.358000000000000000e+03 3.751999999999999780e+00 0.000000000000000000e+00
6.369699999999999818e+03 3.751999999999999780e+00 0.000000000000000000e+00
6.377500000000000000e+03 3.751999999999999780e+00 0.000000000000000000e+00
6.389300000000000182e+03 3.751999999999999780e+00 0.000000000000000000e+00
6.397199999999999818e+03 3.751999999999999780e+00 0.000000000000000000e+00
6.409000000000000000e+03 3.751999999999999780e+00 0.000000000000000000e+00
6.417000000000000000e+03 3.751999999999999780e+00 0.000000000000000000e+00
6.428899999999999636e+03 3.751999999999999780e+00 0.000000000000000000e+00
6.436899999999999636e+03 3.751999999999999780e+00 0.000000000000000000e+00
6.448899999999999636e+03 3.751999999999999780e+00 0.000000000000000000e+00
6.456899999999999636e+03 3.751999999999999780e+00 0.000000000000000000e+00
6.469000000000000000e+03 3.751999999999999780e+00 0.000000000000000000e+00
6.477100000000000364e+03 3.751999999999999780e+00 0.000000000000000000e+00
6.489200000000000728e+03 3.750999999999999890e+00 0.000000000000000000e+00
6.497399999999999636e+03 3.750999999999999890e+00 0.000000000000000000e+00
6.509599999999999454e+03 3.750999999999999890e+00 0.000000000000000000e+00
6.517800000000000182e+03 3.750999999999999890e+00 0.000000000000000000e+00
6.526000000000000000e+03 3.750999999999999890e+00 0.000000000000000000e+00
6.538299999999999272e+03 3.750999999999999890e+00 0.000000000000000000e+00
6.546599999999999454e+03 3.750999999999999890e+00 0.000000000000000000e+00
6.559000000000000000e+03 3.750999999999999890e+00 0.000000000000000000e+00
6.567300000000000182e+03 3.750999999999999890e+00 0.000000000000000000e+00
6.579799999999999272e+03 3.750999999999999890e+00 0.000000000000000000e+00
6.588199999999999818e+03 3.750999999999999890e+00 0.000000000000000000e+00
6.596599999999999454e+03 3.750999999999999890e+00 0.000000000000000000e+00
6.609200000000000728e+03 3.750999999999999890e+00 0.000000000000000000e+00
6.617600000000000364e+03 3.750999999999999890e+00 0.000000000000000000e+00
6.626100000000000364e+03 3.750999999999999890e+00 0.000000000000000000e+00
6.638800000000000182e+03 3.750999999999999890e+00 0.000000000000000000e+00
6.647300000000000182e+03 3.750999999999999890e+00 0.000000000000000000e+00
6.655899999999999636e+03 3.750999999999999890e+00 0.000000000000000000e+00
6.668700000000000728e+03 3.750999999999999890e+00 0.000000000000000000e+00
6.677300000000000182e+03 3.750999999999999890e+00 0.000000000000000000e+00
6.685900000000000546e+03 3.750999999999999890e+00 0.000000000000000000e+00
6.698800000000000182e+03 3.750999999999999890e+00 0.000000000000000000e+00
6.707500000000000000e+03 3.750999999999999890e+00 0.000000000000000000e+00
6.716199999999999818e+03 3.750999999999999890e+00 0.000000000000000000e+00
6.729300000000000182e+03 3.750999999999999890e+00 0.000000000000000000e+00
6.738000000000000000e+03 3.750999999999999890e+00 0.000000000000000000e+00
6.746800000000000182e+03 3.750000000000000000e+00 0.000000000000000000e+00
6.760000000000000000e+03 3.750000000000000000e+00 0.000000000000000000e+00
6.768799999999999272e+03 3.750000000000000000e+00 0.000000000000000000e+00
6.777700000000000728e+03 3.750000000000000000e+00 0.000000000000000000e+00
6.786500000000000000e+03 3.750000000000000000e+00 0.000000000000000000e+00
6.799899999999999636e+03 3.750000000000000000e+00 0.000000000000000000e+00
6.808800000000000182e+03 3.750000000000000000e+00 0.000000000000000000e+00
6.817800000000000182e+03 3.750000000000000000e+00 0.000000000000000000e+00
6.826699999999999818e+03 3.750000000000000000e+00 0.000000000000000000e+00
6.835699999999999818e+03 3.750000000000000000e+00 0.000000000000000000e+00
6.849300000000000182e+03 3.750000000000000000e+00 0.000000000000000000e+00
6.858300000000000182e+03 3.750000000000000000e+00 0.000000000000000000e+00
6.867399999999999636e+03 3.750000000000000000e+00 0.000000000000000000e+00
6.876500000000000000e+03 3.750000000000000000e+00 0.000000000000000000e+00
6.885699999999999818e+03 3.750000000000000000e+00 0.000000000000000000e+00
6.899399999999999636e+03 3.750000000000000000e+00 0.000000000000000000e+00
6.908599999999999454e+03 3.750000000000000000e+00 0.000000000000000000e+00
6.917799999999999272e+03 3.750000000000000000e+00 0.000000000000000000e+00
6.927100000000000364e+03 3.750000000000000000e+00 0.000000000000000000e+00
6.936300000000000182e+03 3.750000000000000000e+00 0.000000000000000000e+00
6.945599999999999454e+03 3.750000000000000000e+00 0.000000000000000000e+00
6.959600000000000364e+03 3.750000000000000000e+00 0.000000000000000000e+00
6.969000000000000000e+03 3.750000000000000000e+00 0.000000000000000000e+00
6.978300000000000182e+03 3.750000000000000000e+00 0.000000000000000000e+00
6.987699999999999818e+03 3.750000000000000000e+00 0.000000000000000000e+00
6.997200000000000728e+03 3.750000000000000000e+00 0.000000000000000000e+00
7.006599999999999454e+03 3.750000000000000000e+00 0.000000000000000000e+00
7.016099999999999454e+03 3.750000000000000000e+00 0.000000000000000000e+00
7.025599999999999454e+03 3.750000000000000000e+00 0.000000000000000000e+00
7.039900000000000546e+03 3.750000000000000000e+00 0.000000000000000000e+00
7.049500000000000000e+03 3.749000000000000110e+00 0.000000000000000000e+00
7.059100000000000364e+03 3.749000000000000110e+00 0.000000000000000000e+00
7.068699999999999818e+03 3.749000000000000110e+00 0.000000000000000000e+00
7.078400000000000546e+03 3.749000000000000110e+00 0.000000000000000000e+00
7.088099999999999454e+03 3.749000000000000110e+00 0.000000000000000000e+00
7.097800000000000182e+03 3.749000000000000110e+00 0.000000000000000000e+00
7.107500000000000000e+03 3.749000000000000110e+00 0.000000000000000000e+00
7.117200000000000728e+03 3.749000000000000110e+00 0.000000000000000000e+00
7.127000000000000000e+03 3.749000000000000110e+00 0.000000000000000000e+00
7.136800000000000182e+03 3.749000000000000110e+00 0.000000000000000000e+00
7.146699999999999818e+03 3.749000000000000110e+00 0.000000000000000000e+00
7.156500000000000000e+03 3.749000000000000110e+00 0.000000000000000000e+00
7.166400000000000546e+03 3.749000000000000110e+00 0.000000000000000000e+00
7.176300000000000182e+03 3.749000000000000110e+00 0.000000000000000000e+00
7.186300000000000182e+03 3.749000000000000110e+00 0.000000000000000000e+00
7.196300000000000182e+03 3.749000000000000110e+00 0.000000000000000000e+00
7.206299999999999272e+03 3.749000000000000110e+00 0.000000000000000000e+00
7.216300000000000182e+03 3.749000000000000110e+00 0.000000000000000000e+00
7.226399999999999636e+03 3.749000000000000110e+00 0.000000000000000000e+00
7.236399999999999636e+03 3.749000000000000110e+00 0.000000000000000000e+00
7.246600000000000364e+03 3.749000000000000110e+00 0.000000000000000000e+00
7.256700000000000728e+03 3.749000000000000110e+00 0.000000000000000000e+00
7.266899999999999636e+03 3.749000000000000110e+00 0.000000000000000000e+00
7.277099999999999454e+03 3.749000000000000110e+00 0.000000000000000000e+00
7.287300000000000182e+03 3.749000000000000110e+00 0.000000000000000000e+00
7.297500000000000000e+03 3.749000000000000110e+00 0.000000000000000000e+00
7.307800000000000182e+03 3.749000000000000110e+00 0.000000000000000000e+00
7.318100000000000364e+03 3.749000000000000110e+00 0.000000000000000000e+00
7.328500000000000000e+03 3.749000000000000110e+00 0.000000000000000000e+00
7.338899999999999636e+03 3.749000000000000110e+00 0.000000000000000000e+00
7.349300000000000182e+03 3.749000000000000110e+00 0.000000000000000000e+00
7.359699999999999818e+03 3.749000000000000110e+00 0.000000000000000000e+00
7.364899999999999636e+03 3.749000000000000110e+00 0.000000000000000000e+00
7.375399999999999636e+03 3.749000000000000110e+00 0.000000000000000000e+00
7.385900000000000546e+03 3.748000000000000220e+00 0.000000000000000000e+00
7.396399999999999636e+03 3.748000000000000220e+00 0.000000000000000000e+00
7.407000000000000000e+03 3.748000000000000220e+00 0.000000000000000000e+00
7.417600000000000364e+03 3.748000000000000220e+00 0.000000000000000000e+00
7.428200000000000728e+03 3.748000000000000220e+00 0.000000000000000000e+00
7.438900000000000546e+03 3.748000000000000220e+00 0.000000000000000000e+00
7.449600000000000364e+03 3.748000000000000220e+00 0.000000000000000000e+00
7.454900000000000546e+03 3.748000000000000220e+00 0.000000000000000000e+00
7.465699999999999818e+03 3.748000000000000220e+00 0.000000000000000000e+00
7.476399999999999636e+03 3.748000000000000220e+00 0.000000000000000000e+00
7.487199999999999818e+03 3.748000000000000220e+00 0.000000000000000000e+00
7.498100000000000364e+03 3.748000000000000220e+00 0.000000000000000000e+00
7.508899999999999636e+03 3.748000000000000220e+00 0.000000000000000000e+00
7.519800000000000182e+03 3.748000000000000220e+00 0.000000000000000000e+00
7.525299999999999272e+03 3.748000000000000220e+00 0.000000000000000000e+00
7.536199999999999818e+03 3.748000000000000220e+00 0.000000000000000000e+00
7.547199999999999818e+03 3.748000000000000220e+00 0.000000000000000000e+00
7.558199999999999818e+03 3.748000000000000220e+00 0.000000000000000000e+00
7.569200000000000728e+03 3.748000000000000220e+00 0.000000000000000000e+00
7.574699999999999818e+03 3.748000000000000220e+00 0.000000000000000000e+00
7.585800000000000182e+03 3.748000000000000220e+00 0.000000000000000000e+00
7.596899999999999636e+03 3.748000000000000220e+00 0.000000000000000000e+00
7.608100000000000364e+03 3.748000000000000220e+00 0.000000000000000000e+00
7.619300000000000182e+03 3.748000000000000220e+00 0.000000000000000000e+00
7.624900000000000546e+03 3.748000000000000220e+00 0.000000000000000000e+00
7.636099999999999454e+03 3.748000000000000220e+00 0.000000000000000000e+00
7.647400000000000546e+03 3.748000000000000220e+00 0.000000000000000000e+00
7.658699999999999818e+03 3.748000000000000220e+00 0.000000000000000000e+00
7.670000000000000000e+03 3.748000000000000220e+00 0.000000000000000000e+00
7.675699999999999818e+03 3.748000000000000220e+00 0.000000000000000000e+00
7.687000000000000000e+03 3.748000000000000220e+00 0.000000000000000000e+00
7.698500000000000000e+03 3.748000000000000220e+00 0.000000000000000000e+00
7.709900000000000546e+03 3.748000000000000220e+00 0.000000000000000000e+00
7.715600000000000364e+03 3.748000000000000220e+00 0.000000000000000000e+00
7.727100000000000364e+03 3.748000000000000220e+00 0.000000000000000000e+00
7.738699999999999818e+03 3.748000000000000220e+00 0.000000000000000000e+00
7.744500000000000000e+03 3.748000000000000220e+00 0.000000000000000000e+00
7.756000000000000000e+03 3.748000000000000220e+00 0.000000000000000000e+00
7.767699999999999818e+03 3.748000000000000220e+00 0.000000000000000000e+00
7.779300000000000182e+03 3.748000000000000220e+00 0.000000000000000000e+00
7.785100000000000364e+03 3.746999999999999886e+00 0.000000000000000000e+00
7.796899999999999636e+03 3.746999999999999886e+00 0.000000000000000000e+00
7.808600000000000364e+03 3.746999999999999886e+00 0.000000000000000000e+00
7.814500000000000000e+03 3.746999999999999886e+00 0.000000000000000000e+00
7.826300000000000182e+03 3.746999999999999886e+00 0.000000000000000000e+00
7.838099999999999454e+03 3.746999999999999886e+00 0.000000000000000000e+00
7.850000000000000000e+03 3.746999999999999886e+00 0.000000000000000000e+00
7.855900000000000546e+03 3.746999999999999886e+00 0.000000000000000000e+00
7.867800000000000182e+03 3.746999999999999886e+00 0.000000000000000000e+00
7.879800000000000182e+03 3.746999999999999886e+00 0.000000000000000000e+00
7.885799999999999272e+03 3.746999999999999886e+00 0.000000000000000000e+00
7.897800000000000182e+03 3.746999999999999886e+00 0.000000000000000000e+00
7.909900000000000546e+03 3.746999999999999886e+00 0.000000000000000000e+00
7.915899999999999636e+03 3.746999999999999886e+00 0.000000000000000000e+00
7.928000000000000000e+03 3.746999999999999886e+00 0.000000000000000000e+00
7.934100000000000364e+03 3.746999999999999886e+00 0.000000000000000000e+00
7.946199999999999818e+03 3.746999999999999886e+00 0.000000000000000000e+00
7.958400000000000546e+03 3.746999999999999886e+00 0.000000000000000000e+00
7.964500000000000000e+03 3.746999999999999886e+00 0.000000000000000000e+00
7.976800000000000182e+03 3.746999999999999886e+00 0.000000000000000000e+00
7.989099999999999454e+03 3.746999999999999886e+00 0.000000000000000000e+00
7.995199999999999818e+03 3.746999999999999886e+00 0.000000000000000000e+00
8.007600000000000364e+03 3.746999999999999886e+00 0.000000000000000000e+00
8.020000000000000000e+03 3.746999999999999886e+00 0.000000000000000000e+00
8.026199999999998909e+03 3.746999999999999886e+00 0.000000000000000000e+00
8.038600000000000364e+03 3.746999999999999886e+00 0.000000000000000000e+00
8.044900000000000546e+03 3.746999999999999886e+00 0.000000000000000000e+00
8.057399999999999636e+03 3.746999999999999886e+00 0.000000000000000000e+00
8.069900000000000546e+03 3.746999999999999886e+00 0.000000000000000000e+00
8.076199999999999818e+03 3.746999999999999886e+00 0.000000000000000000e+00
8.088800000000001091e+03 3.746999999999999886e+00 0.000000000000000000e+00
8.095100000000000364e+03 3.746999999999999886e+00 0.000000000000000000e+00
8.107799999999999272e+03 3.746999999999999886e+00 0.000000000000000000e+00
8.114100000000000364e+03 3.746999999999999886e+00 0.000000000000000000e+00
8.126799999999999272e+03 3.746999999999999886e+00 0.000000000000000000e+00
8.139599999999999454e+03 3.746999999999999886e+00 0.000000000000000000e+00
8.146000000000000909e+03 3.746999999999999886e+00 0.000000000000000000e+00
8.158799999999999272e+03 3.746999999999999886e+00 0.000000000000000000e+00
8.165200000000000728e+03 3.746999999999999886e+00 0.000000000000000000e+00
8.178100000000000364e+03 3.746999999999999886e+00 0.000000000000000000e+00
8.184500000000000000e+03 3.746999999999999886e+00 0.000000000000000000e+00
8.197500000000000000e+03 3.746999999999999886e+00 0.000000000000000000e+00
8.204000000000000000e+03 3.746999999999999886e+00 0.000000000000000000e+00
8.217000000000000000e+03 3.746999999999999886e+00 0.000000000000000000e+00
8.223500000000000000e+03 3.746999999999999886e+00 0.000000000000000000e+00
8.236599999999998545e+03 3.746999999999999886e+00 0.000000000000000000e+00
8.249700000000000728e+03 3.746999999999999886e+00 0.000000000000000000e+00
8.256199999999998909e+03 3.745999999999999996e+00 0.000000000000000000e+00
8.269399999999999636e+03 3.745999999999999996e+00 0.000000000000000000e+00
8.276000000000000000e+03 3.745999999999999996e+00 0.000000000000000000e+00
8.289199999999998909e+03 3.745999999999999996e+00 0.000000000000000000e+00
8.295899999999999636e+03 3.745999999999999996e+00 0.000000000000000000e+00
8.309100000000000364e+03 3.745999999999999996e+00 0.000000000000000000e+00
8.315799999999999272e+03 3.745999999999999996e+00 0.000000000000000000e+00
8.329200000000000728e+03 3.745999999999999996e+00 0.000000000000000000e+00
8.335899999999999636e+03 3.745999999999999996e+00 0.000000000000000000e+00
8.349299999999999272e+03 3.745999999999999996e+00 0.000000000000000000e+00
8.356000000000000000e+03 3.745999999999999996e+00 0.000000000000000000e+00
8.369500000000000000e+03 3.745999999999999996e+00 0.000000000000000000e+00
8.376300000000001091e+03 3.745999999999999996e+00 0.000000000000000000e+00
8.389799999999999272e+03 3.745999999999999996e+00 0.000000000000000000e+00
8.396599999999998545e+03 3.745999999999999996e+00 0.000000000000000000e+00
8.403399999999999636e+03 3.745999999999999996e+00 0.000000000000000000e+00
8.417100000000000364e+03 3.745999999999999996e+00 0.000000000000000000e+00
8.423899999999999636e+03 3.745999999999999996e+00 0.000000000000000000e+00
8.437600000000000364e+03 3.745999999999999996e+00 0.000000000000000000e+00
8.444500000000000000e+03 3.745999999999999996e+00 0.000000000000000000e+00
8.458299999999999272e+03 3.745999999999999996e+00 0.000000000000000000e+00
8.465199999999998909e+03 3.745999999999999996e+00 0.000000000000000000e+00
8.479000000000000000e+03 3.745999999999999996e+00 0.000000000000000000e+00
8.485900000000001455e+03 3.745999999999999996e+00 0.000000000000000000e+00
8.499899999999999636e+03 3.745999999999999996e+00 0.000000000000000000e+00
8.506799999999999272e+03 3.745999999999999996e+00 0.000000000000000000e+00
8.513799999999999272e+03 3.745999999999999996e+00 0.000000000000000000e+00
8.527799999999999272e+03 3.745999999999999996e+00 0.000000000000000000e+00
8.534800000000001091e+03 3.745999999999999996e+00 0.000000000000000000e+00
8.548899999999999636e+03 3.745999999999999996e+00 0.000000000000000000e+00
8.556000000000000000e+03 3.745999999999999996e+00 0.000000000000000000e+00
8.563000000000000000e+03 3.745999999999999996e+00 0.000000000000000000e+00
8.577199999999998909e+03 3.745999999999999996e+00 0.000000000000000000e+00
8.584300000000001091e+03 3.745999999999999996e+00 0.000000000000000000e+00
8.598500000000000000e+03 3.745999999999999996e+00 0.000000000000000000e+00
8.605700000000000728e+03 3.745999999999999996e+00 0.000000000000000000e+00
8.620000000000000000e+03 3.745999999999999996e+00 0.000000000000000000e+00
8.627100000000000364e+03 3.745999999999999996e+00 0.000000000000000000e+00
8.634299999999999272e+03 3.745999999999999996e+00 0.000000000000000000e+00
8.648700000000000728e+03 3.745999999999999996e+00 0.000000000000000000e+00
8.655900000000001455e+03 3.745999999999999996e+00 0.000000000000000000e+00
8.663199999999998909e+03 3.745999999999999996e+00 0.000000000000000000e+00
8.677699999999998909e+03 3.745999999999999996e+00 0.000000000000000000e+00
8.684900000000001455e+03 3.745999999999999996e+00 0.000000000000000000e+00
8.699500000000000000e+03 3.745999999999999996e+00 0.000000000000000000e+00
8.706799999999999272e+03 3.745999999999999996e+00 0.000000000000000000e+00
8.714100000000000364e+03 3.745999999999999996e+00 0.000000000000000000e+00
8.728799999999999272e+03 3.745999999999999996e+00 0.000000000000000000e+00
8.736200000000000728e+03 3.745999999999999996e+00 0.000000000000000000e+00
8.743500000000000000e+03 3.745999999999999996e+00 0.000000000000000000e+00
8.758300000000001091e+03 3.745999999999999996e+00 0.000000000000000000e+00
8.765700000000000728e+03 3.745999999999999996e+00 0.000000000000000000e+00
8.773099999999998545e+03 3.745999999999999996e+00 0.000000000000000000e+00
8.788000000000000000e+03 3.745999999999999996e+00 0.000000000000000000e+00
8.795400000000001455e+03 3.745999999999999996e+00 0.000000000000000000e+00
8.802899999999999636e+03 3.745999999999999996e+00 0.000000000000000000e+00
8.817899999999999636e+03 3.745999999999999996e+00 0.000000000000000000e+00
8.825399999999999636e+03 3.745000000000000107e+00 0.000000000000000000e+00
8.832899999999999636e+03 3.745000000000000107e+00 0.000000000000000000e+00
8.848000000000000000e+03 3.745000000000000107e+00 0.000000000000000000e+00
8.855500000000000000e+03 3.745000000000000107e+00 0.000000000000000000e+00
8.863099999999998545e+03 3.745000000000000107e+00 0.000000000000000000e+00
8.878299999999999272e+03 3.745000000000000107e+00 0.000000000000000000e+00
8.885899999999999636e+03 3.745000000000000107e+00 0.000000000000000000e+00
8.893500000000000000e+03 3.745000000000000107e+00 0.000000000000000000e+00
8.908799999999999272e+03 3.745000000000000107e+00 0.000000000000000000e+00
8.916399999999999636e+03 3.745000000000000107e+00 0.000000000000000000e+00
8.924099999999998545e+03 3.745000000000000107e+00 0.000000000000000000e+00
8.939500000000000000e+03 3.745000000000000107e+00 0.000000000000000000e+00
8.947200000000000728e+03 3.745000000000000107e+00 0.000000000000000000e+00
8.954899999999999636e+03 3.745000000000000107e+00 0.000000000000000000e+00
8.962700000000000728e+03 3.745000000000000107e+00 0.000000000000000000e+00
8.978199999999998909e+03 3.745000000000000107e+00 0.000000000000000000e+00
8.986000000000000000e+03 3.745000000000000107e+00 0.000000000000000000e+00
8.993800000000001091e+03 3.745000000000000107e+00 0.000000000000000000e+00
9.009399999999999636e+03 3.745000000000000107e+00 0.000000000000000000e+00
9.017200000000000728e+03 3.745000000000000107e+00 0.000000000000000000e+00
9.025100000000000364e+03 3.745000000000000107e+00 0.000000000000000000e+00
9.032899999999999636e+03 3.745000000000000107e+00 0.000000000000000000e+00
9.048700000000000728e+03 3.745000000000000107e+00 0.000000000000000000e+00
9.056600000000000364e+03 3.745000000000000107e+00 0.000000000000000000e+00
9.064500000000000000e+03 3.745000000000000107e+00 0.000000000000000000e+00
9.072500000000000000e+03 3.745000000000000107e+00 0.000000000000000000e+00
9.088399999999999636e+03 3.745000000000000107e+00 0.000000000000000000e+00
9.096299999999999272e+03 3.745000000000000107e+00 0.000000000000000000e+00
9.104300000000001091e+03 3.745000000000000107e+00 0.000000000000000000e+00
9.112299999999999272e+03 3.745000000000000107e+00 0.000000000000000000e+00
9.128399999999999636e+03 3.745000000000000107e+00 0.000000000000000000e+00
9.136399999999999636e+03 3.745000000000000107e+00 0.000000000000000000e+00
9.144500000000000000e+03 3.745000000000000107e+00 0.000000000000000000e+00
9.152500000000000000e+03 3.745000000000000107e+00 0.000000000000000000e+00
9.168699999999998909e+03 3.745000000000000107e+00 0.000000000000000000e+00
9.176799999999999272e+03 3.745000000000000107e+00 0.000000000000000000e+00
9.185000000000000000e+03 3.745000000000000107e+00 0.000000000000000000e+00
9.193099999999998545e+03 3.745000000000000107e+00 0.000000000000000000e+00
9.209399999999999636e+03 3.745000000000000107e+00 0.000000000000000000e+00
9.217599999999998545e+03 3.745000000000000107e+00 0.000000000000000000e+00
9.225799999999999272e+03 3.745000000000000107e+00 0.000000000000000000e+00
9.234000000000000000e+03 3.745000000000000107e+00 0.000000000000000000e+00
9.242299999999999272e+03 3.745000000000000107e+00 0.000000000000000000e+00
9.258800000000001091e+03 3.745000000000000107e+00 0.000000000000000000e+00
9.267000000000000000e+03 3.745000000000000107e+00 0.000000000000000000e+00
9.275299999999999272e+03 3.745000000000000107e+00 0.000000000000000000e+00
9.283600000000000364e+03 3.745000000000000107e+00 0.000000000000000000e+00
9.292000000000000000e+03 3.745000000000000107e+00 0.000000000000000000e+00
9.308600000000000364e+03 3.745000000000000107e+00 0.000000000000000000e+00
9.317000000000000000e+03 3.745000000000000107e+00 0.000000000000000000e+00
9.325399999999999636e+03 3.745000000000000107e+00 0.000000000000000000e+00
9.333799999999999272e+03 3.745000000000000107e+00 0.000000000000000000e+00
9.342200000000000728e+03 3.745000000000000107e+00 0.000000000000000000e+00
9.359000000000000000e+03 3.745000000000000107e+00 0.000000000000000000e+00
9.367500000000000000e+03 3.745000000000000107e+00 0.000000000000000000e+00
9.376000000000000000e+03 3.745000000000000107e+00 0.000000000000000000e+00
9.384399999999999636e+03 3.745000000000000107e+00 0.000000000000000000e+00
9.393000000000000000e+03 3.745000000000000107e+00 0.000000000000000000e+00
9.410000000000000000e+03 3.745000000000000107e+00 0.000000000000000000e+00
9.418500000000000000e+03 3.745000000000000107e+00 0.000000000000000000e+00
9.427099999999998545e+03 3.745000000000000107e+00 0.000000000000000000e+00
9.435700000000000728e+03 3.745000000000000107e+00 0.000000000000000000e+00
9.444299999999999272e+03 3.745000000000000107e+00 0.000000000000000000e+00
9.452899999999999636e+03 3.745000000000000107e+00 0.000000000000000000e+00
9.461500000000000000e+03 3.745000000000000107e+00 0.000000000000000000e+00
9.478799999999999272e+03 3.745000000000000107e+00 0.000000000000000000e+00
9.487500000000000000e+03 3.745000000000000107e+00 0.000000000000000000e+00
9.496200000000000728e+03 3.745000000000000107e+00 0.000000000000000000e+00
9.504899999999999636e+03 3.745000000000000107e+00 0.000000000000000000e+00
9.513600000000000364e+03 3.745000000000000107e+00 0.000000000000000000e+00
9.522299999999999272e+03 3.745000000000000107e+00 0.000000000000000000e+00
9.539899999999999636e+03 3.744000000000000217e+00 0.000000000000000000e+00
9.548600000000000364e+03 3.744000000000000217e+00 0.000000000000000000e+00
9.557399999999999636e+03 3.744000000000000217e+00 0.000000000000000000e+00
9.566200000000000728e+03 3.744000000000000217e+00 0.000000000000000000e+00
9.575100000000000364e+03 3.744000000000000217e+00 0.000000000000000000e+00
9.583899999999999636e+03 3.744000000000000217e+00 0.000000000000000000e+00
9.592800000000001091e+03 3.744000000000000217e+00 0.000000000000000000e+00
9.601699999999998909e+03 3.744000000000000217e+00 0.000000000000000000e+00
9.619500000000000000e+03 3.744000000000000217e+00 0.000000000000000000e+00
9.628399999999999636e+03 3.744000000000000217e+00 0.000000000000000000e+00
9.637399999999999636e+03 3.744000000000000217e+00 0.000000000000000000e+00
9.646299999999999272e+03 3.744000000000000217e+00 0.000000000000000000e+00
9.655300000000001091e+03 3.744000000000000217e+00 0.000000000000000000e+00
9.664300000000001091e+03 3.744000000000000217e+00 0.000000000000000000e+00
9.673299999999999272e+03 3.744000000000000217e+00 0.000000000000000000e+00
9.682399999999999636e+03 3.744000000000000217e+00 0.000000000000000000e+00
9.691399999999999636e+03 3.744000000000000217e+00 0.000000000000000000e+00
9.709600000000000364e+03 3.744000000000000217e+00 0.000000000000000000e+00
9.718700000000000728e+03 3.744000000000000217e+00 0.000000000000000000e+00
9.727800000000001091e+03 3.744000000000000217e+00 0.000000000000000000e+00
9.736899999999999636e+03 3.744000000000000217e+00 0.000000000000000000e+00
9.746100000000000364e+03 3.744000000000000217e+00 0.000000000000000000e+00
9.755200000000000728e+03 3.744000000000000217e+00 0.000000000000000000e+00
9.764399999999999636e+03 3.744000000000000217e+00 0.000000000000000000e+00
9.773600000000000364e+03 3.744000000000000217e+00 0.000000000000000000e+00
9.782899999999999636e+03 3.744000000000000217e+00 0.000000000000000000e+00
9.792100000000000364e+03 3.744000000000000217e+00 0.000000000000000000e+00
9.801299999999999272e+03 3.744000000000000217e+00 0.000000000000000000e+00
9.819899999999999636e+03 3.744000000000000217e+00 0.000000000000000000e+00
9.829200000000000728e+03 3.744000000000000217e+00 0.000000000000000000e+00
9.838500000000000000e+03 3.744000000000000217e+00 0.000000000000000000e+00
9.847899999999999636e+03 3.744000000000000217e+00 0.000000000000000000e+00
9.857200000000000728e+03 3.744000000000000217e+00 0.000000000000000000e+00
9.866600000000000364e+03 3.744000000000000217e+00 0.000000000000000000e+00
9.876000000000000000e+03 3.744000000000000217e+00 0.000000000000000000e+00
9.885400000000001455e+03 3.744000000000000217e+00 0.000000000000000000e+00
9.894899999999999636e+03 3.744000000000000217e+00 0.000000000000000000e+00
9.904299999999999272e+03 3.744000000000000217e+00 0.000000000000000000e+00
9.913799999999999272e+03 3.744000000000000217e+00 0.000000000000000000e+00
9.923299999999999272e+03 3.744000000000000217e+00 0.000000000000000000e+00
9.932800000000001091e+03 3.744000000000000217e+00 0.000000000000000000e+00
9.942299999999999272e+03 3.744000000000000217e+00 0.000000000000000000e+00
9.951800000000001091e+03 3.744000000000000217e+00 0.000000000000000000e+00
9.961399999999999636e+03 3.744000000000000217e+00 0.000000000000000000e+00
9.971000000000000000e+03 3.744000000000000217e+00 0.000000000000000000e+00
9.980600000000000364e+03 3.744000000000000217e+00 0.000000000000000000e+00
9.999800000000001091e+03 3.744000000000000217e+00 0.000000000000000000e+00
1.000900000000000000e+04 3.744000000000000217e+00 0.000000000000000000e+00
1.001900000000000000e+04 3.744000000000000217e+00 0.000000000000000000e+00
1.002900000000000000e+04 3.744000000000000217e+00 0.000000000000000000e+00
1.003900000000000000e+04 3.744000000000000217e+00 0.000000000000000000e+00
1.004800000000000000e+04 3.744000000000000217e+00 0.000000000000000000e+00
1.005800000000000000e+04 3.744000000000000217e+00 0.000000000000000000e+00
1.006800000000000000e+04 3.744000000000000217e+00 0.000000000000000000e+00
1.007800000000000000e+04 3.744000000000000217e+00 0.000000000000000000e+00
1.008700000000000000e+04 3.744000000000000217e+00 0.000000000000000000e+00
1.009700000000000000e+04 3.744000000000000217e+00 0.000000000000000000e+00
1.010700000000000000e+04 3.744000000000000217e+00 0.000000000000000000e+00
1.011700000000000000e+04 3.744000000000000217e+00 0.000000000000000000e+00
1.012700000000000000e+04 3.744000000000000217e+00 0.000000000000000000e+00
1.013700000000000000e+04 3.744000000000000217e+00 0.000000000000000000e+00
1.014700000000000000e+04 3.744000000000000217e+00 0.000000000000000000e+00
1.015700000000000000e+04 3.744000000000000217e+00 0.000000000000000000e+00
1.016600000000000000e+04 3.744000000000000217e+00 0.000000000000000000e+00
1.017600000000000000e+04 3.744000000000000217e+00 0.000000000000000000e+00
1.018600000000000000e+04 3.744000000000000217e+00 0.000000000000000000e+00
1.019600000000000000e+04 3.744000000000000217e+00 0.000000000000000000e+00
1.020700000000000000e+04 3.744000000000000217e+00 0.000000000000000000e+00
1.021700000000000000e+04 3.744000000000000217e+00 0.000000000000000000e+00
1.022700000000000000e+04 3.744000000000000217e+00 0.000000000000000000e+00
1.023700000000000000e+04 3.744000000000000217e+00 0.000000000000000000e+00
1.024700000000000000e+04 3.744000000000000217e+00 0.000000000000000000e+00
1.025700000000000000e+04 3.744000000000000217e+00 0.000000000000000000e+00
1.026700000000000000e+04 3.744000000000000217e+00 0.000000000000000000e+00
1.027700000000000000e+04 3.744000000000000217e+00 0.000000000000000000e+00
1.028800000000000000e+04 3.744000000000000217e+00 0.000000000000000000e+00
1.029800000000000000e+04 3.744000000000000217e+00 0.000000000000000000e+00
1.030800000000000000e+04 3.744000000000000217e+00 0.000000000000000000e+00
1.031800000000000000e+04 3.744000000000000217e+00 0.000000000000000000e+00
1.032800000000000000e+04 3.744000000000000217e+00 0.000000000000000000e+00
1.033900000000000000e+04 3.744000000000000217e+00 0.000000000000000000e+00
1.034900000000000000e+04 3.744000000000000217e+00 0.000000000000000000e+00
1.035900000000000000e+04 3.744000000000000217e+00 0.000000000000000000e+00
1.037000000000000000e+04 3.744000000000000217e+00 0.000000000000000000e+00
1.038000000000000000e+04 3.744000000000000217e+00 0.000000000000000000e+00
1.039100000000000000e+04 3.744000000000000217e+00 0.000000000000000000e+00
1.040100000000000000e+04 3.744000000000000217e+00 0.000000000000000000e+00
1.041100000000000000e+04 3.744000000000000217e+00 0.000000000000000000e+00
1.042200000000000000e+04 3.744000000000000217e+00 0.000000000000000000e+00
1.043200000000000000e+04 3.744000000000000217e+00 0.000000000000000000e+00
1.044300000000000000e+04 3.742999999999999883e+00 0.000000000000000000e+00
1.045300000000000000e+04 3.742999999999999883e+00 0.000000000000000000e+00
1.046400000000000000e+04 3.742999999999999883e+00 0.000000000000000000e+00
1.047500000000000000e+04 3.742999999999999883e+00 0.000000000000000000e+00
1.048500000000000000e+04 3.742999999999999883e+00 0.000000000000000000e+00
1.049600000000000000e+04 3.742999999999999883e+00 0.000000000000000000e+00
1.050600000000000000e+04 3.742999999999999883e+00 0.000000000000000000e+00
1.051700000000000000e+04 3.742999999999999883e+00 0.000000000000000000e+00
1.052800000000000000e+04 3.742999999999999883e+00 0.000000000000000000e+00
1.053800000000000000e+04 3.742999999999999883e+00 0.000000000000000000e+00
1.054900000000000000e+04 3.742999999999999883e+00 0.000000000000000000e+00
1.056000000000000000e+04 3.742999999999999883e+00 0.000000000000000000e+00
1.057100000000000000e+04 3.742999999999999883e+00 0.000000000000000000e+00
1.058100000000000000e+04 3.742999999999999883e+00 0.000000000000000000e+00
1.059200000000000000e+04 3.742999999999999883e+00 0.000000000000000000e+00
1.060300000000000000e+04 3.742999999999999883e+00 0.000000000000000000e+00
1.061400000000000000e+04 3.742999999999999883e+00 0.000000000000000000e+00
1.062500000000000000e+04 3.742999999999999883e+00 0.000000000000000000e+00
1.063600000000000000e+04 3.742999999999999883e+00 0.000000000000000000e+00
1.064700000000000000e+04 3.742999999999999883e+00 0.000000000000000000e+00
1.065800000000000000e+04 3.742999999999999883e+00 0.000000000000000000e+00
1.066900000000000000e+04 3.742999999999999883e+00 0.000000000000000000e+00
1.068000000000000000e+04 3.742999999999999883e+00 0.000000000000000000e+00
1.069100000000000000e+04 3.742999999999999883e+00 0.000000000000000000e+00
1.070200000000000000e+04 3.742999999999999883e+00 0.000000000000000000e+00
1.071300000000000000e+04 3.742999999999999883e+00 0.000000000000000000e+00
1.072400000000000000e+04 3.742999999999999883e+00 0.000000000000000000e+00
1.073500000000000000e+04 3.742999999999999883e+00 0.000000000000000000e+00
1.074600000000000000e+04 3.742999999999999883e+00 0.000000000000000000e+00
1.075700000000000000e+04 3.742999999999999883e+00 0.000000000000000000e+00
1.076800000000000000e+04 3.742999999999999883e+00 0.000000000000000000e+00
1.077900000000000000e+04 3.742999999999999883e+00 0.000000000000000000e+00
1.079100000000000000e+04 3.742999999999999883e+00 0.000000000000000000e+00
1.080200000000000000e+04 3.742999999999999883e+00 0.000000000000000000e+00
1.081300000000000000e+04 3.742999999999999883e+00 0.000000000000000000e+00
1.082400000000000000e+04 3.742999999999999883e+00 0.000000000000000000e+00
1.083600000000000000e+04 3.742999999999999883e+00 0.000000000000000000e+00
1.084700000000000000e+04 3.742999999999999883e+00 0.000000000000000000e+00
1.085800000000000000e+04 3.742999999999999883e+00 0.000000000000000000e+00
1.087000000000000000e+04 3.742999999999999883e+00 0.000000000000000000e+00
1.088100000000000000e+04 3.742999999999999883e+00 0.000000000000000000e+00
1.089300000000000000e+04 3.742999999999999883e+00 0.000000000000000000e+00
1.090400000000000000e+04 3.742999999999999883e+00 0.000000000000000000e+00
1.091600000000000000e+04 3.742999999999999883e+00 0.000000000000000000e+00
1.092700000000000000e+04 3.742999999999999883e+00 0.000000000000000000e+00
1.093900000000000000e+04 3.742999999999999883e+00 0.000000000000000000e+00
1.095000000000000000e+04 3.742999999999999883e+00 0.000000000000000000e+00
1.096200000000000000e+04 3.742999999999999883e+00 0.000000000000000000e+00
1.097300000000000000e+04 3.742999999999999883e+00 0.000000000000000000e+00
1.098500000000000000e+04 3.742999999999999883e+00 0.000000000000000000e+00
1.099700000000000000e+04 3.742999999999999883e+00 0.000000000000000000e+00
1.100800000000000000e+04 3.742999999999999883e+00 0.000000000000000000e+00
1.102000000000000000e+04 3.742999999999999883e+00 0.000000000000000000e+00
1.103200000000000000e+04 3.742999999999999883e+00 0.000000000000000000e+00
1.104300000000000000e+04 3.742999999999999883e+00 0.000000000000000000e+00
1.105500000000000000e+04 3.742999999999999883e+00 0.000000000000000000e+00
1.106700000000000000e+04 3.742999999999999883e+00 0.000000000000000000e+00
1.107900000000000000e+04 3.742999999999999883e+00 0.000000000000000000e+00
1.109100000000000000e+04 3.742999999999999883e+00 0.000000000000000000e+00
1.110300000000000000e+04 3.742999999999999883e+00 0.000000000000000000e+00
1.111400000000000000e+04 3.742999999999999883e+00 0.000000000000000000e+00
1.112600000000000000e+04 3.742999999999999883e+00 0.000000000000000000e+00
1.113800000000000000e+04 3.742999999999999883e+00 0.000000000000000000e+00
1.115000000000000000e+04 3.742999999999999883e+00 0.000000000000000000e+00
1.116200000000000000e+04 3.742999999999999883e+00 0.000000000000000000e+00
1.117400000000000000e+04 3.742999999999999883e+00 0.000000000000000000e+00
1.118600000000000000e+04 3.742999999999999883e+00 0.000000000000000000e+00
1.119900000000000000e+04 3.742999999999999883e+00 0.000000000000000000e+00
1.121100000000000000e+04 3.742999999999999883e+00 0.000000000000000000e+00
1.122300000000000000e+04 3.742999999999999883e+00 0.000000000000000000e+00
1.123500000000000000e+04 3.742999999999999883e+00 0.000000000000000000e+00
1.124700000000000000e+04 3.742999999999999883e+00 0.000000000000000000e+00
1.125900000000000000e+04 3.742999999999999883e+00 0.000000000000000000e+00
1.127200000000000000e+04 3.742999999999999883e+00 0.000000000000000000e+00
1.128400000000000000e+04 3.742999999999999883e+00 0.000000000000000000e+00
1.129600000000000000e+04 3.742999999999999883e+00 0.000000000000000000e+00
1.130800000000000000e+04 3.742999999999999883e+00 0.000000000000000000e+00
1.132100000000000000e+04 3.742999999999999883e+00 0.000000000000000000e+00
1.133300000000000000e+04 3.742999999999999883e+00 0.000000000000000000e+00
1.134600000000000000e+04 3.742999999999999883e+00 0.000000000000000000e+00
1.135800000000000000e+04 3.742999999999999883e+00 0.000000000000000000e+00
1.137000000000000000e+04 3.742999999999999883e+00 0.000000000000000000e+00
1.138300000000000000e+04 3.742999999999999883e+00 0.000000000000000000e+00
1.139500000000000000e+04 3.742999999999999883e+00 0.000000000000000000e+00
1.140800000000000000e+04 3.742999999999999883e+00 0.000000000000000000e+00
1.142100000000000000e+04 3.742999999999999883e+00 0.000000000000000000e+00
1.143300000000000000e+04 3.742999999999999883e+00 0.000000000000000000e+00
1.144600000000000000e+04 3.742999999999999883e+00 0.000000000000000000e+00
1.145800000000000000e+04 3.742999999999999883e+00 0.000000000000000000e+00
1.147100000000000000e+04 3.742999999999999883e+00 0.000000000000000000e+00
1.148400000000000000e+04 3.742999999999999883e+00 0.000000000000000000e+00
1.149600000000000000e+04 3.742999999999999883e+00 0.000000000000000000e+00
1.150900000000000000e+04 3.742999999999999883e+00 0.000000000000000000e+00
1.152200000000000000e+04 3.742999999999999883e+00 0.000000000000000000e+00
1.153500000000000000e+04 3.742999999999999883e+00 0.000000000000000000e+00
1.154800000000000000e+04 3.742999999999999883e+00 0.000000000000000000e+00
1.156100000000000000e+04 3.742999999999999883e+00 0.000000000000000000e+00
1.157300000000000000e+04 3.742999999999999883e+00 0.000000000000000000e+00
1.158600000000000000e+04 3.742999999999999883e+00 0.000000000000000000e+00
1.159900000000000000e+04 3.742999999999999883e+00 0.000000000000000000e+00
1.161200000000000000e+04 3.742999999999999883e+00 0.000000000000000000e+00
1.162500000000000000e+04 3.742999999999999883e+00 0.000000000000000000e+00
1.163800000000000000e+04 3.742999999999999883e+00 0.000000000000000000e+00
1.165100000000000000e+04 3.742999999999999883e+00 0.000000000000000000e+00
1.166500000000000000e+04 3.742999999999999883e+00 0.000000000000000000e+00
1.167800000000000000e+04 3.742999999999999883e+00 0.000000000000000000e+00
1.169100000000000000e+04 3.741999999999999993e+00 0.000000000000000000e+00
1.170400000000000000e+04 3.741999999999999993e+00 0.000000000000000000e+00
1.171700000000000000e+04 3.741999999999999993e+00 0.000000000000000000e+00
1.173100000000000000e+04 3.741999999999999993e+00 0.000000000000000000e+00
1.174400000000000000e+04 3.741999999999999993e+00 0.000000000000000000e+00
1.175700000000000000e+04 3.741999999999999993e+00 0.000000000000000000e+00
1.177100000000000000e+04 3.741999999999999993e+00 0.000000000000000000e+00
1.178400000000000000e+04 3.741999999999999993e+00 0.000000000000000000e+00
1.179700000000000000e+04 3.741999999999999993e+00 0.000000000000000000e+00
1.181100000000000000e+04 3.741999999999999993e+00 0.000000000000000000e+00
1.182400000000000000e+04 3.741999999999999993e+00 0.000000000000000000e+00
1.183800000000000000e+04 3.741999999999999993e+00 0.000000000000000000e+00
1.185100000000000000e+04 3.741999999999999993e+00 0.000000000000000000e+00
1.186500000000000000e+04 3.741999999999999993e+00 0.000000000000000000e+00
1.187800000000000000e+04 3.741999999999999993e+00 0.000000000000000000e+00
1.189200000000000000e+04 3.741999999999999993e+00 0.000000000000000000e+00
1.190600000000000000e+04 3.741999999999999993e+00 0.000000000000000000e+00
1.191900000000000000e+04 3.741999999999999993e+00 0.000000000000000000e+00
1.193300000000000000e+04 3.741999999999999993e+00 0.000000000000000000e+00
1.194700000000000000e+04 3.741999999999999993e+00 0.000000000000000000e+00
1.196100000000000000e+04 3.741999999999999993e+00 0.000000000000000000e+00
1.197400000000000000e+04 3.741999999999999993e+00 0.000000000000000000e+00
1.198800000000000000e+04 3.741999999999999993e+00 0.000000000000000000e+00
1.200200000000000000e+04 3.741999999999999993e+00 0.000000000000000000e+00
1.201600000000000000e+04 3.741999999999999993e+00 0.000000000000000000e+00
1.203000000000000000e+04 3.741999999999999993e+00 0.000000000000000000e+00
1.204400000000000000e+04 3.741999999999999993e+00 0.000000000000000000e+00
1.205800000000000000e+04 3.741999999999999993e+00 0.000000000000000000e+00
1.207200000000000000e+04 3.741999999999999993e+00 0.000000000000000000e+00
1.208600000000000000e+04 3.741999999999999993e+00 0.000000000000000000e+00
1.210000000000000000e+04 3.741999999999999993e+00 0.000000000000000000e+00
1.211400000000000000e+04 3.741999999999999993e+00 0.000000000000000000e+00
1.212800000000000000e+04 3.741999999999999993e+00 0.000000000000000000e+00
1.214300000000000000e+04 3.741999999999999993e+00 0.000000000000000000e+00
1.215700000000000000e+04 3.741999999999999993e+00 0.000000000000000000e+00
1.217100000000000000e+04 3.741999999999999993e+00 0.000000000000000000e+00
1.218500000000000000e+04 3.741999999999999993e+00 0.000000000000000000e+00
1.220000000000000000e+04 3.741999999999999993e+00 0.000000000000000000e+00
1.221400000000000000e+04 3.741999999999999993e+00 0.000000000000000000e+00
1.222900000000000000e+04 3.741999999999999993e+00 0.000000000000000000e+00
1.224300000000000000e+04 3.741999999999999993e+00 0.000000000000000000e+00
1.225700000000000000e+04 3.741999999999999993e+00 0.000000000000000000e+00
1.227200000000000000e+04 3.741999999999999993e+00 0.000000000000000000e+00
1.228700000000000000e+04 3.741999999999999993e+00 0.000000000000000000e+00
1.230100000000000000e+04 3.741999999999999993e+00 0.000000000000000000e+00
1.231600000000000000e+04 3.741999999999999993e+00 0.000000000000000000e+00
1.233000000000000000e+04 3.741999999999999993e+00 0.000000000000000000e+00
1.234500000000000000e+04 3.741999999999999993e+00 0.000000000000000000e+00
1.236000000000000000e+04 3.741999999999999993e+00 0.000000000000000000e+00
1.237400000000000000e+04 3.741999999999999993e+00 0.000000000000000000e+00
1.238900000000000000e+04 3.741999999999999993e+00 0.000000000000000000e+00
1.240400000000000000e+04 3.741999999999999993e+00 0.000000000000000000e+00
1.241900000000000000e+04 3.741999999999999993e+00 0.000000000000000000e+00
1.243400000000000000e+04 3.741999999999999993e+00 0.000000000000000000e+00
1.244900000000000000e+04 3.741999999999999993e+00 0.000000000000000000e+00
1.246400000000000000e+04 3.741999999999999993e+00 0.000000000000000000e+00
1.247900000000000000e+04 3.741999999999999993e+00 0.000000000000000000e+00
1.249400000000000000e+04 3.741999999999999993e+00 0.000000000000000000e+00
1.250900000000000000e+04 3.741999999999999993e+00 0.000000000000000000e+00
1.252400000000000000e+04 3.741999999999999993e+00 0.000000000000000000e+00
1.253900000000000000e+04 3.741999999999999993e+00 0.000000000000000000e+00
1.255400000000000000e+04 3.741999999999999993e+00 0.000000000000000000e+00
1.256900000000000000e+04 3.741999999999999993e+00 0.000000000000000000e+00
1.258500000000000000e+04 3.741999999999999993e+00 0.000000000000000000e+00
1.260000000000000000e+04 3.741999999999999993e+00 0.000000000000000000e+00
1.261500000000000000e+04 3.741999999999999993e+00 0.000000000000000000e+00
1.263100000000000000e+04 3.741999999999999993e+00 0.000000000000000000e+00
1.264600000000000000e+04 3.741999999999999993e+00 0.000000000000000000e+00
1.266200000000000000e+04 3.741999999999999993e+00 0.000000000000000000e+00
1.267700000000000000e+04 3.741999999999999993e+00 0.000000000000000000e+00
1.269300000000000000e+04 3.741999999999999993e+00 0.000000000000000000e+00
1.270800000000000000e+04 3.741999999999999993e+00 0.000000000000000000e+00
1.272400000000000000e+04 3.741999999999999993e+00 0.000000000000000000e+00
1.273900000000000000e+04 3.741999999999999993e+00 0.000000000000000000e+00
1.275500000000000000e+04 3.741999999999999993e+00 0.000000000000000000e+00
1.277100000000000000e+04 3.741999999999999993e+00 0.000000000000000000e+00
1.278600000000000000e+04 3.741999999999999993e+00 0.000000000000000000e+00
1.280200000000000000e+04 3.741999999999999993e+00 0.000000000000000000e+00
1.281800000000000000e+04 3.741999999999999993e+00 0.000000000000000000e+00
1.283400000000000000e+04 3.741999999999999993e+00 0.000000000000000000e+00
1.285000000000000000e+04 3.741999999999999993e+00 0.000000000000000000e+00
1.286600000000000000e+04 3.741999999999999993e+00 0.000000000000000000e+00
1.288200000000000000e+04 3.741999999999999993e+00 0.000000000000000000e+00
1.289800000000000000e+04 3.741999999999999993e+00 0.000000000000000000e+00
1.291400000000000000e+04 3.741999999999999993e+00 0.000000000000000000e+00
1.293000000000000000e+04 3.741999999999999993e+00 0.000000000000000000e+00
1.294600000000000000e+04 3.741999999999999993e+00 0.000000000000000000e+00
1.296200000000000000e+04 3.741999999999999993e+00 0.000000000000000000e+00
1.297900000000000000e+04 3.741999999999999993e+00 0.000000000000000000e+00
1.299500000000000000e+04 3.741999999999999993e+00 0.000000000000000000e+00
1.301100000000000000e+04 3.741999999999999993e+00 0.000000000000000000e+00
1.302700000000000000e+04 3.741999999999999993e+00 0.000000000000000000e+00
1.304400000000000000e+04 3.741999999999999993e+00 0.000000000000000000e+00
1.306000000000000000e+04 3.741999999999999993e+00 0.000000000000000000e+00
1.307700000000000000e+04 3.741999999999999993e+00 0.000000000000000000e+00
1.309300000000000000e+04 3.741999999999999993e+00 0.000000000000000000e+00
1.311000000000000000e+04 3.741999999999999993e+00 0.000000000000000000e+00
1.312600000000000000e+04 3.741999999999999993e+00 0.000000000000000000e+00
1.314300000000000000e+04 3.741999999999999993e+00 0.000000000000000000e+00
1.316000000000000000e+04 3.741999999999999993e+00 0.000000000000000000e+00
1.317600000000000000e+04 3.741999999999999993e+00 0.000000000000000000e+00
1.319300000000000000e+04 3.741999999999999993e+00 0.000000000000000000e+00
1.321000000000000000e+04 3.741999999999999993e+00 0.000000000000000000e+00
1.322700000000000000e+04 3.741999999999999993e+00 0.000000000000000000e+00
1.324400000000000000e+04 3.741999999999999993e+00 0.000000000000000000e+00
1.326100000000000000e+04 3.741999999999999993e+00 0.000000000000000000e+00
1.327800000000000000e+04 3.741999999999999993e+00 0.000000000000000000e+00
1.329500000000000000e+04 3.741999999999999993e+00 0.000000000000000000e+00
1.331200000000000000e+04 3.741999999999999993e+00 0.000000000000000000e+00
1.332900000000000000e+04 3.741999999999999993e+00 0.000000000000000000e+00
1.334600000000000000e+04 3.741999999999999993e+00 0.000000000000000000e+00
1.336300000000000000e+04 3.741999999999999993e+00 0.000000000000000000e+00
1.338000000000000000e+04 3.741999999999999993e+00 0.000000000000000000e+00
1.339800000000000000e+04 3.741999999999999993e+00 0.000000000000000000e+00
1.341500000000000000e+04 3.741999999999999993e+00 0.000000000000000000e+00
1.343200000000000000e+04 3.741999999999999993e+00 0.000000000000000000e+00
1.345000000000000000e+04 3.741999999999999993e+00 0.000000000000000000e+00
1.346700000000000000e+04 3.741999999999999993e+00 0.000000000000000000e+00
1.348500000000000000e+04 3.741999999999999993e+00 0.000000000000000000e+00
1.350200000000000000e+04 3.741999999999999993e+00 0.000000000000000000e+00
1.352000000000000000e+04 3.741000000000000103e+00 0.000000000000000000e+00
1.353800000000000000e+04 3.741000000000000103e+00 0.000000000000000000e+00
1.355500000000000000e+04 3.741000000000000103e+00 0.000000000000000000e+00
1.357300000000000000e+04 3.741000000000000103e+00 0.000000000000000000e+00
1.359100000000000000e+04 3.741000000000000103e+00 0.000000000000000000e+00
1.360900000000000000e+04 3.741000000000000103e+00 0.000000000000000000e+00
1.362700000000000000e+04 3.741000000000000103e+00 0.000000000000000000e+00
1.364500000000000000e+04 3.741000000000000103e+00 0.000000000000000000e+00
1.366200000000000000e+04 3.741000000000000103e+00 0.000000000000000000e+00
1.368000000000000000e+04 3.741000000000000103e+00 0.000000000000000000e+00
1.369900000000000000e+04 3.741000000000000103e+00 0.000000000000000000e+00
1.371700000000000000e+04 3.741000000000000103e+00 0.000000000000000000e+00
1.373500000000000000e+04 3.741000000000000103e+00 0.000000000000000000e+00
1.375300000000000000e+04 3.741000000000000103e+00 0.000000000000000000e+00
1.377100000000000000e+04 3.741000000000000103e+00 0.000000000000000000e+00
1.379000000000000000e+04 3.741000000000000103e+00 0.000000000000000000e+00
1.380800000000000000e+04 3.741000000000000103e+00 0.000000000000000000e+00
1.382600000000000000e+04 3.741000000000000103e+00 0.000000000000000000e+00
1.384500000000000000e+04 3.741000000000000103e+00 0.000000000000000000e+00
1.386300000000000000e+04 3.741000000000000103e+00 0.000000000000000000e+00
1.388200000000000000e+04 3.741000000000000103e+00 0.000000000000000000e+00
1.390100000000000000e+04 3.741000000000000103e+00 0.000000000000000000e+00
1.391900000000000000e+04 3.741000000000000103e+00 0.000000000000000000e+00
1.393800000000000000e+04 3.741000000000000103e+00 0.000000000000000000e+00
1.395700000000000000e+04 3.741000000000000103e+00 0.000000000000000000e+00
1.397500000000000000e+04 3.741000000000000103e+00 0.000000000000000000e+00
1.399400000000000000e+04 3.741000000000000103e+00 0.000000000000000000e+00
1.401300000000000000e+04 3.741000000000000103e+00 0.000000000000000000e+00
1.403200000000000000e+04 3.741000000000000103e+00 0.000000000000000000e+00
1.405100000000000000e+04 3.741000000000000103e+00 0.000000000000000000e+00
1.407000000000000000e+04 3.741000000000000103e+00 0.000000000000000000e+00
1.408900000000000000e+04 3.741000000000000103e+00 0.000000000000000000e+00
1.410900000000000000e+04 3.741000000000000103e+00 0.000000000000000000e+00
1.412800000000000000e+04 3.741000000000000103e+00 0.000000000000000000e+00
1.414700000000000000e+04 3.741000000000000103e+00 0.000000000000000000e+00
1.416600000000000000e+04 3.741000000000000103e+00 0.000000000000000000e+00
1.418600000000000000e+04 3.741000000000000103e+00 0.000000000000000000e+00
1.420500000000000000e+04 3.741000000000000103e+00 0.000000000000000000e+00
1.422500000000000000e+04 3.741000000000000103e+00 0.000000000000000000e+00
1.424400000000000000e+04 3.741000000000000103e+00 0.000000000000000000e+00
1.426400000000000000e+04 3.741000000000000103e+00 0.000000000000000000e+00
1.428300000000000000e+04 3.741000000000000103e+00 0.000000000000000000e+00
1.430300000000000000e+04 3.741000000000000103e+00 0.000000000000000000e+00
1.432300000000000000e+04 3.741000000000000103e+00 0.000000000000000000e+00
1.434300000000000000e+04 3.741000000000000103e+00 0.000000000000000000e+00
1.436300000000000000e+04 3.741000000000000103e+00 0.000000000000000000e+00
1.438300000000000000e+04 3.741000000000000103e+00 0.000000000000000000e+00
1.440300000000000000e+04 3.741000000000000103e+00 0.000000000000000000e+00
1.442300000000000000e+04 3.741000000000000103e+00 0.000000000000000000e+00
1.444300000000000000e+04 3.741000000000000103e+00 0.000000000000000000e+00
1.446300000000000000e+04 3.741000000000000103e+00 0.000000000000000000e+00
1.448300000000000000e+04 3.741000000000000103e+00 0.000000000000000000e+00
1.450300000000000000e+04 3.741000000000000103e+00 0.000000000000000000e+00
1.452400000000000000e+04 3.741000000000000103e+00 0.000000000000000000e+00
1.454400000000000000e+04 3.741000000000000103e+00 0.000000000000000000e+00
1.456400000000000000e+04 3.741000000000000103e+00 0.000000000000000000e+00
1.458500000000000000e+04 3.741000000000000103e+00 0.000000000000000000e+00
1.460500000000000000e+04 3.741000000000000103e+00 0.000000000000000000e+00
1.462600000000000000e+04 3.741000000000000103e+00 0.000000000000000000e+00
1.464700000000000000e+04 3.741000000000000103e+00 0.000000000000000000e+00
1.466700000000000000e+04 3.741000000000000103e+00 0.000000000000000000e+00
1.468800000000000000e+04 3.741000000000000103e+00 0.000000000000000000e+00
1.470900000000000000e+04 3.741000000000000103e+00 0.000000000000000000e+00
1.473000000000000000e+04 3.741000000000000103e+00 0.000000000000000000e+00
1.475100000000000000e+04 3.741000000000000103e+00 0.000000000000000000e+00
1.477200000000000000e+04 3.741000000000000103e+00 0.000000000000000000e+00
1.479300000000000000e+04 3.741000000000000103e+00 0.000000000000000000e+00
1.481400000000000000e+04 3.741000000000000103e+00 0.000000000000000000e+00
1.483500000000000000e+04 3.741000000000000103e+00 0.000000000000000000e+00
1.485600000000000000e+04 3.741000000000000103e+00 0.000000000000000000e+00
1.487800000000000000e+04 3.741000000000000103e+00 0.000000000000000000e+00
1.489900000000000000e+04 3.741000000000000103e+00 0.000000000000000000e+00
1.492100000000000000e+04 3.741000000000000103e+00 0.000000000000000000e+00
1.494200000000000000e+04 3.741000000000000103e+00 0.000000000000000000e+00
1.496400000000000000e+04 3.741000000000000103e+00 0.000000000000000000e+00
1.498500000000000000e+04 3.741000000000000103e+00 0.000000000000000000e+00
1.500700000000000000e+04 3.741000000000000103e+00 0.000000000000000000e+00
1.502900000000000000e+04 3.741000000000000103e+00 0.000000000000000000e+00
1.505100000000000000e+04 3.741000000000000103e+00 0.000000000000000000e+00
1.507200000000000000e+04 3.741000000000000103e+00 0.000000000000000000e+00
1.509400000000000000e+04 3.741000000000000103e+00 0.000000000000000000e+00
1.511600000000000000e+04 3.741000000000000103e+00 0.000000000000000000e+00
1.513800000000000000e+04 3.741000000000000103e+00 0.000000000000000000e+00
1.516100000000000000e+04 3.741000000000000103e+00 0.000000000000000000e+00
1.518300000000000000e+04 3.741000000000000103e+00 0.000000000000000000e+00
1.520500000000000000e+04 3.741000000000000103e+00 0.000000000000000000e+00
1.522700000000000000e+04 3.741000000000000103e+00 0.000000000000000000e+00
1.525000000000000000e+04 3.741000000000000103e+00 0.000000000000000000e+00
1.527200000000000000e+04 3.741000000000000103e+00 0.000000000000000000e+00
1.529500000000000000e+04 3.741000000000000103e+00 0.000000000000000000e+00
1.531700000000000000e+04 3.741000000000000103e+00 0.000000000000000000e+00
1.534000000000000000e+04 3.741000000000000103e+00 0.000000000000000000e+00
1.536300000000000000e+04 3.741000000000000103e+00 0.000000000000000000e+00
1.538500000000000000e+04 3.741000000000000103e+00 0.000000000000000000e+00
1.540800000000000000e+04 3.741000000000000103e+00 0.000000000000000000e+00
1.543100000000000000e+04 3.741000000000000103e+00 0.000000000000000000e+00
1.545400000000000000e+04 3.741000000000000103e+00 0.000000000000000000e+00
1.547700000000000000e+04 3.741000000000000103e+00 0.000000000000000000e+00
1.550000000000000000e+04 3.741000000000000103e+00 0.000000000000000000e+00
1.552400000000000000e+04 3.741000000000000103e+00 0.000000000000000000e+00
1.554700000000000000e+04 3.741000000000000103e+00 0.000000000000000000e+00
1.557000000000000000e+04 3.741000000000000103e+00 0.000000000000000000e+00
1.559400000000000000e+04 3.741000000000000103e+00 0.000000000000000000e+00
1.561700000000000000e+04 3.741000000000000103e+00 0.000000000000000000e+00
1.564100000000000000e+04 3.741000000000000103e+00 0.000000000000000000e+00
1.566400000000000000e+04 3.741000000000000103e+00 0.000000000000000000e+00
1.568800000000000000e+04 3.741000000000000103e+00 0.000000000000000000e+00
1.571200000000000000e+04 3.741000000000000103e+00 0.000000000000000000e+00
1.573600000000000000e+04 3.741000000000000103e+00 0.000000000000000000e+00
1.576000000000000000e+04 3.741000000000000103e+00 0.000000000000000000e+00
1.578400000000000000e+04 3.741000000000000103e+00 0.000000000000000000e+00
1.580800000000000000e+04 3.741000000000000103e+00 0.000000000000000000e+00
1.583200000000000000e+04 3.741000000000000103e+00 0.000000000000000000e+00
1.585600000000000000e+04 3.741000000000000103e+00 0.000000000000000000e+00
1.588000000000000000e+04 3.741000000000000103e+00 0.000000000000000000e+00
1.590500000000000000e+04 3.741000000000000103e+00 0.000000000000000000e+00
1.592900000000000000e+04 3.741000000000000103e+00 0.000000000000000000e+00
1.595400000000000000e+04 3.741000000000000103e+00 0.000000000000000000e+00
1.597800000000000000e+04 3.741000000000000103e+00 0.000000000000000000e+00
1.600300000000000000e+04 3.741000000000000103e+00 0.000000000000000000e+00
1.602799999999999818e+04 3.741000000000000103e+00 0.000000000000000000e+00
1.605200000000000000e+04 3.741000000000000103e+00 0.000000000000000000e+00
1.607700000000000182e+04 3.741000000000000103e+00 0.000000000000000000e+00
1.610200000000000000e+04 3.741000000000000103e+00 0.000000000000000000e+00
1.612699999999999818e+04 3.741000000000000103e+00 0.000000000000000000e+00
1.615200000000000182e+04 3.741000000000000103e+00 0.000000000000000000e+00
1.617800000000000000e+04 3.741000000000000103e+00 0.000000000000000000e+00
1.620300000000000000e+04 3.741000000000000103e+00 0.000000000000000000e+00
1.622800000000000182e+04 3.741000000000000103e+00 0.000000000000000000e+00
1.625400000000000182e+04 3.741000000000000103e+00 0.000000000000000000e+00
1.627900000000000000e+04 3.741000000000000103e+00 0.000000000000000000e+00
1.630500000000000000e+04 3.741000000000000103e+00 0.000000000000000000e+00
1.632999999999999818e+04 3.741000000000000103e+00 0.000000000000000000e+00
1.635600000000000182e+04 3.741000000000000103e+00 0.000000000000000000e+00
1.638200000000000182e+04 3.741000000000000103e+00 0.000000000000000000e+00
1.640800000000000000e+04 3.741000000000000103e+00 0.000000000000000000e+00
1.643400000000000000e+04 3.741000000000000103e+00 0.000000000000000000e+00
1.646000000000000000e+04 3.741000000000000103e+00 0.000000000000000000e+00
1.648600000000000000e+04 3.741000000000000103e+00 0.000000000000000000e+00
1.651200000000000000e+04 3.741000000000000103e+00 0.000000000000000000e+00
1.653900000000000000e+04 3.741000000000000103e+00 0.000000000000000000e+00
1.656500000000000000e+04 3.741000000000000103e+00 0.000000000000000000e+00
1.659200000000000000e+04 3.741000000000000103e+00 0.000000000000000000e+00
1.661800000000000000e+04 3.740000000000000213e+00 0.000000000000000000e+00
1.664500000000000000e+04 3.740000000000000213e+00 0.000000000000000000e+00
1.667200000000000000e+04 3.740000000000000213e+00 0.000000000000000000e+00
1.669900000000000000e+04 3.740000000000000213e+00 0.000000000000000000e+00
1.672600000000000000e+04 3.740000000000000213e+00 0.000000000000000000e+00
1.675300000000000000e+04 3.740000000000000213e+00 0.000000000000000000e+00
1.678000000000000000e+04 3.740000000000000213e+00 0.000000000000000000e+00
1.680700000000000000e+04 3.740000000000000213e+00 0.000000000000000000e+00
1.683400000000000000e+04 3.740000000000000213e+00 0.000000000000000000e+00
1.686200000000000000e+04 3.740000000000000213e+00 0.000000000000000000e+00
1.688900000000000000e+04 3.740000000000000213e+00 0.000000000000000000e+00
1.691600000000000000e+04 3.740000000000000213e+00 0.000000000000000000e+00
1.694400000000000000e+04 3.740000000000000213e+00 0.000000000000000000e+00
1.697200000000000000e+04 3.740000000000000213e+00 0.000000000000000000e+00
1.700000000000000000e+04 3.740000000000000213e+00 0.000000000000000000e+00
1.702800000000000000e+04 3.740000000000000213e+00 0.000000000000000000e+00
1.705600000000000000e+04 3.740000000000000213e+00 0.000000000000000000e+00
1.708400000000000000e+04 3.740000000000000213e+00 0.000000000000000000e+00
1.711200000000000000e+04 3.740000000000000213e+00 0.000000000000000000e+00
1.714000000000000000e+04 3.740000000000000213e+00 0.000000000000000000e+00
1.716900000000000000e+04 3.740000000000000213e+00 0.000000000000000000e+00
1.719700000000000000e+04 3.740000000000000213e+00 0.000000000000000000e+00
1.722600000000000000e+04 3.740000000000000213e+00 0.000000000000000000e+00
1.725400000000000000e+04 3.740000000000000213e+00 0.000000000000000000e+00
1.728300000000000000e+04 3.740000000000000213e+00 0.000000000000000000e+00
1.731200000000000000e+04 3.740000000000000213e+00 0.000000000000000000e+00
1.734100000000000000e+04 3.740000000000000213e+00 0.000000000000000000e+00
1.737000000000000000e+04 3.740000000000000213e+00 0.000000000000000000e+00
1.739900000000000000e+04 3.740000000000000213e+00 0.000000000000000000e+00
1.742800000000000000e+04 3.740000000000000213e+00 0.000000000000000000e+00
1.745800000000000000e+04 3.740000000000000213e+00 0.000000000000000000e+00
1.748700000000000000e+04 3.740000000000000213e+00 0.000000000000000000e+00
1.751700000000000000e+04 3.740000000000000213e+00 0.000000000000000000e+00
1.754600000000000000e+04 3.740000000000000213e+00 0.000000000000000000e+00
1.757600000000000000e+04 3.740000000000000213e+00 0.000000000000000000e+00
1.760600000000000000e+04 3.740000000000000213e+00 0.000000000000000000e+00
1.763600000000000000e+04 3.740000000000000213e+00 0.000000000000000000e+00
1.766600000000000000e+04 3.740000000000000213e+00 0.000000000000000000e+00
1.769600000000000000e+04 3.740000000000000213e+00 0.000000000000000000e+00
1.772600000000000000e+04 3.740000000000000213e+00 0.000000000000000000e+00
1.775700000000000000e+04 3.740000000000000213e+00 0.000000000000000000e+00
1.778700000000000000e+04 3.740000000000000213e+00 0.000000000000000000e+00
1.781800000000000000e+04 3.740000000000000213e+00 0.000000000000000000e+00
1.784800000000000000e+04 3.740000000000000213e+00 0.000000000000000000e+00
1.787900000000000000e+04 3.740000000000000213e+00 0.000000000000000000e+00
1.791000000000000000e+04 3.740000000000000213e+00 0.000000000000000000e+00
1.794100000000000000e+04 3.740000000000000213e+00 0.000000000000000000e+00
1.797200000000000000e+04 3.740000000000000213e+00 0.000000000000000000e+00
1.800300000000000000e+04 3.740000000000000213e+00 0.000000000000000000e+00
1.803400000000000000e+04 3.740000000000000213e+00 0.000000000000000000e+00
1.806600000000000000e+04 3.740000000000000213e+00 0.000000000000000000e+00
1.809700000000000000e+04 3.740000000000000213e+00 0.000000000000000000e+00
1.812900000000000000e+04 3.740000000000000213e+00 0.000000000000000000e+00
1.816100000000000000e+04 3.740000000000000213e+00 0.000000000000000000e+00
1.819300000000000000e+04 3.740000000000000213e+00 0.000000000000000000e+00
1.822500000000000000e+04 3.740000000000000213e+00 0.000000000000000000e+00
1.825700000000000000e+04 3.740000000000000213e+00 0.000000000000000000e+00
1.828900000000000000e+04 3.740000000000000213e+00 0.000000000000000000e+00
1.832100000000000000e+04 3.740000000000000213e+00 0.000000000000000000e+00
1.835400000000000000e+04 3.740000000000000213e+00 0.000000000000000000e+00
1.838600000000000000e+04 3.740000000000000213e+00 0.000000000000000000e+00
1.841900000000000000e+04 3.740000000000000213e+00 0.000000000000000000e+00
1.845200000000000000e+04 3.740000000000000213e+00 0.000000000000000000e+00
1.848500000000000000e+04 3.740000000000000213e+00 0.000000000000000000e+00
1.851800000000000000e+04 3.740000000000000213e+00 0.000000000000000000e+00
1.855100000000000000e+04 3.740000000000000213e+00 0.000000000000000000e+00
1.858400000000000000e+04 3.740000000000000213e+00 0.000000000000000000e+00
1.861700000000000000e+04 3.740000000000000213e+00 0.000000000000000000e+00
1.865100000000000000e+04 3.740000000000000213e+00 0.000000000000000000e+00
1.868400000000000000e+04 3.740000000000000213e+00 0.000000000000000000e+00
1.871800000000000000e+04 3.740000000000000213e+00 0.000000000000000000e+00
1.875200000000000000e+04 3.740000000000000213e+00 0.000000000000000000e+00
1.878600000000000000e+04 3.740000000000000213e+00 0.000000000000000000e+00
1.882000000000000000e+04 3.740000000000000213e+00 0.000000000000000000e+00
1.885400000000000000e+04 3.740000000000000213e+00 0.000000000000000000e+00
1.888900000000000000e+04 3.740000000000000213e+00 0.000000000000000000e+00
1.892300000000000000e+04 3.740000000000000213e+00 0.000000000000000000e+00
1.895800000000000000e+04 3.740000000000000213e+00 0.000000000000000000e+00
1.899200000000000000e+04 3.740000000000000213e+00 0.000000000000000000e+00
1.902700000000000000e+04 3.740000000000000213e+00 0.000000000000000000e+00
1.906200000000000000e+04 3.740000000000000213e+00 0.000000000000000000e+00
1.909700000000000000e+04 3.740000000000000213e+00 0.000000000000000000e+00
1.913200000000000000e+04 3.740000000000000213e+00 0.000000000000000000e+00
1.916800000000000000e+04 3.740000000000000213e+00 0.000000000000000000e+00
1.920300000000000000e+04 3.740000000000000213e+00 0.000000000000000000e+00
1.923900000000000000e+04 3.740000000000000213e+00 0.000000000000000000e+00
1.927500000000000000e+04 3.740000000000000213e+00 0.000000000000000000e+00
1.931100000000000000e+04 3.740000000000000213e+00 0.000000000000000000e+00
1.934700000000000000e+04 3.740000000000000213e+00 0.000000000000000000e+00
1.938300000000000000e+04 3.740000000000000213e+00 0.000000000000000000e+00
1.941900000000000000e+04 3.740000000000000213e+00 0.000000000000000000e+00
1.945600000000000000e+04 3.740000000000000213e+00 0.000000000000000000e+00
1.949200000000000000e+04 3.740000000000000213e+00 0.000000000000000000e+00
1.952900000000000000e+04 3.740000000000000213e+00 0.000000000000000000e+00
1.956600000000000000e+04 3.740000000000000213e+00 0.000000000000000000e+00
1.960300000000000000e+04 3.740000000000000213e+00 0.000000000000000000e+00
1.964000000000000000e+04 3.740000000000000213e+00 0.000000000000000000e+00
1.967700000000000000e+04 3.740000000000000213e+00 0.000000000000000000e+00
1.971400000000000000e+04 3.740000000000000213e+00 0.000000000000000000e+00
1.975200000000000000e+04 3.740000000000000213e+00 0.000000000000000000e+00
1.979000000000000000e+04 3.740000000000000213e+00 0.000000000000000000e+00
1.982800000000000000e+04 3.740000000000000213e+00 0.000000000000000000e+00
1.986600000000000000e+04 3.740000000000000213e+00 0.000000000000000000e+00
1.990400000000000000e+04 3.740000000000000213e+00 0.000000000000000000e+00
1.994200000000000000e+04 3.740000000000000213e+00 0.000000000000000000e+00
1.998000000000000000e+04 3.740000000000000213e+00 0.000000000000000000e+00
2.001900000000000000e+04 3.740000000000000213e+00 0.000000000000000000e+00
2.005800000000000000e+04 3.740000000000000213e+00 0.000000000000000000e+00
2.009700000000000000e+04 3.740000000000000213e+00 0.000000000000000000e+00
2.013600000000000000e+04 3.740000000000000213e+00 0.000000000000000000e+00
2.017500000000000000e+04 3.740000000000000213e+00 0.000000000000000000e+00
2.021400000000000000e+04 3.740000000000000213e+00 0.000000000000000000e+00
2.025400000000000000e+04 3.740000000000000213e+00 0.000000000000000000e+00
2.029300000000000000e+04 3.740000000000000213e+00 0.000000000000000000e+00
2.033300000000000000e+04 3.740000000000000213e+00 0.000000000000000000e+00
2.037300000000000000e+04 3.740000000000000213e+00 0.000000000000000000e+00
2.041300000000000000e+04 3.740000000000000213e+00 0.000000000000000000e+00
2.045300000000000000e+04 3.740000000000000213e+00 0.000000000000000000e+00
2.049400000000000000e+04 3.740000000000000213e+00 0.000000000000000000e+00
2.053400000000000000e+04 3.740000000000000213e+00 0.000000000000000000e+00
2.057500000000000000e+04 3.740000000000000213e+00 0.000000000000000000e+00
2.061600000000000000e+04 3.740000000000000213e+00 0.000000000000000000e+00
2.065700000000000000e+04 3.740000000000000213e+00 0.000000000000000000e+00
2.069800000000000000e+04 3.740000000000000213e+00 0.000000000000000000e+00
2.074000000000000000e+04 3.740000000000000213e+00 0.000000000000000000e+00
2.078100000000000000e+04 3.740000000000000213e+00 0.000000000000000000e+00
2.082300000000000000e+04 3.740000000000000213e+00 0.000000000000000000e+00
2.086500000000000000e+04 3.740000000000000213e+00 0.000000000000000000e+00
2.090700000000000000e+04 3.740000000000000213e+00 0.000000000000000000e+00
2.094900000000000000e+04 3.740000000000000213e+00 0.000000000000000000e+00
2.099200000000000000e+04 3.740000000000000213e+00 0.000000000000000000e+00
2.103400000000000000e+04 3.740000000000000213e+00 0.000000000000000000e+00
2.107700000000000000e+04 3.740000000000000213e+00 0.000000000000000000e+00
2.112000000000000000e+04 3.740000000000000213e+00 0.000000000000000000e+00
2.116300000000000000e+04 3.740000000000000213e+00 0.000000000000000000e+00
2.120600000000000000e+04 3.740000000000000213e+00 0.000000000000000000e+00
2.125000000000000000e+04 3.740000000000000213e+00 0.000000000000000000e+00
2.129300000000000000e+04 3.740000000000000213e+00 0.000000000000000000e+00
2.133700000000000000e+04 3.740000000000000213e+00 0.000000000000000000e+00
2.138100000000000000e+04 3.740000000000000213e+00 0.000000000000000000e+00
2.142500000000000000e+04 3.740000000000000213e+00 0.000000000000000000e+00
2.147000000000000000e+04 3.740000000000000213e+00 0.000000000000000000e+00
2.151400000000000000e+04 3.740000000000000213e+00 0.000000000000000000e+00
2.155900000000000000e+04 3.740000000000000213e+00 0.000000000000000000e+00
2.160400000000000000e+04 3.740000000000000213e+00 0.000000000000000000e+00
2.164900000000000000e+04 3.740000000000000213e+00 0.000000000000000000e+00
2.169400000000000000e+04 3.740000000000000213e+00 0.000000000000000000e+00
2.174000000000000000e+04 3.740000000000000213e+00 0.000000000000000000e+00
2.178500000000000000e+04 3.740000000000000213e+00 0.000000000000000000e+00
2.183100000000000000e+04 3.740000000000000213e+00 0.000000000000000000e+00
2.187700000000000000e+04 3.740000000000000213e+00 0.000000000000000000e+00
2.192400000000000000e+04 3.740000000000000213e+00 0.000000000000000000e+00
2.197000000000000000e+04 3.740000000000000213e+00 0.000000000000000000e+00
2.201700000000000000e+04 3.740000000000000213e+00 0.000000000000000000e+00
2.206300000000000000e+04 3.740000000000000213e+00 0.000000000000000000e+00
2.211000000000000000e+04 3.740000000000000213e+00 0.000000000000000000e+00
2.215800000000000000e+04 3.740000000000000213e+00 0.000000000000000000e+00
2.220500000000000000e+04 3.740000000000000213e+00 0.000000000000000000e+00
2.225300000000000000e+04 3.740000000000000213e+00 0.000000000000000000e+00
2.230100000000000000e+04 3.740000000000000213e+00 0.000000000000000000e+00
2.234900000000000000e+04 3.740000000000000213e+00 0.000000000000000000e+00
2.239700000000000000e+04 3.740000000000000213e+00 0.000000000000000000e+00
2.244500000000000000e+04 3.740000000000000213e+00 0.000000000000000000e+00
2.249400000000000000e+04 3.740000000000000213e+00 0.000000000000000000e+00
2.254300000000000000e+04 3.740000000000000213e+00 0.000000000000000000e+00
2.259200000000000000e+04 3.740000000000000213e+00 0.000000000000000000e+00
2.264200000000000000e+04 3.740000000000000213e+00 0.000000000000000000e+00
2.269100000000000000e+04 3.740000000000000213e+00 0.000000000000000000e+00
2.274100000000000000e+04 3.740000000000000213e+00 0.000000000000000000e+00
2.279100000000000000e+04 3.740000000000000213e+00 0.000000000000000000e+00
2.284100000000000000e+04 3.740000000000000213e+00 0.000000000000000000e+00
2.289100000000000000e+04 3.740000000000000213e+00 0.000000000000000000e+00
2.294200000000000000e+04 3.740000000000000213e+00 0.000000000000000000e+00
2.299300000000000000e+04 3.740000000000000213e+00 0.000000000000000000e+00
2.304400000000000000e+04 3.740000000000000213e+00 0.000000000000000000e+00
2.309500000000000000e+04 3.740000000000000213e+00 0.000000000000000000e+00
2.314700000000000000e+04 3.740000000000000213e+00 0.000000000000000000e+00
2.319900000000000000e+04 3.740000000000000213e+00 0.000000000000000000e+00
2.325100000000000000e+04 3.740000000000000213e+00 0.000000000000000000e+00
2.330300000000000000e+04 3.740000000000000213e+00 0.000000000000000000e+00
2.335500000000000000e+04 3.740000000000000213e+00 0.000000000000000000e+00
2.340800000000000000e+04 3.740000000000000213e+00 0.000000000000000000e+00
2.346100000000000000e+04 3.740000000000000213e+00 0.000000000000000000e+00
2.351400000000000000e+04 3.740000000000000213e+00 0.000000000000000000e+00
2.356800000000000000e+04 3.740000000000000213e+00 0.000000000000000000e+00
2.362100000000000000e+04 3.740000000000000213e+00 0.000000000000000000e+00
2.367500000000000000e+04 3.740000000000000213e+00 0.000000000000000000e+00
2.373000000000000000e+04 3.740000000000000213e+00 0.000000000000000000e+00
2.378400000000000000e+04 3.740000000000000213e+00 0.000000000000000000e+00
2.383900000000000000e+04 3.738999999999999879e+00 0.000000000000000000e+00
2.389400000000000000e+04 3.738999999999999879e+00 0.000000000000000000e+00
2.394900000000000000e+04 3.738999999999999879e+00 0.000000000000000000e+00
2.400400000000000000e+04 3.738999999999999879e+00 0.000000000000000000e+00
2.406000000000000000e+04 3.738999999999999879e+00 0.000000000000000000e+00
2.411600000000000000e+04 3.738999999999999879e+00 0.000000000000000000e+00
2.417200000000000000e+04 3.738999999999999879e+00 0.000000000000000000e+00
2.422900000000000000e+04 3.738999999999999879e+00 0.000000000000000000e+00
2.428500000000000000e+04 3.738999999999999879e+00 0.000000000000000000e+00
2.434200000000000000e+04 3.738999999999999879e+00 0.000000000000000000e+00
2.440000000000000000e+04 3.738999999999999879e+00 0.000000000000000000e+00
2.445700000000000000e+04 3.738999999999999879e+00 0.000000000000000000e+00
2.451500000000000000e+04 3.738999999999999879e+00 0.000000000000000000e+00
2.457300000000000000e+04 3.738999999999999879e+00 0.000000000000000000e+00
2.463100000000000000e+04 3.738999999999999879e+00 0.000000000000000000e+00
2.469000000000000000e+04 3.738999999999999879e+00 0.000000000000000000e+00
2.474900000000000000e+04 3.738999999999999879e+00 0.000000000000000000e+00
2.480800000000000000e+04 3.738999999999999879e+00 0.000000000000000000e+00
2.486800000000000000e+04 3.738999999999999879e+00 0.000000000000000000e+00
2.492700000000000000e+04 3.738999999999999879e+00 0.000000000000000000e+00
2.498800000000000000e+04 3.738999999999999879e+00 0.000000000000000000e+00
2.504800000000000000e+04 3.738999999999999879e+00 0.000000000000000000e+00
2.510900000000000000e+04 3.738999999999999879e+00 0.000000000000000000e+00
2.516900000000000000e+04 3.738999999999999879e+00 0.000000000000000000e+00
2.523100000000000000e+04 3.738999999999999879e+00 0.000000000000000000e+00
2.529200000000000000e+04 3.738999999999999879e+00 0.000000000000000000e+00
2.535400000000000000e+04 3.738999999999999879e+00 0.000000000000000000e+00
2.541600000000000000e+04 3.738999999999999879e+00 0.000000000000000000e+00
2.547900000000000000e+04 3.738999999999999879e+00 0.000000000000000000e+00
2.554100000000000000e+04 3.738999999999999879e+00 0.000000000000000000e+00
2.560400000000000000e+04 3.738999999999999879e+00 0.000000000000000000e+00
2.566800000000000000e+04 3.738999999999999879e+00 0.000000000000000000e+00
2.573200000000000000e+04 3.738999999999999879e+00 0.000000000000000000e+00
2.579600000000000000e+04 3.738999999999999879e+00 0.000000000000000000e+00
2.586000000000000000e+04 3.738999999999999879e+00 0.000000000000000000e+00
2.592500000000000000e+04 3.738999999999999879e+00 0.000000000000000000e+00
2.598900000000000000e+04 3.738999999999999879e+00 0.000000000000000000e+00
2.605500000000000000e+04 3.738999999999999879e+00 0.000000000000000000e+00
2.612000000000000000e+04 3.738999999999999879e+00 0.000000000000000000e+00
2.618600000000000000e+04 3.738999999999999879e+00 0.000000000000000000e+00
2.625300000000000000e+04 3.738999999999999879e+00 0.000000000000000000e+00
2.631900000000000000e+04 3.738999999999999879e+00 0.000000000000000000e+00
2.638600000000000000e+04 3.738999999999999879e+00 0.000000000000000000e+00
2.645400000000000000e+04 3.738999999999999879e+00 0.000000000000000000e+00
2.652100000000000000e+04 3.738999999999999879e+00 0.000000000000000000e+00
2.658900000000000000e+04 3.738999999999999879e+00 0.000000000000000000e+00
2.665800000000000000e+04 3.738999999999999879e+00 0.000000000000000000e+00
2.672600000000000000e+04 3.738999999999999879e+00 0.000000000000000000e+00
2.679500000000000000e+04 3.738999999999999879e+00 0.000000000000000000e+00
2.686500000000000000e+04 3.738999999999999879e+00 0.000000000000000000e+00
2.693500000000000000e+04 3.738999999999999879e+00 0.000000000000000000e+00
2.700500000000000000e+04 3.738999999999999879e+00 0.000000000000000000e+00
2.707500000000000000e+04 3.738999999999999879e+00 0.000000000000000000e+00
2.714600000000000000e+04 3.738999999999999879e+00 0.000000000000000000e+00
2.721700000000000000e+04 3.738999999999999879e+00 0.000000000000000000e+00
2.728900000000000000e+04 3.738999999999999879e+00 0.000000000000000000e+00
2.736100000000000000e+04 3.738999999999999879e+00 0.000000000000000000e+00
2.743300000000000000e+04 3.738999999999999879e+00 0.000000000000000000e+00
2.750600000000000000e+04 3.738999999999999879e+00 0.000000000000000000e+00
2.757900000000000000e+04 3.738999999999999879e+00 0.000000000000000000e+00
2.765300000000000000e+04 3.738999999999999879e+00 0.000000000000000000e+00
2.772700000000000000e+04 3.738999999999999879e+00 0.000000000000000000e+00
2.780100000000000000e+04 3.738999999999999879e+00 0.000000000000000000e+00
2.787600000000000000e+04 3.738999999999999879e+00 0.000000000000000000e+00
2.802700000000000000e+04 3.738999999999999879e+00 0.000000000000000000e+00
2.810300000000000000e+04 3.738999999999999879e+00 0.000000000000000000e+00
2.872500000000000000e+04 3.738999999999999879e+00 0.000000000000000000e+00
2.880500000000000000e+04 3.738999999999999879e+00 0.000000000000000000e+00
2.888500000000000000e+04 3.738999999999999879e+00 0.000000000000000000e+00
2.896600000000000000e+04 3.738999999999999879e+00 0.000000000000000000e+00
2.904700000000000000e+04 3.738999999999999879e+00 0.000000000000000000e+00
2.962800000000000000e+04 3.738999999999999879e+00 0.000000000000000000e+00
