3.502799999999999727e+02 1.677000000000000046e+00 2.633999999999999897e+00
3.518700000000000045e+02 1.687999999999999945e+00 2.645999999999999908e+00
3.534700000000000273e+02 1.699000000000000066e+00 2.657000000000000028e+00
3.550600000000000023e+02 1.709999999999999964e+00 2.666999999999999815e+00
3.566599999999999682e+02 1.721000000000000085e+00 2.677999999999999936e+00
3.582500000000000000e+02 1.733000000000000096e+00 2.689000000000000057e+00
3.598500000000000227e+02 1.743999999999999995e+00 2.700000000000000178e+00
3.614399999999999977e+02 1.754999999999999893e+00 2.709999999999999964e+00
3.630300000000000296e+02 1.766999999999999904e+00 2.721000000000000085e+00
3.646299999999999955e+02 1.778000000000000025e+00 2.730999999999999872e+00
3.662199999999999704e+02 1.788999999999999924e+00 2.741999999999999993e+00
3.678199999999999932e+02 1.800999999999999934e+00 2.751999999999999780e+00
3.694100000000000250e+02 1.812000000000000055e+00 2.762000000000000011e+00
3.710099999999999909e+02 1.824000000000000066e+00 2.771999999999999797e+00
3.725999999999999659e+02 1.834999999999999964e+00 2.782000000000000028e+00
3.741899999999999977e+02 1.846999999999999975e+00 2.791999999999999815e+00
3.757900000000000205e+02 1.858000000000000096e+00 2.802000000000000046e+00
3.773799999999999955e+02 1.870000000000000107e+00 2.811999999999999833e+00
3.789799999999999613e+02 1.881999999999999895e+00 2.822000000000000064e+00
3.805699999999999932e+02 1.893000000000000016e+00 2.830999999999999961e+00
3.821700000000000159e+02 1.905000000000000027e+00 2.841000000000000192e+00
3.837599999999999909e+02 1.917000000000000037e+00 2.850999999999999979e+00
3.853500000000000227e+02 1.929000000000000048e+00 2.859999999999999876e+00
3.869499999999999886e+02 1.939999999999999947e+00 2.869000000000000217e+00
3.885400000000000205e+02 1.951999999999999957e+00 2.879000000000000004e+00
3.901399999999999864e+02 1.963999999999999968e+00 2.887999999999999901e+00
3.917300000000000182e+02 1.975999999999999979e+00 2.896999999999999797e+00
3.933199999999999932e+02 1.987999999999999989e+00 2.906000000000000139e+00
3.949200000000000159e+02 2.000000000000000000e+00 2.915000000000000036e+00
3.965099999999999909e+02 2.012000000000000011e+00 2.923999999999999932e+00
3.981100000000000136e+02 2.023000000000000131e+00 2.932999999999999829e+00
3.996999999999999886e+02 2.035000000000000142e+00 2.942000000000000171e+00
4.013000000000000114e+02 2.047000000000000153e+00 2.950000000000000178e+00
4.028900000000000432e+02 2.059000000000000163e+00 2.959000000000000075e+00
4.044800000000000182e+02 2.072000000000000064e+00 2.967999999999999972e+00
4.060799999999999841e+02 2.084000000000000075e+00 2.975999999999999979e+00
4.076699999999999591e+02 2.096000000000000085e+00 2.984999999999999876e+00
4.092700000000000387e+02 2.108000000000000096e+00 2.992999999999999883e+00
4.108600000000000136e+02 2.120000000000000107e+00 3.000999999999999890e+00
4.124499999999999886e+02 2.132000000000000117e+00 3.009999999999999787e+00
4.140499999999999545e+02 2.144000000000000128e+00 3.017999999999999794e+00
4.156399999999999864e+02 2.156000000000000139e+00 3.025999999999999801e+00
4.172400000000000091e+02 2.169000000000000039e+00 3.033999999999999808e+00
4.188299999999999841e+02 2.181000000000000050e+00 3.041999999999999815e+00
4.204200000000000159e+02 2.193000000000000060e+00 3.049999999999999822e+00
4.220199999999999818e+02 2.205000000000000071e+00 3.056999999999999940e+00
4.236100000000000136e+02 2.217999999999999972e+00 3.064999999999999947e+00
4.252099999999999795e+02 2.229999999999999982e+00 3.072999999999999954e+00
4.268000000000000114e+02 2.241999999999999993e+00 3.080000000000000071e+00
4.283899999999999864e+02 2.254999999999999893e+00 3.088000000000000078e+00
4.299900000000000091e+02 2.266999999999999904e+00 3.095000000000000195e+00
4.315800000000000409e+02 2.278999999999999915e+00 3.103000000000000203e+00
4.331800000000000068e+02 2.291999999999999815e+00 3.109999999999999876e+00
4.347699999999999818e+02 2.303999999999999826e+00 3.116999999999999993e+00
4.363600000000000136e+02 2.315999999999999837e+00 3.125000000000000000e+00
4.379600000000000364e+02 2.329000000000000181e+00 3.132000000000000117e+00
4.395500000000000114e+02 2.341000000000000192e+00 3.138999999999999790e+00
4.411499999999999773e+02 2.354000000000000092e+00 3.145999999999999908e+00
4.427400000000000091e+02 2.366000000000000103e+00 3.153000000000000025e+00
4.443299999999999841e+02 2.379000000000000004e+00 3.160000000000000142e+00
4.459300000000000068e+02 2.391000000000000014e+00 3.165999999999999925e+00
4.475199999999999818e+02 2.403999999999999915e+00 3.173000000000000043e+00
4.491100000000000136e+02 2.415999999999999925e+00 3.180000000000000160e+00
4.507099999999999795e+02 2.428999999999999826e+00 3.185999999999999943e+00
4.522999999999999545e+02 2.440999999999999837e+00 3.193000000000000060e+00
4.539000000000000341e+02 2.454000000000000181e+00 3.198999999999999844e+00
4.554900000000000091e+02 2.466000000000000192e+00 3.205999999999999961e+00
4.570799999999999841e+02 2.479000000000000092e+00 3.212000000000000188e+00
4.586799999999999500e+02 2.491999999999999993e+00 3.217999999999999972e+00
4.602700000000000387e+02 2.504000000000000004e+00 3.225000000000000089e+00
4.618600000000000136e+02 2.516999999999999904e+00 3.230999999999999872e+00
4.634599999999999795e+02 2.528999999999999915e+00 3.237000000000000099e+00
4.650500000000000114e+02 2.541999999999999815e+00 3.242999999999999883e+00
4.666399999999999864e+02 2.555000000000000160e+00 3.249000000000000110e+00
4.682400000000000091e+02 2.567000000000000171e+00 3.254999999999999893e+00
4.698300000000000409e+02 2.580000000000000071e+00 3.259999999999999787e+00
4.714200000000000159e+02 2.592000000000000082e+00 3.266000000000000014e+00
4.730199999999999818e+02 2.604999999999999982e+00 3.271999999999999797e+00
4.746099999999999568e+02 2.617999999999999883e+00 3.277000000000000135e+00
4.761999999999999886e+02 2.629999999999999893e+00 3.282999999999999918e+00
4.778000000000000114e+02 2.642999999999999794e+00 3.287999999999999812e+00
4.793899999999999864e+02 2.656000000000000139e+00 3.294000000000000039e+00
4.809800000000000182e+02 2.668000000000000149e+00 3.298999999999999932e+00
4.825799999999999841e+02 2.681000000000000050e+00 3.305000000000000160e+00
4.841700000000000159e+02 2.693999999999999950e+00 3.310000000000000053e+00
4.857600000000000477e+02 2.706999999999999851e+00 3.314999999999999947e+00
4.873600000000000136e+02 2.718999999999999861e+00 3.319999999999999840e+00
4.889499999999999886e+02 2.732000000000000206e+00 3.325000000000000178e+00
4.905399999999999636e+02 2.745000000000000107e+00 3.330000000000000071e+00
4.921299999999999955e+02 2.757000000000000117e+00 3.334999999999999964e+00
4.937300000000000182e+02 2.770000000000000018e+00 3.339999999999999858e+00
4.953199999999999932e+02 2.782999999999999918e+00 3.345000000000000195e+00
4.969100000000000250e+02 2.795999999999999819e+00 3.349000000000000199e+00
4.985099999999999909e+02 2.807999999999999829e+00 3.354000000000000092e+00
5.000999999999999659e+02 2.821000000000000174e+00 3.358999999999999986e+00
5.016899999999999409e+02 2.834000000000000075e+00 3.362999999999999989e+00
5.032799999999999727e+02 2.846000000000000085e+00 3.367999999999999883e+00
5.048799999999999955e+02 2.858999999999999986e+00 3.371999999999999886e+00
5.064699999999999704e+02 2.871999999999999886e+00 3.376999999999999780e+00
5.080599999999999454e+02 2.884999999999999787e+00 3.380999999999999783e+00
5.096500000000000341e+02 2.896999999999999797e+00 3.384999999999999787e+00
5.112500000000000000e+02 2.910000000000000142e+00 3.388999999999999790e+00
5.128399999999999181e+02 2.923000000000000043e+00 3.392999999999999794e+00
5.144300000000000637e+02 2.935999999999999943e+00 3.398000000000000131e+00
5.160199999999999818e+02 2.947999999999999954e+00 3.402000000000000135e+00
5.176200000000000045e+02 2.960999999999999854e+00 3.404999999999999805e+00
5.192099999999999227e+02 2.974000000000000199e+00 3.408999999999999808e+00
5.208000000000000682e+02 2.986000000000000210e+00 3.412999999999999812e+00
5.223899999999999864e+02 2.999000000000000110e+00 3.416999999999999815e+00
5.239900000000000091e+02 3.012000000000000011e+00 3.420999999999999819e+00
5.255800000000000409e+02 3.024999999999999911e+00 3.423999999999999932e+00
5.271700000000000728e+02 3.036999999999999922e+00 3.427999999999999936e+00
5.287599999999999909e+02 3.049999999999999822e+00 3.431000000000000050e+00
5.303500000000000227e+02 3.063000000000000167e+00 3.435000000000000053e+00
5.319500000000000455e+02 3.075000000000000178e+00 3.438000000000000167e+00
5.335399999999999636e+02 3.088000000000000078e+00 3.442000000000000171e+00
5.351299999999999955e+02 3.100999999999999979e+00 3.444999999999999840e+00
5.367200000000000273e+02 3.112999999999999989e+00 3.447999999999999954e+00
5.383099999999999454e+02 3.125999999999999890e+00 3.451000000000000068e+00
5.399099999999999682e+02 3.138999999999999790e+00 3.454000000000000181e+00
5.415000000000000000e+02 3.150999999999999801e+00 3.456999999999999851e+00
5.430899999999999181e+02 3.164000000000000146e+00 3.459999999999999964e+00
5.446800000000000637e+02 3.177000000000000046e+00 3.463000000000000078e+00
5.462699999999999818e+02 3.189000000000000057e+00 3.466000000000000192e+00
5.478600000000000136e+02 3.201999999999999957e+00 3.468999999999999861e+00
5.494599999999999227e+02 3.214999999999999858e+00 3.471999999999999975e+00
5.510500000000000682e+02 3.226999999999999869e+00 3.475000000000000089e+00
5.526399999999999864e+02 3.240000000000000213e+00 3.476999999999999869e+00
5.542300000000000182e+02 3.253000000000000114e+00 3.479999999999999982e+00
5.558199999999999363e+02 3.265000000000000124e+00 3.482000000000000206e+00
5.574099999999999682e+02 3.278000000000000025e+00 3.484999999999999876e+00
5.590000000000000000e+02 3.290000000000000036e+00 3.487000000000000099e+00
5.606000000000000227e+02 3.302999999999999936e+00 3.490000000000000213e+00
5.621899999999999409e+02 3.315999999999999837e+00 3.491999999999999993e+00
5.637799999999999727e+02 3.327999999999999847e+00 3.494000000000000217e+00
5.653700000000000045e+02 3.341000000000000192e+00 3.495999999999999996e+00
5.669600000000000364e+02 3.353000000000000203e+00 3.499000000000000110e+00
5.685499999999999545e+02 3.366000000000000103e+00 3.500999999999999890e+00
5.701399999999999864e+02 3.378000000000000114e+00 3.503000000000000114e+00
5.717299999999999045e+02 3.391000000000000014e+00 3.504999999999999893e+00
5.733200000000000500e+02 3.403000000000000025e+00 3.507000000000000117e+00
5.749100000000000819e+02 3.415999999999999925e+00 3.508999999999999897e+00
5.765000000000000000e+02 3.427999999999999936e+00 3.509999999999999787e+00
5.780999999999999091e+02 3.440999999999999837e+00 3.512000000000000011e+00
5.796900000000000546e+02 3.452999999999999847e+00 3.513999999999999790e+00
5.812799999999999727e+02 3.466000000000000192e+00 3.515000000000000124e+00
5.828700000000000045e+02 3.478000000000000203e+00 3.516999999999999904e+00
5.844600000000000364e+02 3.490000000000000213e+00 3.519000000000000128e+00
5.860499999999999545e+02 3.503000000000000114e+00 3.520000000000000018e+00
5.876400000000001000e+02 3.515000000000000124e+00 3.521999999999999797e+00
5.892300000000000182e+02 3.528000000000000025e+00 3.523000000000000131e+00
5.908200000000000500e+02 3.540000000000000036e+00 3.524000000000000021e+00
5.924099999999999682e+02 3.552000000000000046e+00 3.525999999999999801e+00
5.940000000000000000e+02 3.564999999999999947e+00 3.527000000000000135e+00
5.955899999999999181e+02 3.576999999999999957e+00 3.528000000000000025e+00
5.971800000000000637e+02 3.588999999999999968e+00 3.528999999999999915e+00
5.987699999999999818e+02 3.601999999999999869e+00 3.529999999999999805e+00
6.003600000000000136e+02 3.613999999999999879e+00 3.531000000000000139e+00
6.019499999999999318e+02 3.625999999999999890e+00 3.532000000000000028e+00
6.035399999999999636e+02 3.637999999999999901e+00 3.532999999999999918e+00
6.051299999999999955e+02 3.650999999999999801e+00 3.533999999999999808e+00
6.067200000000000273e+02 3.662999999999999812e+00 3.535000000000000142e+00
6.083100000000000591e+02 3.674999999999999822e+00 3.536000000000000032e+00
6.098999999999999773e+02 3.686999999999999833e+00 3.536000000000000032e+00
6.114800000000000182e+02 3.698999999999999844e+00 3.536999999999999922e+00
6.130700000000000500e+02 3.710999999999999854e+00 3.537999999999999812e+00
6.146599999999999682e+02 3.724000000000000199e+00 3.537999999999999812e+00
6.162500000000000000e+02 3.736000000000000210e+00 3.539000000000000146e+00
6.178399999999999181e+02 3.748000000000000220e+00 3.539000000000000146e+00
6.194300000000000637e+02 3.759999999999999787e+00 3.540000000000000036e+00
6.210199999999999818e+02 3.771999999999999797e+00 3.540000000000000036e+00
6.226100000000000136e+02 3.783999999999999808e+00 3.540000000000000036e+00
6.241999999999999318e+02 3.795999999999999819e+00 3.540999999999999925e+00
6.257899999999999636e+02 3.807999999999999829e+00 3.540999999999999925e+00
6.273799999999999955e+02 3.819999999999999840e+00 3.540999999999999925e+00
6.289599999999999227e+02 3.831999999999999851e+00 3.540999999999999925e+00
6.305500000000000682e+02 3.843999999999999861e+00 3.540999999999999925e+00
6.321399999999999864e+02 3.855999999999999872e+00 3.540999999999999925e+00
6.337300000000000182e+02 3.867999999999999883e+00 3.540999999999999925e+00
6.353200000000000500e+02 3.879999999999999893e+00 3.540999999999999925e+00
6.369099999999999682e+02 3.891999999999999904e+00 3.540999999999999925e+00
6.384900000000000091e+02 3.903000000000000025e+00 3.540999999999999925e+00
6.400799999999999272e+02 3.915000000000000036e+00 3.540999999999999925e+00
6.416699999999999591e+02 3.927000000000000046e+00 3.540000000000000036e+00
6.432600000000001046e+02 3.939000000000000057e+00 3.540000000000000036e+00
6.448500000000000227e+02 3.951000000000000068e+00 3.540000000000000036e+00
6.464299999999999500e+02 3.962000000000000188e+00 3.539000000000000146e+00
6.480200000000000955e+02 3.974000000000000199e+00 3.539000000000000146e+00
6.496100000000000136e+02 3.986000000000000210e+00 3.537999999999999812e+00
6.512000000000000455e+02 3.998000000000000220e+00 3.537999999999999812e+00
6.527899999999999636e+02 4.009000000000000341e+00 3.536999999999999922e+00
6.543700000000000045e+02 4.020999999999999908e+00 3.536999999999999922e+00
6.559600000000000364e+02 4.032000000000000028e+00 3.536000000000000032e+00
6.575499999999999545e+02 4.043999999999999595e+00 3.535000000000000142e+00
6.591399999999999864e+02 4.056000000000000050e+00 3.535000000000000142e+00
6.607200000000000273e+02 4.067000000000000171e+00 3.533999999999999808e+00
6.623099999999999454e+02 4.078999999999999737e+00 3.532999999999999918e+00
6.639000000000000909e+02 4.089999999999999858e+00 3.532000000000000028e+00
6.654799999999999045e+02 4.102000000000000313e+00 3.531000000000000139e+00
6.670700000000000500e+02 4.113000000000000433e+00 3.529999999999999805e+00
6.686600000000000819e+02 4.125000000000000000e+00 3.528999999999999915e+00
6.702399999999998954e+02 4.136000000000000121e+00 3.528000000000000025e+00
6.718300000000000409e+02 4.147999999999999687e+00 3.527000000000000135e+00
6.734200000000000728e+02 4.158999999999999808e+00 3.525999999999999801e+00
6.750000000000000000e+02 4.169999999999999929e+00 3.524999999999999911e+00
6.765900000000000318e+02 4.182000000000000384e+00 3.523000000000000131e+00
6.781799999999999500e+02 4.192999999999999616e+00 3.521999999999999797e+00
6.797599999999999909e+02 4.203999999999999737e+00 3.520999999999999908e+00
6.813500000000000227e+02 4.214999999999999858e+00 3.520000000000000018e+00
6.829399999999999409e+02 4.227000000000000313e+00 3.517999999999999794e+00
6.845199999999999818e+02 4.238000000000000433e+00 3.516999999999999904e+00
6.861100000000000136e+02 4.248999999999999666e+00 3.515000000000000124e+00
6.876900000000000546e+02 4.259999999999999787e+00 3.513999999999999790e+00
6.892799999999999727e+02 4.270999999999999908e+00 3.512000000000000011e+00
6.908700000000000045e+02 4.282000000000000028e+00 3.511000000000000121e+00
6.924500000000000455e+02 4.293000000000000149e+00 3.508999999999999897e+00
6.940399999999999636e+02 4.304000000000000270e+00 3.507000000000000117e+00
6.956200000000000045e+02 4.315999999999999837e+00 3.505999999999999783e+00
6.972100000000000364e+02 4.326999999999999957e+00 3.504000000000000004e+00
6.987900000000000773e+02 4.336999999999999744e+00 3.501999999999999780e+00
7.003799999999999955e+02 4.347999999999999865e+00 3.500000000000000000e+00
7.019600000000000364e+02 4.358999999999999986e+00 3.498000000000000220e+00
7.035499999999999545e+02 4.370000000000000107e+00 3.495999999999999996e+00
7.051299999999999955e+02 4.381000000000000227e+00 3.494000000000000217e+00
7.067200000000000273e+02 4.392000000000000348e+00 3.491999999999999993e+00
7.083000000000000682e+02 4.402999999999999581e+00 3.490000000000000213e+00
7.098899999999999864e+02 4.413999999999999702e+00 3.487999999999999989e+00
7.114700000000000273e+02 4.424000000000000377e+00 3.486000000000000210e+00
7.130600000000000591e+02 4.434999999999999609e+00 3.483999999999999986e+00
7.146400000000001000e+02 4.445999999999999730e+00 3.482000000000000206e+00
7.162300000000000182e+02 4.456000000000000405e+00 3.479999999999999982e+00
7.178099999999999454e+02 4.466999999999999638e+00 3.478000000000000203e+00
7.193899999999999864e+02 4.477999999999999758e+00 3.475000000000000089e+00
7.209799999999999045e+02 4.488000000000000433e+00 3.472999999999999865e+00
7.225599999999999454e+02 4.498999999999999666e+00 3.471000000000000085e+00
7.241499999999999773e+02 4.509000000000000341e+00 3.467999999999999972e+00
7.257300000000000182e+02 4.519999999999999574e+00 3.466000000000000192e+00
7.273100000000000591e+02 4.530000000000000249e+00 3.463000000000000078e+00
7.288999999999999773e+02 4.541000000000000369e+00 3.460999999999999854e+00
7.304800000000000182e+02 4.551000000000000156e+00 3.458000000000000185e+00
7.320700000000000500e+02 4.562000000000000277e+00 3.455999999999999961e+00
7.336499999999999773e+02 4.572000000000000064e+00 3.452999999999999847e+00
7.352300000000000182e+02 4.581999999999999851e+00 3.450000000000000178e+00
7.368099999999999454e+02 4.592999999999999972e+00 3.447999999999999954e+00
7.383999999999999773e+02 4.602999999999999758e+00 3.444999999999999840e+00
7.399800000000000182e+02 4.613000000000000433e+00 3.442000000000000171e+00
7.415599999999999454e+02 4.623999999999999666e+00 3.439999999999999947e+00
7.431499999999999773e+02 4.634000000000000341e+00 3.436999999999999833e+00
7.447300000000000182e+02 4.644000000000000128e+00 3.434000000000000163e+00
7.463100000000000591e+02 4.653999999999999915e+00 3.431000000000000050e+00
7.478900000000001000e+02 4.663999999999999702e+00 3.427999999999999936e+00
7.494800000000000182e+02 4.674000000000000377e+00 3.424999999999999822e+00
7.510599999999999454e+02 4.684000000000000163e+00 3.422000000000000153e+00
7.526399999999999864e+02 4.693999999999999950e+00 3.419000000000000039e+00
7.542200000000000273e+02 4.703999999999999737e+00 3.415999999999999925e+00
7.558099999999999454e+02 4.714000000000000412e+00 3.412999999999999812e+00
7.573899999999999864e+02 4.724000000000000199e+00 3.410000000000000142e+00
7.589700000000000273e+02 4.733999999999999986e+00 3.407000000000000028e+00
7.605499999999999545e+02 4.743999999999999773e+00 3.403999999999999915e+00
7.621299999999999955e+02 4.753999999999999559e+00 3.400999999999999801e+00
7.637100000000000364e+02 4.764000000000000234e+00 3.398000000000000131e+00
7.652999999999999545e+02 4.772999999999999687e+00 3.394000000000000128e+00
7.668799999999999955e+02 4.783000000000000362e+00 3.391000000000000014e+00
7.684600000000000364e+02 4.793000000000000149e+00 3.387999999999999901e+00
7.700399999999999636e+02 4.802999999999999936e+00 3.383999999999999897e+00
7.716200000000000045e+02 4.812000000000000277e+00 3.380999999999999783e+00
7.732000000000000455e+02 4.822000000000000064e+00 3.378000000000000114e+00
7.747799999999999727e+02 4.831000000000000405e+00 3.374000000000000110e+00
7.763600000000000136e+02 4.841000000000000192e+00 3.370999999999999996e+00
7.779399999999999409e+02 4.850999999999999979e+00 3.366999999999999993e+00
7.795199999999999818e+02 4.860000000000000320e+00 3.363999999999999879e+00
7.811000000000000227e+02 4.870000000000000107e+00 3.359999999999999876e+00
7.826899999999999409e+02 4.878999999999999559e+00 3.357000000000000206e+00
7.842699999999999818e+02 4.887999999999999901e+00 3.353000000000000203e+00
7.858500000000000227e+02 4.897999999999999687e+00 3.350000000000000089e+00
7.874299999999999500e+02 4.907000000000000028e+00 3.346000000000000085e+00
7.890099999999999909e+02 4.916000000000000369e+00 3.342000000000000082e+00
7.905900000000000318e+02 4.926000000000000156e+00 3.338999999999999968e+00
7.921599999999999682e+02 4.934999999999999609e+00 3.334999999999999964e+00
7.937400000000000091e+02 4.943999999999999950e+00 3.330999999999999961e+00
7.953200000000000500e+02 4.953000000000000291e+00 3.326999999999999957e+00
7.969000000000000909e+02 4.963000000000000078e+00 3.323999999999999844e+00
7.984800000000000182e+02 4.972000000000000419e+00 3.319999999999999840e+00
8.000599999999999454e+02 4.980999999999999872e+00 3.315999999999999837e+00
8.016399999999999864e+02 4.990000000000000213e+00 3.311999999999999833e+00
8.032200000000000273e+02 4.998999999999999666e+00 3.307999999999999829e+00
8.047999999999999545e+02 5.008000000000000007e+00 3.303999999999999826e+00
8.063799999999999955e+02 5.017000000000000348e+00 3.299999999999999822e+00
8.079600000000000364e+02 5.025999999999999801e+00 3.295999999999999819e+00
8.095299999999999727e+02 5.035000000000000142e+00 3.291999999999999815e+00
8.111100000000000136e+02 5.043999999999999595e+00 3.287999999999999812e+00
8.126900000000000546e+02 5.052999999999999936e+00 3.283999999999999808e+00
8.142700000000000955e+02 5.060999999999999943e+00 3.279999999999999805e+00
8.158499999999999091e+02 5.070000000000000284e+00 3.275999999999999801e+00
8.174200000000000728e+02 5.078999999999999737e+00 3.271999999999999797e+00
8.190000000000000000e+02 5.088000000000000078e+00 3.267999999999999794e+00
8.205799999999999272e+02 5.096000000000000085e+00 3.263999999999999790e+00
8.221599999999999682e+02 5.105000000000000426e+00 3.258999999999999897e+00
8.237300000000000182e+02 5.113999999999999879e+00 3.254999999999999893e+00
8.253099999999999454e+02 5.121999999999999886e+00 3.250999999999999890e+00
8.268899999999999864e+02 5.131000000000000227e+00 3.246999999999999886e+00
8.284700000000000273e+02 5.139000000000000234e+00 3.242999999999999883e+00
8.300399999999999636e+02 5.147999999999999687e+00 3.237999999999999989e+00
8.316200000000000045e+02 5.155999999999999694e+00 3.233999999999999986e+00
8.332000000000000455e+02 5.165000000000000036e+00 3.229999999999999982e+00
8.347699999999999818e+02 5.173000000000000043e+00 3.225000000000000089e+00
8.363500000000000227e+02 5.182000000000000384e+00 3.221000000000000085e+00
8.379299999999999500e+02 5.190000000000000391e+00 3.216000000000000192e+00
8.395000000000000000e+02 5.198000000000000398e+00 3.212000000000000188e+00
8.410800000000000409e+02 5.206999999999999851e+00 3.208000000000000185e+00
8.426599999999999682e+02 5.214999999999999858e+00 3.202999999999999847e+00
8.442300000000000182e+02 5.222999999999999865e+00 3.198999999999999844e+00
8.458099999999999454e+02 5.230999999999999872e+00 3.193999999999999950e+00
8.473799999999999955e+02 5.238999999999999879e+00 3.189999999999999947e+00
8.489600000000000364e+02 5.248000000000000220e+00 3.185000000000000053e+00
8.505299999999999727e+02 5.256000000000000227e+00 3.181000000000000050e+00
8.521100000000000136e+02 5.264000000000000234e+00 3.176000000000000156e+00
8.536799999999999500e+02 5.272000000000000242e+00 3.170999999999999819e+00
8.552599999999999909e+02 5.280000000000000249e+00 3.166999999999999815e+00
8.568299999999999272e+02 5.288000000000000256e+00 3.161999999999999922e+00
8.584099999999999682e+02 5.296000000000000263e+00 3.157999999999999918e+00
8.599800000000000182e+02 5.304000000000000270e+00 3.153000000000000025e+00
8.615599999999999454e+02 5.310999999999999943e+00 3.148000000000000131e+00
8.631299999999999955e+02 5.318999999999999950e+00 3.144000000000000128e+00
8.647099999999999227e+02 5.326999999999999957e+00 3.138999999999999790e+00
8.662800000000000864e+02 5.334999999999999964e+00 3.133999999999999897e+00
8.678500000000000227e+02 5.342999999999999972e+00 3.129000000000000004e+00
8.694300000000000637e+02 5.349999999999999645e+00 3.125000000000000000e+00
8.710000000000000000e+02 5.357999999999999652e+00 3.120000000000000107e+00
8.725800000000000409e+02 5.365999999999999659e+00 3.115000000000000213e+00
8.741499999999999773e+02 5.373000000000000220e+00 3.109999999999999876e+00
8.757200000000000273e+02 5.381000000000000227e+00 3.104999999999999982e+00
8.772999999999999545e+02 5.387999999999999901e+00 3.100999999999999979e+00
8.788700000000000045e+02 5.395999999999999908e+00 3.096000000000000085e+00
8.804400000000000546e+02 5.402999999999999581e+00 3.091000000000000192e+00
8.820199999999999818e+02 5.410999999999999588e+00 3.085999999999999854e+00
8.835900000000000318e+02 5.418000000000000149e+00 3.080999999999999961e+00
8.851599999999999682e+02 5.426000000000000156e+00 3.076000000000000068e+00
8.867300000000000182e+02 5.432999999999999829e+00 3.071000000000000174e+00
8.883100000000000591e+02 5.440000000000000391e+00 3.065999999999999837e+00
8.898799999999999955e+02 5.448000000000000398e+00 3.060999999999999943e+00
8.914499999999999318e+02 5.455000000000000071e+00 3.056000000000000050e+00
8.930199999999999818e+02 5.461999999999999744e+00 3.051000000000000156e+00
8.945900000000000318e+02 5.469000000000000306e+00 3.045999999999999819e+00
8.961700000000000728e+02 5.477000000000000313e+00 3.040999999999999925e+00
8.977400000000000091e+02 5.483999999999999986e+00 3.036000000000000032e+00
8.993100000000000591e+02 5.490999999999999659e+00 3.031000000000000139e+00
9.008799999999999955e+02 5.498000000000000220e+00 3.025999999999999801e+00
9.024499999999999318e+02 5.504999999999999893e+00 3.020999999999999908e+00
9.040200000000000955e+02 5.511999999999999567e+00 3.016000000000000014e+00
9.055900000000000318e+02 5.519000000000000128e+00 3.011000000000000121e+00
9.071599999999999682e+02 5.525999999999999801e+00 3.005999999999999783e+00
9.087400000000000091e+02 5.533000000000000362e+00 3.000999999999999890e+00
9.103099999999999454e+02 5.540000000000000036e+00 2.995999999999999996e+00
9.118799999999999955e+02 5.546999999999999709e+00 2.990000000000000213e+00
9.134499999999999318e+02 5.554000000000000270e+00 2.984999999999999876e+00
9.150199999999999818e+02 5.559999999999999609e+00 2.979999999999999982e+00
9.165900000000000318e+02 5.567000000000000171e+00 2.975000000000000089e+00
9.181599999999999682e+02 5.573999999999999844e+00 2.970000000000000195e+00
9.197300000000000182e+02 5.581000000000000405e+00 2.963999999999999968e+00
9.212999999999999545e+02 5.586999999999999744e+00 2.959000000000000075e+00
9.228600000000000136e+02 5.594000000000000306e+00 2.954000000000000181e+00
9.244299999999999500e+02 5.600999999999999979e+00 2.948999999999999844e+00
9.260000000000000000e+02 5.607000000000000206e+00 2.943999999999999950e+00
9.275700000000000500e+02 5.613999999999999879e+00 2.938000000000000167e+00
9.291399999999999864e+02 5.620000000000000107e+00 2.932999999999999829e+00
9.307100000000000364e+02 5.626999999999999780e+00 2.927999999999999936e+00
9.322799999999999727e+02 5.633000000000000007e+00 2.922000000000000153e+00
9.338499999999999091e+02 5.639999999999999680e+00 2.916999999999999815e+00
9.354099999999999682e+02 5.645999999999999908e+00 2.911999999999999922e+00
9.369800000000000182e+02 5.652000000000000135e+00 2.906000000000000139e+00
9.385499999999999545e+02 5.658999999999999808e+00 2.900999999999999801e+00
9.401200000000000045e+02 5.665000000000000036e+00 2.895999999999999908e+00
9.416900000000000546e+02 5.671000000000000263e+00 2.890000000000000124e+00
9.432500000000000000e+02 5.677999999999999936e+00 2.884999999999999787e+00
9.448199999999999363e+02 5.684000000000000163e+00 2.879999999999999893e+00
9.463899999999999864e+02 5.690000000000000391e+00 2.874000000000000110e+00
9.479600000000000364e+02 5.695999999999999730e+00 2.869000000000000217e+00
9.495199999999999818e+02 5.701999999999999957e+00 2.863999999999999879e+00
9.510900000000000318e+02 5.708000000000000185e+00 2.858000000000000096e+00
9.526599999999999682e+02 5.714000000000000412e+00 2.853000000000000203e+00
9.542199999999999136e+02 5.721000000000000085e+00 2.846999999999999975e+00
9.557900000000000773e+02 5.727000000000000313e+00 2.842000000000000082e+00
9.573600000000000136e+02 5.732999999999999652e+00 2.835999999999999854e+00
9.589199999999999591e+02 5.738000000000000433e+00 2.830999999999999961e+00
9.604900000000000091e+02 5.743999999999999773e+00 2.826000000000000068e+00
9.620499999999999545e+02 5.750000000000000000e+00 2.819999999999999840e+00
9.636200000000000045e+02 5.756000000000000227e+00 2.814999999999999947e+00
9.651800000000000637e+02 5.761999999999999567e+00 2.809000000000000163e+00
9.667500000000000000e+02 5.767999999999999794e+00 2.803999999999999826e+00
9.683199999999999363e+02 5.774000000000000021e+00 2.798000000000000043e+00
9.698799999999999955e+02 5.778999999999999915e+00 2.793000000000000149e+00
9.714500000000000455e+02 5.785000000000000142e+00 2.786999999999999922e+00
9.730099999999999909e+02 5.791000000000000369e+00 2.782000000000000028e+00
9.745700000000000500e+02 5.796000000000000263e+00 2.775999999999999801e+00
9.761399999999999864e+02 5.801999999999999602e+00 2.770999999999999908e+00
9.777000000000000455e+02 5.807999999999999829e+00 2.765000000000000124e+00
9.792699999999999818e+02 5.812999999999999723e+00 2.759999999999999787e+00
9.808299999999999272e+02 5.818999999999999950e+00 2.754000000000000004e+00
9.824000000000000909e+02 5.823999999999999844e+00 2.749000000000000110e+00
9.839599999999999227e+02 5.830000000000000071e+00 2.742999999999999883e+00
9.855199999999999818e+02 5.834999999999999964e+00 2.737999999999999989e+00
9.870900000000000318e+02 5.841000000000000192e+00 2.732000000000000206e+00
9.886499999999999773e+02 5.846000000000000085e+00 2.725999999999999979e+00
9.902100000000000364e+02 5.850999999999999979e+00 2.721000000000000085e+00
9.917700000000000955e+02 5.857000000000000206e+00 2.714999999999999858e+00
9.933400000000000318e+02 5.862000000000000099e+00 2.709999999999999964e+00
9.948999999999999773e+02 5.866999999999999993e+00 2.704000000000000181e+00
9.964600000000000364e+02 5.873000000000000220e+00 2.698999999999999844e+00
9.980199999999999818e+02 5.878000000000000114e+00 2.693000000000000060e+00
9.995900000000000318e+02 5.883000000000000007e+00 2.686999999999999833e+00
1.011500000000000114e+03 5.921999999999999709e+00 2.645000000000000018e+00
1.014899999999999864e+03 5.932999999999999829e+00 2.632000000000000117e+00
1.018299999999999955e+03 5.942999999999999616e+00 2.620000000000000107e+00
1.021800000000000068e+03 5.953999999999999737e+00 2.608000000000000096e+00
1.025199999999999818e+03 5.964000000000000412e+00 2.595000000000000195e+00
1.028599999999999909e+03 5.974999999999999645e+00 2.583000000000000185e+00
1.032000000000000000e+03 5.985000000000000320e+00 2.571000000000000174e+00
1.035400000000000091e+03 5.995000000000000107e+00 2.557999999999999829e+00
1.038799999999999955e+03 6.004999999999999893e+00 2.545999999999999819e+00
1.042200000000000045e+03 6.014999999999999680e+00 2.532999999999999918e+00
1.045600000000000136e+03 6.024000000000000021e+00 2.520999999999999908e+00
1.049099999999999909e+03 6.033999999999999808e+00 2.508000000000000007e+00
1.052500000000000000e+03 6.043000000000000149e+00 2.495999999999999996e+00
1.055900000000000091e+03 6.052999999999999936e+00 2.483999999999999986e+00
1.059299999999999955e+03 6.062000000000000277e+00 2.471000000000000085e+00
1.062700000000000045e+03 6.070999999999999730e+00 2.459000000000000075e+00
1.066100000000000136e+03 6.080000000000000071e+00 2.446000000000000174e+00
1.069500000000000000e+03 6.089000000000000412e+00 2.434000000000000163e+00
1.073000000000000000e+03 6.097000000000000419e+00 2.420999999999999819e+00
1.076400000000000091e+03 6.105999999999999872e+00 2.408999999999999808e+00
1.079800000000000182e+03 6.113999999999999879e+00 2.395999999999999908e+00
1.083200000000000045e+03 6.123000000000000220e+00 2.383999999999999897e+00
1.086599999999999909e+03 6.131000000000000227e+00 2.371999999999999886e+00
1.090000000000000000e+03 6.139000000000000234e+00 2.358999999999999986e+00
1.093500000000000000e+03 6.147000000000000242e+00 2.346999999999999975e+00
1.096900000000000091e+03 6.155000000000000249e+00 2.334000000000000075e+00
1.100299999999999955e+03 6.163000000000000256e+00 2.322000000000000064e+00
1.103699999999999818e+03 6.171000000000000263e+00 2.309000000000000163e+00
1.107099999999999909e+03 6.177999999999999936e+00 2.297000000000000153e+00
1.110500000000000000e+03 6.185999999999999943e+00 2.283999999999999808e+00
1.114000000000000000e+03 6.192999999999999616e+00 2.271999999999999797e+00
1.117399999999999864e+03 6.200000000000000178e+00 2.259999999999999787e+00
1.120799999999999955e+03 6.206999999999999851e+00 2.246999999999999886e+00
1.124200000000000045e+03 6.214000000000000412e+00 2.234999999999999876e+00
1.127599999999999909e+03 6.221000000000000085e+00 2.222999999999999865e+00
1.131099999999999909e+03 6.227999999999999758e+00 2.209999999999999964e+00
1.134500000000000000e+03 6.235000000000000320e+00 2.197999999999999954e+00
1.137899999999999864e+03 6.241999999999999993e+00 2.185000000000000053e+00
1.141299999999999955e+03 6.248000000000000220e+00 2.173000000000000043e+00
1.144700000000000045e+03 6.253999999999999559e+00 2.161000000000000032e+00
1.148200000000000045e+03 6.261000000000000121e+00 2.149000000000000021e+00
1.151599999999999909e+03 6.267000000000000348e+00 2.136000000000000121e+00
1.155000000000000000e+03 6.272999999999999687e+00 2.124000000000000110e+00
1.158400000000000091e+03 6.278999999999999915e+00 2.112000000000000099e+00
1.161899999999999864e+03 6.285000000000000142e+00 2.099000000000000199e+00
1.165299999999999955e+03 6.291000000000000369e+00 2.087000000000000188e+00
1.168700000000000045e+03 6.296000000000000263e+00 2.075000000000000178e+00
1.172099999999999909e+03 6.301999999999999602e+00 2.063000000000000167e+00
1.175599999999999909e+03 6.307999999999999829e+00 2.051000000000000156e+00
1.179000000000000000e+03 6.312999999999999723e+00 2.039000000000000146e+00
1.182399999999999864e+03 6.317999999999999616e+00 2.025999999999999801e+00
1.185799999999999955e+03 6.323999999999999844e+00 2.013999999999999790e+00
1.189299999999999955e+03 6.328999999999999737e+00 2.001999999999999780e+00
1.192700000000000045e+03 6.333999999999999631e+00 1.989999999999999991e+00
1.196099999999999909e+03 6.339000000000000412e+00 1.977999999999999980e+00
1.199500000000000000e+03 6.342999999999999972e+00 1.965999999999999970e+00
1.203000000000000000e+03 6.347999999999999865e+00 1.953999999999999959e+00
1.206399999999999864e+03 6.352999999999999758e+00 1.941999999999999948e+00
1.209799999999999955e+03 6.357000000000000206e+00 1.929999999999999938e+00
1.213200000000000045e+03 6.362000000000000099e+00 1.917999999999999927e+00
1.216699999999999818e+03 6.365999999999999659e+00 1.907000000000000028e+00
1.220099999999999909e+03 6.371000000000000441e+00 1.895000000000000018e+00
1.223500000000000000e+03 6.375000000000000000e+00 1.883000000000000007e+00
1.227000000000000000e+03 6.378999999999999559e+00 1.870999999999999996e+00
1.230399999999999864e+03 6.383000000000000007e+00 1.858999999999999986e+00
1.233799999999999955e+03 6.386999999999999567e+00 1.848000000000000087e+00
1.237299999999999955e+03 6.391000000000000014e+00 1.836000000000000076e+00
1.240699999999999818e+03 6.394999999999999574e+00 1.824000000000000066e+00
1.244099999999999909e+03 6.397999999999999687e+00 1.812999999999999945e+00
1.247500000000000000e+03 6.402000000000000135e+00 1.800999999999999934e+00
1.251000000000000000e+03 6.405999999999999694e+00 1.788999999999999924e+00
1.254399999999999864e+03 6.408999999999999808e+00 1.778000000000000025e+00
1.257799999999999955e+03 6.411999999999999922e+00 1.766000000000000014e+00
1.261300000000000182e+03 6.416000000000000369e+00 1.754999999999999893e+00
1.264700000000000045e+03 6.418999999999999595e+00 1.743000000000000105e+00
1.268099999999999909e+03 6.421999999999999709e+00 1.731999999999999984e+00
1.271600000000000136e+03 6.424999999999999822e+00 1.719999999999999973e+00
1.275000000000000000e+03 6.427999999999999936e+00 1.709000000000000075e+00
1.278400000000000091e+03 6.431000000000000050e+00 1.697999999999999954e+00
1.281900000000000091e+03 6.434000000000000163e+00 1.685999999999999943e+00
1.285300000000000182e+03 6.437000000000000277e+00 1.675000000000000044e+00
1.288700000000000045e+03 6.439000000000000057e+00 1.663999999999999924e+00
1.292200000000000045e+03 6.442000000000000171e+00 1.651999999999999913e+00
1.295600000000000136e+03 6.443999999999999950e+00 1.641000000000000014e+00
1.299000000000000000e+03 6.447000000000000064e+00 1.629999999999999893e+00
1.302500000000000000e+03 6.448999999999999844e+00 1.618999999999999995e+00
1.305900000000000091e+03 6.451999999999999957e+00 1.608000000000000096e+00
1.309399999999999864e+03 6.453999999999999737e+00 1.596999999999999975e+00
1.312799999999999955e+03 6.456000000000000405e+00 1.586000000000000076e+00
1.316200000000000045e+03 6.458000000000000185e+00 1.574999999999999956e+00
1.319700000000000045e+03 6.459999999999999964e+00 1.564000000000000057e+00
1.323099999999999909e+03 6.461999999999999744e+00 1.552999999999999936e+00
1.326500000000000000e+03 6.464000000000000412e+00 1.542000000000000037e+00
1.330000000000000000e+03 6.466000000000000192e+00 1.530999999999999917e+00
1.333399999999999864e+03 6.467999999999999972e+00 1.520000000000000018e+00
1.336900000000000091e+03 6.469000000000000306e+00 1.510000000000000009e+00
1.340299999999999955e+03 6.471000000000000085e+00 1.499000000000000110e+00
1.343699999999999818e+03 6.472000000000000419e+00 1.487999999999999989e+00
1.347200000000000045e+03 6.474000000000000199e+00 1.477999999999999980e+00
1.350599999999999909e+03 6.474999999999999645e+00 1.467000000000000082e+00
1.354100000000000136e+03 6.477000000000000313e+00 1.455999999999999961e+00
1.357500000000000000e+03 6.477999999999999758e+00 1.445999999999999952e+00
1.360900000000000091e+03 6.479000000000000092e+00 1.435000000000000053e+00
1.364400000000000091e+03 6.480000000000000426e+00 1.425000000000000044e+00
1.367799999999999955e+03 6.480999999999999872e+00 1.413999999999999924e+00
1.371299999999999955e+03 6.482999999999999652e+00 1.403999999999999915e+00
1.374700000000000045e+03 6.483999999999999986e+00 1.393999999999999906e+00
1.378200000000000045e+03 6.483999999999999986e+00 1.383000000000000007e+00
1.381599999999999909e+03 6.485000000000000320e+00 1.372999999999999998e+00
1.385000000000000000e+03 6.485999999999999766e+00 1.362999999999999989e+00
1.388500000000000000e+03 6.487000000000000099e+00 1.352999999999999980e+00
1.391899999999999864e+03 6.488000000000000433e+00 1.342000000000000082e+00
1.395399999999999864e+03 6.488000000000000433e+00 1.332000000000000073e+00
1.398799999999999955e+03 6.488999999999999879e+00 1.322000000000000064e+00
1.402300000000000182e+03 6.488999999999999879e+00 1.312000000000000055e+00
1.405700000000000045e+03 6.490000000000000213e+00 1.302000000000000046e+00
1.409200000000000045e+03 6.490000000000000213e+00 1.292000000000000037e+00
1.412600000000000136e+03 6.490000000000000213e+00 1.282000000000000028e+00
1.416000000000000000e+03 6.490999999999999659e+00 1.272000000000000020e+00
1.419500000000000000e+03 6.490999999999999659e+00 1.262000000000000011e+00
1.422900000000000091e+03 6.490999999999999659e+00 1.252999999999999892e+00
1.426399999999999864e+03 6.490999999999999659e+00 1.243000000000000105e+00
1.429799999999999955e+03 6.490999999999999659e+00 1.233000000000000096e+00
1.433299999999999955e+03 6.490999999999999659e+00 1.223000000000000087e+00
1.436700000000000045e+03 6.490999999999999659e+00 1.213999999999999968e+00
1.440199999999999818e+03 6.490999999999999659e+00 1.203999999999999959e+00
1.443599999999999909e+03 6.490999999999999659e+00 1.195000000000000062e+00
1.447100000000000136e+03 6.490999999999999659e+00 1.185000000000000053e+00
1.450500000000000000e+03 6.490999999999999659e+00 1.175999999999999934e+00
1.454000000000000000e+03 6.490000000000000213e+00 1.165999999999999925e+00
1.457400000000000091e+03 6.490000000000000213e+00 1.157000000000000028e+00
1.460900000000000091e+03 6.490000000000000213e+00 1.147000000000000020e+00
1.464299999999999955e+03 6.488999999999999879e+00 1.137999999999999901e+00
1.467799999999999955e+03 6.488999999999999879e+00 1.129000000000000004e+00
1.471200000000000045e+03 6.488000000000000433e+00 1.120000000000000107e+00
1.474699999999999818e+03 6.488000000000000433e+00 1.110000000000000098e+00
1.478099999999999909e+03 6.487000000000000099e+00 1.100999999999999979e+00
1.481600000000000136e+03 6.485999999999999766e+00 1.092000000000000082e+00
1.485000000000000000e+03 6.485999999999999766e+00 1.082999999999999963e+00
1.488500000000000000e+03 6.485000000000000320e+00 1.074000000000000066e+00
1.491900000000000091e+03 6.483999999999999986e+00 1.064999999999999947e+00
1.495400000000000091e+03 6.482999999999999652e+00 1.056000000000000050e+00
1.498799999999999955e+03 6.482000000000000206e+00 1.046999999999999931e+00
1.502299999999999955e+03 6.480999999999999872e+00 1.038000000000000034e+00
1.505700000000000045e+03 6.480999999999999872e+00 1.028999999999999915e+00
1.509200000000000045e+03 6.479000000000000092e+00 1.020999999999999908e+00
1.512700000000000045e+03 6.477999999999999758e+00 1.012000000000000011e+00
1.516099999999999909e+03 6.477000000000000313e+00 1.002999999999999892e+00
1.519600000000000136e+03 6.475999999999999979e+00 9.939999999999999947e-01
1.523000000000000000e+03 6.474999999999999645e+00 9.859999999999999876e-01
1.526500000000000000e+03 6.474000000000000199e+00 9.769999999999999796e-01
1.529900000000000091e+03 6.472999999999999865e+00 9.689999999999999725e-01
1.533400000000000091e+03 6.471000000000000085e+00 9.599999999999999645e-01
1.536799999999999955e+03 6.469999999999999751e+00 9.519999999999999574e-01
1.540299999999999955e+03 6.467999999999999972e+00 9.429999999999999494e-01
1.543799999999999955e+03 6.466999999999999638e+00 9.350000000000000533e-01
1.547199999999999818e+03 6.466000000000000192e+00 9.270000000000000462e-01
1.550700000000000045e+03 6.464000000000000412e+00 9.180000000000000382e-01
1.554100000000000136e+03 6.463000000000000078e+00 9.100000000000000311e-01
1.557600000000000136e+03 6.461000000000000298e+00 9.020000000000000240e-01
1.561000000000000000e+03 6.458999999999999631e+00 8.940000000000000169e-01
1.564500000000000000e+03 6.458000000000000185e+00 8.860000000000000098e-01
1.568000000000000000e+03 6.456000000000000405e+00 8.780000000000000027e-01
1.571399999999999864e+03 6.453999999999999737e+00 8.689999999999999947e-01
1.574899999999999864e+03 6.453000000000000291e+00 8.609999999999999876e-01
1.578299999999999955e+03 6.450999999999999623e+00 8.539999999999999813e-01
1.581800000000000182e+03 6.448999999999999844e+00 8.459999999999999742e-01
1.585299999999999955e+03 6.447000000000000064e+00 8.379999999999999671e-01
1.588700000000000045e+03 6.445000000000000284e+00 8.299999999999999600e-01
1.592200000000000045e+03 6.442999999999999616e+00 8.219999999999999529e-01
1.595699999999999818e+03 6.440999999999999837e+00 8.139999999999999458e-01
1.599099999999999909e+03 6.439000000000000057e+00 8.070000000000000506e-01
1.602600000000000136e+03 6.437000000000000277e+00 7.990000000000000435e-01
1.606000000000000000e+03 6.434999999999999609e+00 7.910000000000000364e-01
1.609500000000000000e+03 6.432999999999999829e+00 7.840000000000000302e-01
1.613000000000000000e+03 6.431000000000000050e+00 7.760000000000000231e-01
1.616400000000000091e+03 6.429000000000000270e+00 7.690000000000000169e-01
1.619899999999999864e+03 6.426999999999999602e+00 7.610000000000000098e-01
1.623399999999999864e+03 6.424000000000000377e+00 7.540000000000000036e-01
1.626799999999999955e+03 6.421999999999999709e+00 7.469999999999999973e-01
1.630300000000000182e+03 6.419999999999999929e+00 7.389999999999999902e-01
1.633699999999999818e+03 6.418000000000000149e+00 7.319999999999999840e-01
1.637200000000000045e+03 6.415000000000000036e+00 7.249999999999999778e-01
1.640700000000000045e+03 6.413000000000000256e+00 7.169999999999999707e-01
1.644099999999999909e+03 6.410999999999999588e+00 7.099999999999999645e-01
1.647599999999999909e+03 6.408000000000000362e+00 7.029999999999999583e-01
1.651099999999999909e+03 6.405999999999999694e+00 6.959999999999999520e-01
1.654500000000000000e+03 6.402999999999999581e+00 6.889999999999999458e-01
1.658000000000000000e+03 6.400999999999999801e+00 6.820000000000000506e-01
1.660000000000000000e+03 6.399000000000000021e+00 6.780000000000000471e-01
1.661500000000000000e+03 6.397999999999999687e+00 6.750000000000000444e-01
1.664900000000000091e+03 6.395999999999999908e+00 6.680000000000000382e-01
1.668400000000000091e+03 6.392999999999999794e+00 6.610000000000000320e-01
1.669899999999999864e+03 6.392000000000000348e+00 6.580000000000000293e-01
1.671899999999999864e+03 6.389999999999999680e+00 6.540000000000000258e-01
1.675400000000000091e+03 6.387999999999999901e+00 6.480000000000000204e-01
1.678800000000000182e+03 6.384999999999999787e+00 6.410000000000000142e-01
1.679899999999999864e+03 6.384000000000000341e+00 6.390000000000000124e-01
1.682299999999999955e+03 6.381999999999999673e+00 6.340000000000000080e-01
1.685799999999999955e+03 6.379999999999999893e+00 6.280000000000000027e-01
1.689200000000000045e+03 6.376999999999999780e+00 6.209999999999999964e-01
1.690000000000000000e+03 6.376000000000000334e+00 6.189999999999999947e-01
1.700000000000000000e+03 6.368000000000000327e+00 6.009999999999999787e-01
1.709799999999999955e+03 6.360000000000000320e+00 5.829999999999999627e-01
1.720000000000000000e+03 6.352000000000000313e+00 5.639999999999999458e-01
1.729700000000000045e+03 6.342999999999999972e+00 5.470000000000000417e-01
1.739900000000000091e+03 6.333999999999999631e+00 5.290000000000000258e-01
1.749900000000000091e+03 6.325999999999999623e+00 5.120000000000000107e-01
1.760000000000000000e+03 6.315999999999999837e+00 4.949999999999999956e-01
1.769900000000000091e+03 6.307000000000000384e+00 4.789999999999999813e-01
1.779900000000000091e+03 6.298000000000000043e+00 4.620000000000000218e-01
1.789799999999999955e+03 6.288000000000000256e+00 4.470000000000000084e-01
1.799700000000000045e+03 6.278999999999999915e+00 4.309999999999999942e-01
1.809700000000000045e+03 6.269000000000000128e+00 4.159999999999999809e-01
1.819900000000000091e+03 6.259000000000000341e+00 4.010000000000000231e-01
1.829900000000000091e+03 6.248999999999999666e+00 3.870000000000000107e-01
1.839900000000000091e+03 6.238999999999999879e+00 3.729999999999999982e-01
1.849800000000000182e+03 6.229000000000000092e+00 3.589999999999999858e-01
1.859699999999999818e+03 6.217999999999999972e+00 3.459999999999999742e-01
1.869799999999999955e+03 6.208000000000000185e+00 3.330000000000000182e-01
1.880000000000000000e+03 6.197000000000000064e+00 3.200000000000000067e-01
1.889899999999999864e+03 6.187000000000000277e+00 3.069999999999999951e-01
1.899899999999999864e+03 6.176000000000000156e+00 2.949999999999999845e-01
1.909700000000000045e+03 6.165000000000000036e+00 2.829999999999999738e-01
1.920000000000000000e+03 6.153999999999999915e+00 2.710000000000000187e-01
1.930000000000000000e+03 6.142999999999999794e+00 2.600000000000000089e-01
1.939700000000000045e+03 6.133000000000000007e+00 2.500000000000000000e-01
1.949899999999999864e+03 6.121999999999999886e+00 2.389999999999999902e-01
1.959899999999999864e+03 6.110999999999999766e+00 2.290000000000000091e-01
1.970000000000000000e+03 6.099999999999999645e+00 2.190000000000000002e-01
1.979700000000000045e+03 6.089000000000000412e+00 2.089999999999999913e-01
1.990000000000000000e+03 6.076999999999999957e+00 2.000000000000000111e-01
2.000000000000000000e+03 6.065999999999999837e+00 1.910000000000000031e-01
2.009700000000000045e+03 6.054999999999999716e+00 1.819999999999999951e-01
2.019799999999999955e+03 6.043999999999999595e+00 1.739999999999999880e-01
2.029700000000000045e+03 6.033000000000000362e+00 1.660000000000000087e-01
2.039699999999999818e+03 6.022000000000000242e+00 1.580000000000000016e-01
2.049799999999999727e+03 6.011000000000000121e+00 1.509999999999999953e-01
2.060000000000000000e+03 5.998999999999999666e+00 1.429999999999999882e-01
2.069799999999999727e+03 5.988000000000000433e+00 1.370000000000000107e-01
2.079800000000000182e+03 5.977000000000000313e+00 1.300000000000000044e-01
2.089799999999999727e+03 5.966000000000000192e+00 1.239999999999999991e-01
2.099599999999999909e+03 5.955000000000000071e+00 1.179999999999999938e-01
2.109799999999999727e+03 5.943999999999999950e+00 1.120000000000000023e-01
2.119699999999999818e+03 5.932999999999999829e+00 1.069999999999999979e-01
2.129799999999999727e+03 5.921999999999999709e+00 1.019999999999999934e-01
2.139900000000000091e+03 5.910999999999999588e+00 9.700000000000000289e-02
2.149599999999999909e+03 5.900999999999999801e+00 9.299999999999999933e-02
2.159900000000000091e+03 5.889000000000000234e+00 8.899999999999999578e-02
2.169900000000000091e+03 5.878999999999999559e+00 8.500000000000000611e-02
2.179900000000000091e+03 5.868000000000000327e+00 8.100000000000000255e-02
2.189599999999999909e+03 5.857999999999999652e+00 7.799999999999999989e-02
2.199800000000000182e+03 5.847999999999999865e+00 7.499999999999999722e-02
2.209599999999999909e+03 5.838000000000000078e+00 7.199999999999999456e-02
2.219599999999999909e+03 5.828000000000000291e+00 7.000000000000000666e-02
2.229599999999999909e+03 5.817999999999999616e+00 6.800000000000000488e-02
2.239699999999999818e+03 5.807999999999999829e+00 6.600000000000000311e-02
2.249899999999999636e+03 5.798000000000000043e+00 6.400000000000000133e-02
2.259699999999999818e+03 5.788999999999999702e+00 6.300000000000000044e-02
2.269599999999999909e+03 5.778999999999999915e+00 6.199999999999999956e-02
2.279599999999999909e+03 5.769999999999999574e+00 6.099999999999999867e-02
2.289599999999999909e+03 5.761000000000000121e+00 6.099999999999999867e-02
2.299799999999999727e+03 5.753000000000000114e+00 6.099999999999999867e-02
2.309500000000000000e+03 5.745000000000000107e+00 6.099999999999999867e-02
2.319900000000000091e+03 5.737000000000000099e+00 6.099999999999999867e-02
2.329800000000000182e+03 5.729000000000000092e+00 6.199999999999999956e-02
2.339799999999999727e+03 5.722000000000000419e+00 6.199999999999999956e-02
2.349800000000000182e+03 5.714999999999999858e+00 6.199999999999999956e-02
2.360000000000000000e+03 5.708000000000000185e+00 6.300000000000000044e-02
2.369699999999999818e+03 5.701999999999999957e+00 6.300000000000000044e-02
2.379500000000000000e+03 5.695999999999999730e+00 6.300000000000000044e-02
2.389900000000000091e+03 5.690000000000000391e+00 6.400000000000000133e-02
2.399900000000000091e+03 5.684000000000000163e+00 6.400000000000000133e-02
2.409900000000000091e+03 5.677999999999999936e+00 6.500000000000000222e-02
2.419500000000000000e+03 5.673000000000000043e+00 6.500000000000000222e-02
2.429699999999999818e+03 5.666999999999999815e+00 6.500000000000000222e-02
2.440000000000000000e+03 5.661999999999999922e+00 6.600000000000000311e-02
2.449800000000000182e+03 5.657000000000000028e+00 6.600000000000000311e-02
2.459599999999999909e+03 5.652000000000000135e+00 6.600000000000000311e-02
2.469599999999999909e+03 5.647000000000000242e+00 6.700000000000000400e-02
2.479599999999999909e+03 5.642000000000000348e+00 6.700000000000000400e-02
2.489799999999999727e+03 5.636999999999999567e+00 6.700000000000000400e-02
2.500000000000000000e+03 5.631999999999999673e+00 6.800000000000000488e-02
2.509599999999999909e+03 5.628000000000000114e+00 6.800000000000000488e-02
2.519400000000000091e+03 5.623999999999999666e+00 6.800000000000000488e-02
2.529799999999999727e+03 5.618999999999999773e+00 6.900000000000000577e-02
2.539800000000000182e+03 5.615000000000000213e+00 6.900000000000000577e-02
2.549700000000000273e+03 5.610999999999999766e+00 6.900000000000000577e-02
2.559800000000000182e+03 5.607000000000000206e+00 7.000000000000000666e-02
2.570000000000000000e+03 5.602000000000000313e+00 7.000000000000000666e-02
2.579599999999999909e+03 5.599000000000000199e+00 7.000000000000000666e-02
2.589900000000000091e+03 5.594999999999999751e+00 7.099999999999999367e-02
2.599599999999999909e+03 5.591000000000000192e+00 7.099999999999999367e-02
2.609400000000000091e+03 5.586999999999999744e+00 7.099999999999999367e-02
2.620000000000000000e+03 5.583000000000000185e+00 7.199999999999999456e-02
2.629900000000000091e+03 5.580000000000000071e+00 7.199999999999999456e-02
2.640000000000000000e+03 5.575999999999999623e+00 7.199999999999999456e-02
2.649400000000000091e+03 5.573000000000000398e+00 7.299999999999999545e-02
2.659600000000000364e+03 5.570000000000000284e+00 7.299999999999999545e-02
2.669900000000000091e+03 5.565999999999999837e+00 7.299999999999999545e-02
2.679500000000000000e+03 5.562999999999999723e+00 7.399999999999999634e-02
2.690000000000000000e+03 5.559000000000000163e+00 7.399999999999999634e-02
2.699800000000000182e+03 5.556000000000000050e+00 7.399999999999999634e-02
2.709599999999999909e+03 5.552999999999999936e+00 7.499999999999999722e-02
2.719599999999999909e+03 5.549999999999999822e+00 7.499999999999999722e-02
2.729599999999999909e+03 5.546999999999999709e+00 7.499999999999999722e-02
2.739699999999999818e+03 5.543999999999999595e+00 7.599999999999999811e-02
2.749899999999999636e+03 5.541000000000000369e+00 7.599999999999999811e-02
2.759399999999999636e+03 5.538000000000000256e+00 7.599999999999999811e-02
2.769699999999999818e+03 5.535000000000000142e+00 7.599999999999999811e-02
2.779400000000000091e+03 5.533000000000000362e+00 7.699999999999999900e-02
2.789800000000000182e+03 5.530000000000000249e+00 7.699999999999999900e-02
2.799599999999999909e+03 5.527000000000000135e+00 7.699999999999999900e-02
2.809500000000000000e+03 5.524000000000000021e+00 7.799999999999999989e-02
2.819400000000000091e+03 5.522000000000000242e+00 7.799999999999999989e-02
2.829400000000000091e+03 5.519000000000000128e+00 7.799999999999999989e-02
2.839500000000000000e+03 5.517000000000000348e+00 7.900000000000000078e-02
2.849599999999999909e+03 5.514000000000000234e+00 7.900000000000000078e-02
2.859900000000000091e+03 5.511000000000000121e+00 7.900000000000000078e-02
2.869300000000000182e+03 5.509000000000000341e+00 8.000000000000000167e-02
2.879700000000000273e+03 5.506999999999999673e+00 8.000000000000000167e-02
2.889300000000000182e+03 5.503999999999999559e+00 8.000000000000000167e-02
2.899799999999999727e+03 5.501999999999999780e+00 8.100000000000000255e-02
2.909600000000000364e+03 5.500000000000000000e+00 8.100000000000000255e-02
2.919400000000000091e+03 5.496999999999999886e+00 8.100000000000000255e-02
2.929300000000000182e+03 5.495000000000000107e+00 8.200000000000000344e-02
2.939299999999999727e+03 5.493000000000000327e+00 8.200000000000000344e-02
2.949300000000000182e+03 5.490999999999999659e+00 8.200000000000000344e-02
2.959400000000000091e+03 5.488000000000000433e+00 8.300000000000000433e-02
2.969599999999999909e+03 5.485999999999999766e+00 8.300000000000000433e-02
2.979800000000000182e+03 5.483999999999999986e+00 8.300000000000000433e-02
2.989300000000000182e+03 5.482000000000000206e+00 8.400000000000000522e-02
2.999699999999999818e+03 5.480000000000000426e+00 8.400000000000000522e-02
3.009199999999999818e+03 5.477999999999999758e+00 8.400000000000000522e-02
3.019699999999999818e+03 5.475999999999999979e+00 8.500000000000000611e-02
3.029500000000000000e+03 5.474000000000000199e+00 8.500000000000000611e-02
3.039200000000000273e+03 5.472000000000000419e+00 8.500000000000000611e-02
3.049900000000000091e+03 5.469999999999999751e+00 8.599999999999999312e-02
3.059800000000000182e+03 5.467999999999999972e+00 8.599999999999999312e-02
3.069799999999999727e+03 5.466000000000000192e+00 8.599999999999999312e-02
3.079800000000000182e+03 5.464000000000000412e+00 8.599999999999999312e-02
3.089900000000000091e+03 5.463000000000000078e+00 8.699999999999999400e-02
3.099200000000000273e+03 5.461000000000000298e+00 8.699999999999999400e-02
3.109400000000000091e+03 5.458999999999999631e+00 8.699999999999999400e-02
3.119699999999999818e+03 5.456999999999999851e+00 8.799999999999999489e-02
3.129100000000000364e+03 5.456000000000000405e+00 8.799999999999999489e-02
3.139500000000000000e+03 5.453999999999999737e+00 8.799999999999999489e-02
3.149000000000000000e+03 5.451999999999999957e+00 8.899999999999999578e-02
3.159600000000000364e+03 5.450000000000000178e+00 8.899999999999999578e-02
3.169299999999999727e+03 5.448999999999999844e+00 8.899999999999999578e-02
3.179900000000000091e+03 5.447000000000000064e+00 8.999999999999999667e-02
3.189700000000000273e+03 5.445999999999999730e+00 8.999999999999999667e-02
3.199600000000000364e+03 5.443999999999999950e+00 8.999999999999999667e-02
3.209500000000000000e+03 5.442000000000000171e+00 9.099999999999999756e-02
3.219399999999999636e+03 5.440999999999999837e+00 9.099999999999999756e-02
3.229500000000000000e+03 5.439000000000000057e+00 9.099999999999999756e-02
3.239599999999999909e+03 5.437999999999999723e+00 9.199999999999999845e-02
3.249699999999999818e+03 5.435999999999999943e+00 9.199999999999999845e-02
3.259900000000000091e+03 5.434999999999999609e+00 9.199999999999999845e-02
3.269200000000000273e+03 5.432999999999999829e+00 9.199999999999999845e-02
3.279500000000000000e+03 5.432000000000000384e+00 9.299999999999999933e-02
3.289899999999999636e+03 5.429999999999999716e+00 9.299999999999999933e-02
3.299300000000000182e+03 5.429000000000000270e+00 9.299999999999999933e-02
3.309899999999999636e+03 5.426999999999999602e+00 9.400000000000000022e-02
3.319400000000000091e+03 5.426000000000000156e+00 9.400000000000000022e-02
3.329000000000000000e+03 5.424999999999999822e+00 9.400000000000000022e-02
3.339700000000000273e+03 5.423000000000000043e+00 9.500000000000000111e-02
3.349400000000000091e+03 5.421999999999999709e+00 9.500000000000000111e-02
3.359199999999999818e+03 5.421000000000000263e+00 9.500000000000000111e-02
3.369000000000000000e+03 5.418999999999999595e+00 9.600000000000000200e-02
3.380000000000000000e+03 5.418000000000000149e+00 9.600000000000000200e-02
3.389900000000000091e+03 5.416999999999999815e+00 9.600000000000000200e-02
3.399900000000000091e+03 5.415000000000000036e+00 9.700000000000000289e-02
3.408900000000000091e+03 5.413999999999999702e+00 9.700000000000000289e-02
3.419000000000000000e+03 5.413000000000000256e+00 9.700000000000000289e-02
3.429199999999999818e+03 5.411999999999999922e+00 9.700000000000000289e-02
3.439400000000000091e+03 5.410000000000000142e+00 9.800000000000000377e-02
3.449699999999999818e+03 5.408999999999999808e+00 9.800000000000000377e-02
3.458899999999999636e+03 5.408000000000000362e+00 9.800000000000000377e-02
3.469300000000000182e+03 5.407000000000000028e+00 9.900000000000000466e-02
3.479800000000000182e+03 5.405999999999999694e+00 9.900000000000000466e-02
3.489199999999999818e+03 5.405000000000000249e+00 9.900000000000000466e-02
3.499800000000000182e+03 5.402999999999999581e+00 1.000000000000000056e-01
3.509199999999999818e+03 5.402000000000000135e+00 1.000000000000000056e-01
3.520000000000000000e+03 5.400999999999999801e+00 1.000000000000000056e-01
3.529500000000000000e+03 5.400000000000000355e+00 1.010000000000000064e-01
3.539200000000000273e+03 5.399000000000000021e+00 1.010000000000000064e-01
3.548900000000000091e+03 5.397999999999999687e+00 1.010000000000000064e-01
3.559800000000000182e+03 5.397000000000000242e+00 1.019999999999999934e-01
3.569599999999999909e+03 5.395999999999999908e+00 1.019999999999999934e-01
3.579500000000000000e+03 5.394999999999999574e+00 1.019999999999999934e-01
3.589400000000000091e+03 5.394000000000000128e+00 1.019999999999999934e-01
3.599400000000000091e+03 5.392000000000000348e+00 1.029999999999999943e-01
3.609400000000000091e+03 5.391000000000000014e+00 1.029999999999999943e-01
3.619500000000000000e+03 5.389999999999999680e+00 1.029999999999999943e-01
3.629599999999999909e+03 5.389000000000000234e+00 1.039999999999999952e-01
3.639800000000000182e+03 5.387999999999999901e+00 1.039999999999999952e-01
3.648800000000000182e+03 5.386999999999999567e+00 1.039999999999999952e-01
3.659099999999999909e+03 5.386000000000000121e+00 1.049999999999999961e-01
3.669400000000000091e+03 5.384999999999999787e+00 1.049999999999999961e-01
3.679900000000000091e+03 5.384000000000000341e+00 1.049999999999999961e-01
3.689000000000000000e+03 5.384000000000000341e+00 1.059999999999999970e-01
3.699500000000000000e+03 5.383000000000000007e+00 1.059999999999999970e-01
3.708800000000000182e+03 5.381999999999999673e+00 1.059999999999999970e-01
3.719399999999999636e+03 5.381000000000000227e+00 1.069999999999999979e-01
3.728800000000000182e+03 5.379999999999999893e+00 1.069999999999999979e-01
3.739599999999999909e+03 5.378999999999999559e+00 1.069999999999999979e-01
3.749000000000000000e+03 5.378000000000000114e+00 1.069999999999999979e-01
3.759900000000000091e+03 5.376999999999999780e+00 1.079999999999999988e-01
3.769500000000000000e+03 5.376000000000000334e+00 1.079999999999999988e-01
3.779099999999999909e+03 5.375000000000000000e+00 1.079999999999999988e-01
3.788800000000000182e+03 5.375000000000000000e+00 1.089999999999999997e-01
3.799900000000000091e+03 5.373999999999999666e+00 1.089999999999999997e-01
3.809599999999999909e+03 5.373000000000000220e+00 1.089999999999999997e-01
3.819500000000000000e+03 5.371999999999999886e+00 1.100000000000000006e-01
3.829299999999999727e+03 5.371000000000000441e+00 1.100000000000000006e-01
3.839300000000000182e+03 5.370000000000000107e+00 1.100000000000000006e-01
3.849200000000000273e+03 5.368999999999999773e+00 1.110000000000000014e-01
3.859300000000000182e+03 5.368999999999999773e+00 1.110000000000000014e-01
3.869300000000000182e+03 5.368000000000000327e+00 1.110000000000000014e-01
3.879500000000000000e+03 5.366999999999999993e+00 1.110000000000000014e-01
3.889699999999999818e+03 5.365999999999999659e+00 1.120000000000000023e-01
3.899900000000000091e+03 5.365000000000000213e+00 1.120000000000000023e-01
3.908700000000000273e+03 5.365000000000000213e+00 1.120000000000000023e-01
3.919099999999999909e+03 5.363999999999999879e+00 1.130000000000000032e-01
3.929399999999999636e+03 5.363000000000000433e+00 1.130000000000000032e-01
3.939900000000000091e+03 5.362000000000000099e+00 1.130000000000000032e-01
3.948900000000000091e+03 5.362000000000000099e+00 1.140000000000000041e-01
3.959500000000000000e+03 5.360999999999999766e+00 1.140000000000000041e-01
3.968500000000000000e+03 5.360000000000000320e+00 1.140000000000000041e-01
3.979200000000000273e+03 5.358999999999999986e+00 1.150000000000000050e-01
3.989900000000000091e+03 5.358999999999999986e+00 1.150000000000000050e-01
3.999200000000000273e+03 5.357999999999999652e+00 1.150000000000000050e-01
4.010000000000000000e+03 5.357000000000000206e+00 1.150000000000000050e-01
4.019300000000000182e+03 5.357000000000000206e+00 1.160000000000000059e-01
4.028699999999999818e+03 5.355999999999999872e+00 1.160000000000000059e-01
4.039699999999999818e+03 5.355000000000000426e+00 1.160000000000000059e-01
4.049100000000000364e+03 5.354000000000000092e+00 1.170000000000000068e-01
4.058600000000000364e+03 5.354000000000000092e+00 1.170000000000000068e-01
4.069799999999999727e+03 5.352999999999999758e+00 1.170000000000000068e-01
4.079399999999999636e+03 5.352000000000000313e+00 1.179999999999999938e-01
4.089000000000000455e+03 5.352000000000000313e+00 1.179999999999999938e-01
4.098699999999999818e+03 5.350999999999999979e+00 1.179999999999999938e-01
4.108500000000000000e+03 5.349999999999999645e+00 1.189999999999999947e-01
4.119900000000000546e+03 5.349999999999999645e+00 1.189999999999999947e-01
4.129800000000000182e+03 5.349000000000000199e+00 1.189999999999999947e-01
4.139599999999999454e+03 5.347999999999999865e+00 1.189999999999999947e-01
4.149600000000000364e+03 5.347999999999999865e+00 1.199999999999999956e-01
4.159600000000000364e+03 5.347000000000000419e+00 1.199999999999999956e-01
4.169600000000000364e+03 5.347000000000000419e+00 1.199999999999999956e-01
4.179700000000000728e+03 5.346000000000000085e+00 1.209999999999999964e-01
4.189800000000000182e+03 5.344999999999999751e+00 1.209999999999999964e-01
4.198299999999999272e+03 5.344999999999999751e+00 1.209999999999999964e-01
4.208500000000000000e+03 5.344000000000000306e+00 1.219999999999999973e-01
4.218800000000000182e+03 5.344000000000000306e+00 1.219999999999999973e-01
4.229099999999999454e+03 5.342999999999999972e+00 1.219999999999999973e-01
4.239500000000000000e+03 5.341999999999999638e+00 1.229999999999999982e-01
4.249900000000000546e+03 5.341999999999999638e+00 1.229999999999999982e-01
4.258699999999999818e+03 5.341000000000000192e+00 1.229999999999999982e-01
4.269199999999999818e+03 5.341000000000000192e+00 1.229999999999999982e-01
4.279699999999999818e+03 5.339999999999999858e+00 1.239999999999999991e-01
4.288599999999999454e+03 5.339000000000000412e+00 1.239999999999999991e-01
4.299299999999999272e+03 5.339000000000000412e+00 1.239999999999999991e-01
4.310000000000000000e+03 5.338000000000000078e+00 1.250000000000000000e-01
4.319000000000000000e+03 5.338000000000000078e+00 1.250000000000000000e-01
4.329799999999999272e+03 5.336999999999999744e+00 1.250000000000000000e-01
4.338800000000000182e+03 5.336999999999999744e+00 1.260000000000000009e-01
4.349800000000000182e+03 5.336000000000000298e+00 1.260000000000000009e-01
4.358900000000000546e+03 5.336000000000000298e+00 1.260000000000000009e-01
4.369900000000000546e+03 5.334999999999999964e+00 1.270000000000000018e-01
4.379100000000000364e+03 5.334999999999999964e+00 1.270000000000000018e-01
4.388399999999999636e+03 5.333999999999999631e+00 1.270000000000000018e-01
4.399600000000000364e+03 5.333000000000000185e+00 1.270000000000000018e-01
4.408899999999999636e+03 5.333000000000000185e+00 1.280000000000000027e-01
4.418300000000000182e+03 5.333000000000000185e+00 1.280000000000000027e-01
4.429700000000000728e+03 5.331999999999999851e+00 1.280000000000000027e-01
4.439099999999999454e+03 5.331000000000000405e+00 1.290000000000000036e-01
4.448699999999999818e+03 5.331000000000000405e+00 1.290000000000000036e-01
4.458199999999999818e+03 5.331000000000000405e+00 1.290000000000000036e-01
4.469699999999999818e+03 5.330000000000000071e+00 1.300000000000000044e-01
4.479399999999999636e+03 5.328999999999999737e+00 1.300000000000000044e-01
4.489099999999999454e+03 5.328999999999999737e+00 1.300000000000000044e-01
4.498800000000000182e+03 5.328999999999999737e+00 1.300000000000000044e-01
4.508600000000000364e+03 5.328000000000000291e+00 1.310000000000000053e-01
4.518399999999999636e+03 5.328000000000000291e+00 1.310000000000000053e-01
4.528300000000000182e+03 5.326999999999999957e+00 1.310000000000000053e-01
4.538199999999999818e+03 5.326999999999999957e+00 1.320000000000000062e-01
4.548199999999999818e+03 5.325999999999999623e+00 1.320000000000000062e-01
4.558199999999999818e+03 5.325999999999999623e+00 1.320000000000000062e-01
4.568199999999999818e+03 5.325000000000000178e+00 1.330000000000000071e-01
4.578299999999999272e+03 5.325000000000000178e+00 1.330000000000000071e-01
4.588399999999999636e+03 5.323999999999999844e+00 1.330000000000000071e-01
4.598600000000000364e+03 5.323999999999999844e+00 1.340000000000000080e-01
4.608799999999999272e+03 5.323000000000000398e+00 1.340000000000000080e-01
4.619100000000000364e+03 5.323000000000000398e+00 1.340000000000000080e-01
4.629400000000000546e+03 5.323000000000000398e+00 1.340000000000000080e-01
4.639700000000000728e+03 5.322000000000000064e+00 1.350000000000000089e-01
4.648100000000000364e+03 5.322000000000000064e+00 1.350000000000000089e-01
4.658500000000000000e+03 5.320999999999999730e+00 1.350000000000000089e-01
4.669000000000000000e+03 5.320999999999999730e+00 1.360000000000000098e-01
4.679500000000000000e+03 5.320000000000000284e+00 1.360000000000000098e-01
4.688000000000000000e+03 5.320000000000000284e+00 1.360000000000000098e-01
4.698599999999999454e+03 5.320000000000000284e+00 1.370000000000000107e-01
4.709300000000000182e+03 5.318999999999999950e+00 1.370000000000000107e-01
4.720000000000000000e+03 5.318999999999999950e+00 1.370000000000000107e-01
4.728600000000000364e+03 5.317999999999999616e+00 1.380000000000000115e-01
4.739399999999999636e+03 5.317999999999999616e+00 1.380000000000000115e-01
4.748100000000000364e+03 5.317999999999999616e+00 1.380000000000000115e-01
4.759000000000000000e+03 5.317000000000000171e+00 1.380000000000000115e-01
4.769899999999999636e+03 5.317000000000000171e+00 1.390000000000000124e-01
4.778699999999999818e+03 5.315999999999999837e+00 1.390000000000000124e-01
4.789799999999999272e+03 5.315999999999999837e+00 1.390000000000000124e-01
4.798600000000000364e+03 5.315999999999999837e+00 1.400000000000000133e-01
4.809700000000000728e+03 5.315000000000000391e+00 1.400000000000000133e-01
4.818699999999999818e+03 5.315000000000000391e+00 1.400000000000000133e-01
4.829900000000000546e+03 5.314000000000000057e+00 1.409999999999999865e-01
4.838899999999999636e+03 5.314000000000000057e+00 1.409999999999999865e-01
4.848000000000000000e+03 5.314000000000000057e+00 1.409999999999999865e-01
4.859300000000000182e+03 5.312999999999999723e+00 1.409999999999999865e-01
4.868500000000000000e+03 5.312999999999999723e+00 1.419999999999999873e-01
4.879900000000000546e+03 5.312999999999999723e+00 1.419999999999999873e-01
4.889100000000000364e+03 5.312000000000000277e+00 1.419999999999999873e-01
4.898399999999999636e+03 5.312000000000000277e+00 1.429999999999999882e-01
4.910000000000000000e+03 5.310999999999999943e+00 1.429999999999999882e-01
4.919300000000000182e+03 5.310999999999999943e+00 1.429999999999999882e-01
4.928600000000000364e+03 5.310999999999999943e+00 1.439999999999999891e-01
4.938000000000000000e+03 5.309999999999999609e+00 1.439999999999999891e-01
4.949800000000000182e+03 5.309999999999999609e+00 1.439999999999999891e-01
4.959300000000000182e+03 5.309999999999999609e+00 1.449999999999999900e-01
4.968800000000000182e+03 5.309000000000000163e+00 1.449999999999999900e-01
4.978300000000000182e+03 5.309000000000000163e+00 1.449999999999999900e-01
4.987899999999999636e+03 5.309000000000000163e+00 1.449999999999999900e-01
4.999900000000000546e+03 5.307999999999999829e+00 1.459999999999999909e-01
5.009599999999999454e+03 5.307999999999999829e+00 1.459999999999999909e-01
5.019300000000000182e+03 5.307999999999999829e+00 1.459999999999999909e-01
5.029000000000000000e+03 5.307000000000000384e+00 1.469999999999999918e-01
5.038800000000000182e+03 5.307000000000000384e+00 1.469999999999999918e-01
5.048600000000000364e+03 5.307000000000000384e+00 1.469999999999999918e-01
5.058399999999999636e+03 5.306000000000000050e+00 1.479999999999999927e-01
5.068300000000000182e+03 5.306000000000000050e+00 1.479999999999999927e-01
5.078299999999999272e+03 5.306000000000000050e+00 1.479999999999999927e-01
5.088199999999999818e+03 5.304999999999999716e+00 1.479999999999999927e-01
5.098200000000000728e+03 5.304999999999999716e+00 1.489999999999999936e-01
5.108300000000000182e+03 5.304999999999999716e+00 1.489999999999999936e-01
5.118400000000000546e+03 5.304000000000000270e+00 1.489999999999999936e-01
5.128500000000000000e+03 5.304000000000000270e+00 1.499999999999999944e-01
5.138699999999999818e+03 5.304000000000000270e+00 1.499999999999999944e-01
5.148900000000000546e+03 5.302999999999999936e+00 1.499999999999999944e-01
5.159099999999999454e+03 5.302999999999999936e+00 1.509999999999999953e-01
5.169400000000000546e+03 5.302999999999999936e+00 1.509999999999999953e-01
5.179700000000000728e+03 5.302999999999999936e+00 1.509999999999999953e-01
5.187500000000000000e+03 5.301999999999999602e+00 1.509999999999999953e-01
5.197899999999999636e+03 5.301999999999999602e+00 1.519999999999999962e-01
5.208300000000000182e+03 5.301999999999999602e+00 1.519999999999999962e-01
5.218800000000000182e+03 5.301000000000000156e+00 1.519999999999999962e-01
5.229399999999999636e+03 5.301000000000000156e+00 1.529999999999999971e-01
5.239899999999999636e+03 5.301000000000000156e+00 1.529999999999999971e-01
5.247899999999999636e+03 5.301000000000000156e+00 1.529999999999999971e-01
5.258500000000000000e+03 5.299999999999999822e+00 1.539999999999999980e-01
5.269199999999999818e+03 5.299999999999999822e+00 1.539999999999999980e-01
5.279899999999999636e+03 5.299999999999999822e+00 1.539999999999999980e-01
5.288000000000000000e+03 5.299000000000000377e+00 1.549999999999999989e-01
5.298800000000000182e+03 5.299000000000000377e+00 1.549999999999999989e-01
5.309700000000000728e+03 5.299000000000000377e+00 1.549999999999999989e-01
5.317899999999999636e+03 5.299000000000000377e+00 1.549999999999999989e-01
5.328800000000000182e+03 5.298000000000000043e+00 1.559999999999999998e-01
5.339800000000000182e+03 5.298000000000000043e+00 1.559999999999999998e-01
5.348000000000000000e+03 5.298000000000000043e+00 1.559999999999999998e-01
5.359099999999999454e+03 5.296999999999999709e+00 1.570000000000000007e-01
5.367399999999999636e+03 5.296999999999999709e+00 1.570000000000000007e-01
5.378500000000000000e+03 5.296999999999999709e+00 1.570000000000000007e-01
5.389700000000000728e+03 5.296999999999999709e+00 1.580000000000000016e-01
5.398100000000000364e+03 5.296000000000000263e+00 1.580000000000000016e-01
5.409399999999999636e+03 5.296000000000000263e+00 1.580000000000000016e-01
5.417900000000000546e+03 5.296000000000000263e+00 1.580000000000000016e-01
5.429199999999999818e+03 5.296000000000000263e+00 1.590000000000000024e-01
5.437800000000000182e+03 5.294999999999999929e+00 1.590000000000000024e-01
5.449199999999999818e+03 5.294999999999999929e+00 1.590000000000000024e-01
5.457800000000000182e+03 5.294999999999999929e+00 1.600000000000000033e-01
5.469299999999999272e+03 5.294999999999999929e+00 1.600000000000000033e-01
5.478000000000000000e+03 5.293999999999999595e+00 1.600000000000000033e-01
5.489600000000000364e+03 5.293999999999999595e+00 1.610000000000000042e-01
5.498300000000000182e+03 5.293999999999999595e+00 1.610000000000000042e-01
5.510000000000000000e+03 5.293999999999999595e+00 1.610000000000000042e-01
5.518799999999999272e+03 5.293000000000000149e+00 1.610000000000000042e-01
5.527599999999999454e+03 5.293000000000000149e+00 1.620000000000000051e-01
5.539399999999999636e+03 5.293000000000000149e+00 1.620000000000000051e-01
5.548300000000000182e+03 5.293000000000000149e+00 1.620000000000000051e-01
5.557199999999999818e+03 5.291999999999999815e+00 1.630000000000000060e-01
5.569200000000000728e+03 5.291999999999999815e+00 1.630000000000000060e-01
5.578199999999999818e+03 5.291999999999999815e+00 1.630000000000000060e-01
5.587199999999999818e+03 5.291999999999999815e+00 1.640000000000000069e-01
5.599300000000000182e+03 5.291000000000000369e+00 1.640000000000000069e-01
5.608300000000000182e+03 5.291000000000000369e+00 1.640000000000000069e-01
5.617500000000000000e+03 5.291000000000000369e+00 1.640000000000000069e-01
5.629699999999999818e+03 5.291000000000000369e+00 1.650000000000000078e-01
5.638800000000000182e+03 5.291000000000000369e+00 1.650000000000000078e-01
5.648000000000000000e+03 5.290000000000000036e+00 1.650000000000000078e-01
5.657300000000000182e+03 5.290000000000000036e+00 1.660000000000000087e-01
5.669699999999999818e+03 5.290000000000000036e+00 1.660000000000000087e-01
5.679000000000000000e+03 5.290000000000000036e+00 1.660000000000000087e-01
5.688300000000000182e+03 5.288999999999999702e+00 1.670000000000000095e-01
5.697699999999999818e+03 5.288999999999999702e+00 1.670000000000000095e-01
5.707099999999999454e+03 5.288999999999999702e+00 1.670000000000000095e-01
5.719699999999999818e+03 5.288999999999999702e+00 1.680000000000000104e-01
5.729199999999999818e+03 5.288999999999999702e+00 1.680000000000000104e-01
5.738699999999999818e+03 5.288000000000000256e+00 1.680000000000000104e-01
5.748199999999999818e+03 5.288000000000000256e+00 1.680000000000000104e-01
5.757799999999999272e+03 5.288000000000000256e+00 1.690000000000000113e-01
5.767400000000000546e+03 5.288000000000000256e+00 1.690000000000000113e-01
5.777099999999999454e+03 5.288000000000000256e+00 1.690000000000000113e-01
5.790000000000000000e+03 5.286999999999999922e+00 1.700000000000000122e-01
5.799699999999999818e+03 5.286999999999999922e+00 1.700000000000000122e-01
5.809400000000000546e+03 5.286999999999999922e+00 1.700000000000000122e-01
5.819200000000000728e+03 5.286999999999999922e+00 1.710000000000000131e-01
5.829000000000000000e+03 5.285999999999999588e+00 1.710000000000000131e-01
5.838899999999999636e+03 5.285999999999999588e+00 1.710000000000000131e-01
5.848699999999999818e+03 5.285999999999999588e+00 1.710000000000000131e-01
5.858699999999999818e+03 5.285999999999999588e+00 1.719999999999999862e-01
5.868599999999999454e+03 5.285999999999999588e+00 1.719999999999999862e-01
5.878599999999999454e+03 5.285999999999999588e+00 1.719999999999999862e-01
5.888600000000000364e+03 5.285000000000000142e+00 1.729999999999999871e-01
5.898600000000000364e+03 5.285000000000000142e+00 1.729999999999999871e-01
5.908699999999999818e+03 5.285000000000000142e+00 1.729999999999999871e-01
5.918800000000000182e+03 5.285000000000000142e+00 1.739999999999999880e-01
5.929000000000000000e+03 5.285000000000000142e+00 1.739999999999999880e-01
5.939199999999999818e+03 5.283999999999999808e+00 1.739999999999999880e-01
5.949399999999999636e+03 5.283999999999999808e+00 1.749999999999999889e-01
5.959699999999999818e+03 5.283999999999999808e+00 1.749999999999999889e-01
5.970000000000000000e+03 5.283999999999999808e+00 1.749999999999999889e-01
5.976800000000000182e+03 5.283999999999999808e+00 1.749999999999999889e-01
5.987199999999999818e+03 5.283000000000000362e+00 1.759999999999999898e-01
5.997600000000000364e+03 5.283000000000000362e+00 1.759999999999999898e-01
6.008000000000000000e+03 5.283000000000000362e+00 1.759999999999999898e-01
6.018500000000000000e+03 5.283000000000000362e+00 1.769999999999999907e-01
6.029000000000000000e+03 5.283000000000000362e+00 1.769999999999999907e-01
6.039500000000000000e+03 5.282000000000000028e+00 1.769999999999999907e-01
6.046500000000000000e+03 5.282000000000000028e+00 1.769999999999999907e-01
6.057100000000000364e+03 5.282000000000000028e+00 1.779999999999999916e-01
6.067800000000000182e+03 5.282000000000000028e+00 1.779999999999999916e-01
6.078400000000000546e+03 5.282000000000000028e+00 1.779999999999999916e-01
6.089100000000000364e+03 5.282000000000000028e+00 1.789999999999999925e-01
6.099899999999999636e+03 5.280999999999999694e+00 1.789999999999999925e-01
6.107100000000000364e+03 5.280999999999999694e+00 1.789999999999999925e-01
6.117899999999999636e+03 5.280999999999999694e+00 1.799999999999999933e-01
6.128699999999999818e+03 5.280999999999999694e+00 1.799999999999999933e-01
6.139599999999999454e+03 5.280999999999999694e+00 1.799999999999999933e-01
6.146899999999999636e+03 5.280999999999999694e+00 1.799999999999999933e-01
6.157800000000000182e+03 5.280000000000000249e+00 1.809999999999999942e-01
6.168800000000000182e+03 5.280000000000000249e+00 1.809999999999999942e-01
6.179899999999999636e+03 5.280000000000000249e+00 1.809999999999999942e-01
6.187199999999999818e+03 5.280000000000000249e+00 1.819999999999999951e-01
6.198299999999999272e+03 5.280000000000000249e+00 1.819999999999999951e-01
6.209500000000000000e+03 5.280000000000000249e+00 1.819999999999999951e-01
6.216899999999999636e+03 5.278999999999999915e+00 1.829999999999999960e-01
6.228100000000000364e+03 5.278999999999999915e+00 1.829999999999999960e-01
6.239399999999999636e+03 5.278999999999999915e+00 1.829999999999999960e-01
6.246900000000000546e+03 5.278999999999999915e+00 1.829999999999999960e-01
6.258200000000000728e+03 5.278999999999999915e+00 1.839999999999999969e-01
6.269500000000000000e+03 5.278999999999999915e+00 1.839999999999999969e-01
6.277099999999999454e+03 5.277999999999999581e+00 1.839999999999999969e-01
6.288500000000000000e+03 5.277999999999999581e+00 1.849999999999999978e-01
6.296199999999999818e+03 5.277999999999999581e+00 1.849999999999999978e-01
6.307699999999999818e+03 5.277999999999999581e+00 1.849999999999999978e-01
6.319200000000000728e+03 5.277999999999999581e+00 1.859999999999999987e-01
6.326900000000000546e+03 5.277999999999999581e+00 1.859999999999999987e-01
6.338500000000000000e+03 5.277999999999999581e+00 1.859999999999999987e-01
6.346300000000000182e+03 5.277000000000000135e+00 1.859999999999999987e-01
6.358000000000000000e+03 5.277000000000000135e+00 1.869999999999999996e-01
6.369699999999999818e+03 5.277000000000000135e+00 1.869999999999999996e-01
6.377500000000000000e+03 5.277000000000000135e+00 1.869999999999999996e-01
6.389300000000000182e+03 5.277000000000000135e+00 1.880000000000000004e-01
6.397199999999999818e+03 5.277000000000000135e+00 1.880000000000000004e-01
6.409000000000000000e+03 5.275999999999999801e+00 1.880000000000000004e-01
6.417000000000000000e+03 5.275999999999999801e+00 1.890000000000000013e-01
6.428899999999999636e+03 5.275999999999999801e+00 1.890000000000000013e-01
6.436899999999999636e+03 5.275999999999999801e+00 1.890000000000000013e-01
6.448899999999999636e+03 5.275999999999999801e+00 1.900000000000000022e-01
6.456899999999999636e+03 5.275999999999999801e+00 1.900000000000000022e-01
6.469000000000000000e+03 5.275999999999999801e+00 1.900000000000000022e-01
6.477100000000000364e+03 5.275999999999999801e+00 1.900000000000000022e-01
6.489200000000000728e+03 5.275000000000000355e+00 1.910000000000000031e-01
6.497399999999999636e+03 5.275000000000000355e+00 1.910000000000000031e-01
6.509599999999999454e+03 5.275000000000000355e+00 1.910000000000000031e-01
6.517800000000000182e+03 5.275000000000000355e+00 1.920000000000000040e-01
6.526000000000000000e+03 5.275000000000000355e+00 1.920000000000000040e-01
6.538299999999999272e+03 5.275000000000000355e+00 1.920000000000000040e-01
6.546599999999999454e+03 5.275000000000000355e+00 1.930000000000000049e-01
6.559000000000000000e+03 5.274000000000000021e+00 1.930000000000000049e-01
6.567300000000000182e+03 5.274000000000000021e+00 1.930000000000000049e-01
6.579799999999999272e+03 5.274000000000000021e+00 1.940000000000000058e-01
6.588199999999999818e+03 5.274000000000000021e+00 1.940000000000000058e-01
6.596599999999999454e+03 5.274000000000000021e+00 1.940000000000000058e-01
6.609200000000000728e+03 5.274000000000000021e+00 1.940000000000000058e-01
6.617600000000000364e+03 5.274000000000000021e+00 1.950000000000000067e-01
6.626100000000000364e+03 5.272999999999999687e+00 1.950000000000000067e-01
6.638800000000000182e+03 5.272999999999999687e+00 1.950000000000000067e-01
6.647300000000000182e+03 5.272999999999999687e+00 1.960000000000000075e-01
6.655899999999999636e+03 5.272999999999999687e+00 1.960000000000000075e-01
6.668700000000000728e+03 5.272999999999999687e+00 1.960000000000000075e-01
6.677300000000000182e+03 5.272999999999999687e+00 1.960000000000000075e-01
6.685900000000000546e+03 5.272999999999999687e+00 1.970000000000000084e-01
6.698800000000000182e+03 5.272999999999999687e+00 1.970000000000000084e-01
6.707500000000000000e+03 5.272000000000000242e+00 1.970000000000000084e-01
6.716199999999999818e+03 5.272000000000000242e+00 1.980000000000000093e-01
6.729300000000000182e+03 5.272000000000000242e+00 1.980000000000000093e-01
6.738000000000000000e+03 5.272000000000000242e+00 1.980000000000000093e-01
6.746800000000000182e+03 5.272000000000000242e+00 1.990000000000000102e-01
6.760000000000000000e+03 5.272000000000000242e+00 1.990000000000000102e-01
6.768799999999999272e+03 5.272000000000000242e+00 1.990000000000000102e-01
6.777700000000000728e+03 5.272000000000000242e+00 1.990000000000000102e-01
6.786500000000000000e+03 5.270999999999999908e+00 2.000000000000000111e-01
6.799899999999999636e+03 5.270999999999999908e+00 2.000000000000000111e-01
6.808800000000000182e+03 5.270999999999999908e+00 2.000000000000000111e-01
6.817800000000000182e+03 5.270999999999999908e+00 2.010000000000000120e-01
6.826699999999999818e+03 5.270999999999999908e+00 2.010000000000000120e-01
6.835699999999999818e+03 5.270999999999999908e+00 2.010000000000000120e-01
6.849300000000000182e+03 5.270999999999999908e+00 2.020000000000000129e-01
6.858300000000000182e+03 5.270999999999999908e+00 2.020000000000000129e-01
6.867399999999999636e+03 5.270999999999999908e+00 2.020000000000000129e-01
6.876500000000000000e+03 5.269999999999999574e+00 2.020000000000000129e-01
6.885699999999999818e+03 5.269999999999999574e+00 2.030000000000000138e-01
6.899399999999999636e+03 5.269999999999999574e+00 2.030000000000000138e-01
6.908599999999999454e+03 5.269999999999999574e+00 2.030000000000000138e-01
6.917799999999999272e+03 5.269999999999999574e+00 2.039999999999999869e-01
6.927100000000000364e+03 5.269999999999999574e+00 2.039999999999999869e-01
6.936300000000000182e+03 5.269999999999999574e+00 2.039999999999999869e-01
6.945599999999999454e+03 5.269999999999999574e+00 2.049999999999999878e-01
6.959600000000000364e+03 5.269000000000000128e+00 2.049999999999999878e-01
6.969000000000000000e+03 5.269000000000000128e+00 2.049999999999999878e-01
6.978300000000000182e+03 5.269000000000000128e+00 2.049999999999999878e-01
6.987699999999999818e+03 5.269000000000000128e+00 2.059999999999999887e-01
6.997200000000000728e+03 5.269000000000000128e+00 2.059999999999999887e-01
7.006599999999999454e+03 5.269000000000000128e+00 2.059999999999999887e-01
7.016099999999999454e+03 5.269000000000000128e+00 2.069999999999999896e-01
7.025599999999999454e+03 5.269000000000000128e+00 2.069999999999999896e-01
7.039900000000000546e+03 5.269000000000000128e+00 2.069999999999999896e-01
7.049500000000000000e+03 5.269000000000000128e+00 2.079999999999999905e-01
7.059100000000000364e+03 5.267999999999999794e+00 2.079999999999999905e-01
7.068699999999999818e+03 5.267999999999999794e+00 2.079999999999999905e-01
7.078400000000000546e+03 5.267999999999999794e+00 2.079999999999999905e-01
7.088099999999999454e+03 5.267999999999999794e+00 2.089999999999999913e-01
7.097800000000000182e+03 5.267999999999999794e+00 2.089999999999999913e-01
7.107500000000000000e+03 5.267999999999999794e+00 2.089999999999999913e-01
7.117200000000000728e+03 5.267999999999999794e+00 2.099999999999999922e-01
7.127000000000000000e+03 5.267999999999999794e+00 2.099999999999999922e-01
7.136800000000000182e+03 5.267999999999999794e+00 2.099999999999999922e-01
7.146699999999999818e+03 5.267999999999999794e+00 2.109999999999999931e-01
7.156500000000000000e+03 5.267000000000000348e+00 2.109999999999999931e-01
7.166400000000000546e+03 5.267000000000000348e+00 2.109999999999999931e-01
7.176300000000000182e+03 5.267000000000000348e+00 2.109999999999999931e-01
7.186300000000000182e+03 5.267000000000000348e+00 2.119999999999999940e-01
7.196300000000000182e+03 5.267000000000000348e+00 2.119999999999999940e-01
7.206299999999999272e+03 5.267000000000000348e+00 2.119999999999999940e-01
7.216300000000000182e+03 5.267000000000000348e+00 2.129999999999999949e-01
7.226399999999999636e+03 5.267000000000000348e+00 2.129999999999999949e-01
7.236399999999999636e+03 5.267000000000000348e+00 2.129999999999999949e-01
7.246600000000000364e+03 5.267000000000000348e+00 2.139999999999999958e-01
7.256700000000000728e+03 5.266000000000000014e+00 2.139999999999999958e-01
7.266899999999999636e+03 5.266000000000000014e+00 2.139999999999999958e-01
7.277099999999999454e+03 5.266000000000000014e+00 2.139999999999999958e-01
7.287300000000000182e+03 5.266000000000000014e+00 2.149999999999999967e-01
7.297500000000000000e+03 5.266000000000000014e+00 2.149999999999999967e-01
7.307800000000000182e+03 5.266000000000000014e+00 2.149999999999999967e-01
7.318100000000000364e+03 5.266000000000000014e+00 2.159999999999999976e-01
7.328500000000000000e+03 5.266000000000000014e+00 2.159999999999999976e-01
7.338899999999999636e+03 5.266000000000000014e+00 2.159999999999999976e-01
7.349300000000000182e+03 5.266000000000000014e+00 2.169999999999999984e-01
7.359699999999999818e+03 5.264999999999999680e+00 2.169999999999999984e-01
7.364899999999999636e+03 5.264999999999999680e+00 2.169999999999999984e-01
7.375399999999999636e+03 5.264999999999999680e+00 2.169999999999999984e-01
7.385900000000000546e+03 5.264999999999999680e+00 2.179999999999999993e-01
7.396399999999999636e+03 5.264999999999999680e+00 2.179999999999999993e-01
7.407000000000000000e+03 5.264999999999999680e+00 2.179999999999999993e-01
7.417600000000000364e+03 5.264999999999999680e+00 2.190000000000000002e-01
7.428200000000000728e+03 5.264999999999999680e+00 2.190000000000000002e-01
7.438900000000000546e+03 5.264999999999999680e+00 2.190000000000000002e-01
7.449600000000000364e+03 5.264999999999999680e+00 2.200000000000000011e-01
7.454900000000000546e+03 5.264999999999999680e+00 2.200000000000000011e-01
7.465699999999999818e+03 5.264999999999999680e+00 2.200000000000000011e-01
7.476399999999999636e+03 5.264000000000000234e+00 2.200000000000000011e-01
7.487199999999999818e+03 5.264000000000000234e+00 2.210000000000000020e-01
7.498100000000000364e+03 5.264000000000000234e+00 2.210000000000000020e-01
7.508899999999999636e+03 5.264000000000000234e+00 2.210000000000000020e-01
7.519800000000000182e+03 5.264000000000000234e+00 2.220000000000000029e-01
7.525299999999999272e+03 5.264000000000000234e+00 2.220000000000000029e-01
7.536199999999999818e+03 5.264000000000000234e+00 2.220000000000000029e-01
7.547199999999999818e+03 5.264000000000000234e+00 2.230000000000000038e-01
7.558199999999999818e+03 5.264000000000000234e+00 2.230000000000000038e-01
7.569200000000000728e+03 5.264000000000000234e+00 2.230000000000000038e-01
7.574699999999999818e+03 5.264000000000000234e+00 2.230000000000000038e-01
7.585800000000000182e+03 5.264000000000000234e+00 2.240000000000000047e-01
7.596899999999999636e+03 5.262999999999999901e+00 2.240000000000000047e-01
7.608100000000000364e+03 5.262999999999999901e+00 2.240000000000000047e-01
7.619300000000000182e+03 5.262999999999999901e+00 2.250000000000000056e-01
7.624900000000000546e+03 5.262999999999999901e+00 2.250000000000000056e-01
7.636099999999999454e+03 5.262999999999999901e+00 2.250000000000000056e-01
7.647400000000000546e+03 5.262999999999999901e+00 2.260000000000000064e-01
7.658699999999999818e+03 5.262999999999999901e+00 2.260000000000000064e-01
7.670000000000000000e+03 5.262999999999999901e+00 2.260000000000000064e-01
7.675699999999999818e+03 5.262999999999999901e+00 2.260000000000000064e-01
7.687000000000000000e+03 5.262999999999999901e+00 2.270000000000000073e-01
7.698500000000000000e+03 5.262999999999999901e+00 2.270000000000000073e-01
7.709900000000000546e+03 5.262999999999999901e+00 2.270000000000000073e-01
7.715600000000000364e+03 5.262999999999999901e+00 2.280000000000000082e-01
7.727100000000000364e+03 5.261999999999999567e+00 2.280000000000000082e-01
7.738699999999999818e+03 5.261999999999999567e+00 2.280000000000000082e-01
7.744500000000000000e+03 5.261999999999999567e+00 2.280000000000000082e-01
7.756000000000000000e+03 5.261999999999999567e+00 2.290000000000000091e-01
7.767699999999999818e+03 5.261999999999999567e+00 2.290000000000000091e-01
7.779300000000000182e+03 5.261999999999999567e+00 2.300000000000000100e-01
7.785100000000000364e+03 5.261999999999999567e+00 2.300000000000000100e-01
7.796899999999999636e+03 5.261999999999999567e+00 2.300000000000000100e-01
7.808600000000000364e+03 5.261999999999999567e+00 2.300000000000000100e-01
7.814500000000000000e+03 5.261999999999999567e+00 2.310000000000000109e-01
7.826300000000000182e+03 5.261999999999999567e+00 2.310000000000000109e-01
7.838099999999999454e+03 5.261999999999999567e+00 2.310000000000000109e-01
7.850000000000000000e+03 5.261999999999999567e+00 2.320000000000000118e-01
7.855900000000000546e+03 5.261999999999999567e+00 2.320000000000000118e-01
7.867800000000000182e+03 5.261000000000000121e+00 2.320000000000000118e-01
7.879800000000000182e+03 5.261000000000000121e+00 2.330000000000000127e-01
7.885799999999999272e+03 5.261000000000000121e+00 2.330000000000000127e-01
7.897800000000000182e+03 5.261000000000000121e+00 2.330000000000000127e-01
7.909900000000000546e+03 5.261000000000000121e+00 2.330000000000000127e-01
7.915899999999999636e+03 5.261000000000000121e+00 2.340000000000000135e-01
7.928000000000000000e+03 5.261000000000000121e+00 2.340000000000000135e-01
7.934100000000000364e+03 5.261000000000000121e+00 2.340000000000000135e-01
7.946199999999999818e+03 5.261000000000000121e+00 2.349999999999999867e-01
7.958400000000000546e+03 5.261000000000000121e+00 2.349999999999999867e-01
7.964500000000000000e+03 5.261000000000000121e+00 2.349999999999999867e-01
7.976800000000000182e+03 5.261000000000000121e+00 2.349999999999999867e-01
7.989099999999999454e+03 5.261000000000000121e+00 2.359999999999999876e-01
7.995199999999999818e+03 5.261000000000000121e+00 2.359999999999999876e-01
8.007600000000000364e+03 5.261000000000000121e+00 2.359999999999999876e-01
8.020000000000000000e+03 5.259999999999999787e+00 2.369999999999999885e-01
8.026199999999998909e+03 5.259999999999999787e+00 2.369999999999999885e-01
8.038600000000000364e+03 5.259999999999999787e+00 2.369999999999999885e-01
8.044900000000000546e+03 5.259999999999999787e+00 2.369999999999999885e-01
8.057399999999999636e+03 5.259999999999999787e+00 2.379999999999999893e-01
8.069900000000000546e+03 5.259999999999999787e+00 2.379999999999999893e-01
8.076199999999999818e+03 5.259999999999999787e+00 2.379999999999999893e-01
8.088800000000001091e+03 5.259999999999999787e+00 2.389999999999999902e-01
8.095100000000000364e+03 5.259999999999999787e+00 2.389999999999999902e-01
8.107799999999999272e+03 5.259999999999999787e+00 2.389999999999999902e-01
8.114100000000000364e+03 5.259999999999999787e+00 2.399999999999999911e-01
8.126799999999999272e+03 5.259999999999999787e+00 2.399999999999999911e-01
8.139599999999999454e+03 5.259999999999999787e+00 2.399999999999999911e-01
8.146000000000000909e+03 5.259999999999999787e+00 2.399999999999999911e-01
8.158799999999999272e+03 5.259999999999999787e+00 2.409999999999999920e-01
8.165200000000000728e+03 5.259999999999999787e+00 2.409999999999999920e-01
8.178100000000000364e+03 5.259000000000000341e+00 2.409999999999999920e-01
8.184500000000000000e+03 5.259000000000000341e+00 2.419999999999999929e-01
8.197500000000000000e+03 5.259000000000000341e+00 2.419999999999999929e-01
8.204000000000000000e+03 5.259000000000000341e+00 2.419999999999999929e-01
8.217000000000000000e+03 5.259000000000000341e+00 2.429999999999999938e-01
8.223500000000000000e+03 5.259000000000000341e+00 2.429999999999999938e-01
8.236599999999998545e+03 5.259000000000000341e+00 2.429999999999999938e-01
8.249700000000000728e+03 5.259000000000000341e+00 2.439999999999999947e-01
8.256199999999998909e+03 5.259000000000000341e+00 2.439999999999999947e-01
8.269399999999999636e+03 5.259000000000000341e+00 2.439999999999999947e-01
8.276000000000000000e+03 5.259000000000000341e+00 2.439999999999999947e-01
8.289199999999998909e+03 5.259000000000000341e+00 2.449999999999999956e-01
8.295899999999999636e+03 5.259000000000000341e+00 2.449999999999999956e-01
8.309100000000000364e+03 5.259000000000000341e+00 2.449999999999999956e-01
8.315799999999999272e+03 5.259000000000000341e+00 2.459999999999999964e-01
8.329200000000000728e+03 5.259000000000000341e+00 2.459999999999999964e-01
8.335899999999999636e+03 5.259000000000000341e+00 2.459999999999999964e-01
8.349299999999999272e+03 5.258000000000000007e+00 2.469999999999999973e-01
8.356000000000000000e+03 5.258000000000000007e+00 2.469999999999999973e-01
8.369500000000000000e+03 5.258000000000000007e+00 2.469999999999999973e-01
8.376300000000001091e+03 5.258000000000000007e+00 2.469999999999999973e-01
8.389799999999999272e+03 5.258000000000000007e+00 2.479999999999999982e-01
8.396599999999998545e+03 5.258000000000000007e+00 2.479999999999999982e-01
8.403399999999999636e+03 5.258000000000000007e+00 2.479999999999999982e-01
8.417100000000000364e+03 5.258000000000000007e+00 2.489999999999999991e-01
8.423899999999999636e+03 5.258000000000000007e+00 2.489999999999999991e-01
8.437600000000000364e+03 5.258000000000000007e+00 2.489999999999999991e-01
8.444500000000000000e+03 5.258000000000000007e+00 2.489999999999999991e-01
8.458299999999999272e+03 5.258000000000000007e+00 2.500000000000000000e-01
8.465199999999998909e+03 5.258000000000000007e+00 2.500000000000000000e-01
8.479000000000000000e+03 5.258000000000000007e+00 2.500000000000000000e-01
8.485900000000001455e+03 5.258000000000000007e+00 2.510000000000000009e-01
8.499899999999999636e+03 5.258000000000000007e+00 2.510000000000000009e-01
8.506799999999999272e+03 5.258000000000000007e+00 2.510000000000000009e-01
8.513799999999999272e+03 5.258000000000000007e+00 2.510000000000000009e-01
8.527799999999999272e+03 5.258000000000000007e+00 2.520000000000000018e-01
8.534800000000001091e+03 5.256999999999999673e+00 2.520000000000000018e-01
8.548899999999999636e+03 5.256999999999999673e+00 2.530000000000000027e-01
8.556000000000000000e+03 5.256999999999999673e+00 2.530000000000000027e-01
8.563000000000000000e+03 5.256999999999999673e+00 2.530000000000000027e-01
8.577199999999998909e+03 5.256999999999999673e+00 2.530000000000000027e-01
8.584300000000001091e+03 5.256999999999999673e+00 2.540000000000000036e-01
8.598500000000000000e+03 5.256999999999999673e+00 2.540000000000000036e-01
8.605700000000000728e+03 5.256999999999999673e+00 2.540000000000000036e-01
8.620000000000000000e+03 5.256999999999999673e+00 2.550000000000000044e-01
8.627100000000000364e+03 5.256999999999999673e+00 2.550000000000000044e-01
8.634299999999999272e+03 5.256999999999999673e+00 2.550000000000000044e-01
8.648700000000000728e+03 5.256999999999999673e+00 2.560000000000000053e-01
8.655900000000001455e+03 5.256999999999999673e+00 2.560000000000000053e-01
8.663199999999998909e+03 5.256999999999999673e+00 2.560000000000000053e-01
8.677699999999998909e+03 5.256999999999999673e+00 2.560000000000000053e-01
8.684900000000001455e+03 5.256999999999999673e+00 2.570000000000000062e-01
8.699500000000000000e+03 5.256999999999999673e+00 2.570000000000000062e-01
8.706799999999999272e+03 5.256999999999999673e+00 2.570000000000000062e-01
8.714100000000000364e+03 5.256999999999999673e+00 2.570000000000000062e-01
8.728799999999999272e+03 5.256999999999999673e+00 2.580000000000000071e-01
8.736200000000000728e+03 5.256999999999999673e+00 2.580000000000000071e-01
8.743500000000000000e+03 5.256000000000000227e+00 2.580000000000000071e-01
8.758300000000001091e+03 5.256000000000000227e+00 2.590000000000000080e-01
8.765700000000000728e+03 5.256000000000000227e+00 2.590000000000000080e-01
8.773099999999998545e+03 5.256000000000000227e+00 2.590000000000000080e-01
8.788000000000000000e+03 5.256000000000000227e+00 2.600000000000000089e-01
8.795400000000001455e+03 5.256000000000000227e+00 2.600000000000000089e-01
8.802899999999999636e+03 5.256000000000000227e+00 2.600000000000000089e-01
8.817899999999999636e+03 5.256000000000000227e+00 2.610000000000000098e-01
8.825399999999999636e+03 5.256000000000000227e+00 2.610000000000000098e-01
8.832899999999999636e+03 5.256000000000000227e+00 2.610000000000000098e-01
8.848000000000000000e+03 5.256000000000000227e+00 2.610000000000000098e-01
8.855500000000000000e+03 5.256000000000000227e+00 2.620000000000000107e-01
8.863099999999998545e+03 5.256000000000000227e+00 2.620000000000000107e-01
8.878299999999999272e+03 5.256000000000000227e+00 2.620000000000000107e-01
8.885899999999999636e+03 5.256000000000000227e+00 2.630000000000000115e-01
8.893500000000000000e+03 5.256000000000000227e+00 2.630000000000000115e-01
8.908799999999999272e+03 5.256000000000000227e+00 2.630000000000000115e-01
8.916399999999999636e+03 5.256000000000000227e+00 2.640000000000000124e-01
8.924099999999998545e+03 5.256000000000000227e+00 2.640000000000000124e-01
8.939500000000000000e+03 5.256000000000000227e+00 2.640000000000000124e-01
8.947200000000000728e+03 5.256000000000000227e+00 2.640000000000000124e-01
8.954899999999999636e+03 5.256000000000000227e+00 2.650000000000000133e-01
8.962700000000000728e+03 5.256000000000000227e+00 2.650000000000000133e-01
8.978199999999998909e+03 5.254999999999999893e+00 2.650000000000000133e-01
8.986000000000000000e+03 5.254999999999999893e+00 2.660000000000000142e-01
8.993800000000001091e+03 5.254999999999999893e+00 2.660000000000000142e-01
9.009399999999999636e+03 5.254999999999999893e+00 2.660000000000000142e-01
9.017200000000000728e+03 5.254999999999999893e+00 2.670000000000000151e-01
9.025100000000000364e+03 5.254999999999999893e+00 2.670000000000000151e-01
9.032899999999999636e+03 5.254999999999999893e+00 2.670000000000000151e-01
9.048700000000000728e+03 5.254999999999999893e+00 2.670000000000000151e-01
9.056600000000000364e+03 5.254999999999999893e+00 2.680000000000000160e-01
9.064500000000000000e+03 5.254999999999999893e+00 2.680000000000000160e-01
9.072500000000000000e+03 5.254999999999999893e+00 2.680000000000000160e-01
9.088399999999999636e+03 5.254999999999999893e+00 2.690000000000000169e-01
9.096299999999999272e+03 5.254999999999999893e+00 2.690000000000000169e-01
9.104300000000001091e+03 5.254999999999999893e+00 2.690000000000000169e-01
9.112299999999999272e+03 5.254999999999999893e+00 2.690000000000000169e-01
9.128399999999999636e+03 5.254999999999999893e+00 2.700000000000000178e-01
9.136399999999999636e+03 5.254999999999999893e+00 2.700000000000000178e-01
9.144500000000000000e+03 5.254999999999999893e+00 2.700000000000000178e-01
9.152500000000000000e+03 5.254999999999999893e+00 2.710000000000000187e-01
9.168699999999998909e+03 5.254999999999999893e+00 2.710000000000000187e-01
9.176799999999999272e+03 5.254999999999999893e+00 2.710000000000000187e-01
9.185000000000000000e+03 5.254999999999999893e+00 2.720000000000000195e-01
9.193099999999998545e+03 5.254999999999999893e+00 2.720000000000000195e-01
9.209399999999999636e+03 5.254999999999999893e+00 2.720000000000000195e-01
9.217599999999998545e+03 5.254999999999999893e+00 2.730000000000000204e-01
9.225799999999999272e+03 5.254999999999999893e+00 2.730000000000000204e-01
9.234000000000000000e+03 5.253999999999999559e+00 2.730000000000000204e-01
9.242299999999999272e+03 5.253999999999999559e+00 2.730000000000000204e-01
9.258800000000001091e+03 5.253999999999999559e+00 2.740000000000000213e-01
9.267000000000000000e+03 5.253999999999999559e+00 2.740000000000000213e-01
9.275299999999999272e+03 5.253999999999999559e+00 2.740000000000000213e-01
9.283600000000000364e+03 5.253999999999999559e+00 2.740000000000000213e-01
9.292000000000000000e+03 5.253999999999999559e+00 2.750000000000000222e-01
9.308600000000000364e+03 5.253999999999999559e+00 2.750000000000000222e-01
9.317000000000000000e+03 5.253999999999999559e+00 2.750000000000000222e-01
9.325399999999999636e+03 5.253999999999999559e+00 2.760000000000000231e-01
9.333799999999999272e+03 5.253999999999999559e+00 2.760000000000000231e-01
9.342200000000000728e+03 5.253999999999999559e+00 2.760000000000000231e-01
9.359000000000000000e+03 5.253999999999999559e+00 2.770000000000000240e-01
9.367500000000000000e+03 5.253999999999999559e+00 2.770000000000000240e-01
9.376000000000000000e+03 5.253999999999999559e+00 2.770000000000000240e-01
9.384399999999999636e+03 5.253999999999999559e+00 2.770000000000000240e-01
9.393000000000000000e+03 5.253999999999999559e+00 2.780000000000000249e-01
9.410000000000000000e+03 5.253999999999999559e+00 2.780000000000000249e-01
9.418500000000000000e+03 5.253999999999999559e+00 2.790000000000000258e-01
9.427099999999998545e+03 5.253999999999999559e+00 2.790000000000000258e-01
9.435700000000000728e+03 5.253999999999999559e+00 2.790000000000000258e-01
9.444299999999999272e+03 5.253999999999999559e+00 2.790000000000000258e-01
9.452899999999999636e+03 5.253999999999999559e+00 2.800000000000000266e-01
9.461500000000000000e+03 5.253999999999999559e+00 2.800000000000000266e-01
9.478799999999999272e+03 5.253999999999999559e+00 2.800000000000000266e-01
9.487500000000000000e+03 5.253999999999999559e+00 2.810000000000000275e-01
9.496200000000000728e+03 5.253999999999999559e+00 2.810000000000000275e-01
9.504899999999999636e+03 5.253999999999999559e+00 2.810000000000000275e-01
9.513600000000000364e+03 5.253999999999999559e+00 2.810000000000000275e-01
9.522299999999999272e+03 5.253999999999999559e+00 2.819999999999999729e-01
9.539899999999999636e+03 5.253000000000000114e+00 2.819999999999999729e-01
9.548600000000000364e+03 5.253000000000000114e+00 2.819999999999999729e-01
9.557399999999999636e+03 5.253000000000000114e+00 2.829999999999999738e-01
9.566200000000000728e+03 5.253000000000000114e+00 2.829999999999999738e-01
9.575100000000000364e+03 5.253000000000000114e+00 2.829999999999999738e-01
9.583899999999999636e+03 5.253000000000000114e+00 2.829999999999999738e-01
9.592800000000001091e+03 5.253000000000000114e+00 2.839999999999999747e-01
9.601699999999998909e+03 5.253000000000000114e+00 2.839999999999999747e-01
9.619500000000000000e+03 5.253000000000000114e+00 2.839999999999999747e-01
9.628399999999999636e+03 5.253000000000000114e+00 2.849999999999999756e-01
9.637399999999999636e+03 5.253000000000000114e+00 2.849999999999999756e-01
9.646299999999999272e+03 5.253000000000000114e+00 2.849999999999999756e-01
9.655300000000001091e+03 5.253000000000000114e+00 2.859999999999999765e-01
9.664300000000001091e+03 5.253000000000000114e+00 2.859999999999999765e-01
9.673299999999999272e+03 5.253000000000000114e+00 2.859999999999999765e-01
9.682399999999999636e+03 5.253000000000000114e+00 2.859999999999999765e-01
9.691399999999999636e+03 5.253000000000000114e+00 2.869999999999999774e-01
9.709600000000000364e+03 5.253000000000000114e+00 2.869999999999999774e-01
9.718700000000000728e+03 5.253000000000000114e+00 2.869999999999999774e-01
9.727800000000001091e+03 5.253000000000000114e+00 2.879999999999999782e-01
9.736899999999999636e+03 5.253000000000000114e+00 2.879999999999999782e-01
9.746100000000000364e+03 5.253000000000000114e+00 2.879999999999999782e-01
9.755200000000000728e+03 5.253000000000000114e+00 2.889999999999999791e-01
9.764399999999999636e+03 5.253000000000000114e+00 2.889999999999999791e-01
9.773600000000000364e+03 5.253000000000000114e+00 2.889999999999999791e-01
9.782899999999999636e+03 5.253000000000000114e+00 2.889999999999999791e-01
9.792100000000000364e+03 5.253000000000000114e+00 2.899999999999999800e-01
9.801299999999999272e+03 5.253000000000000114e+00 2.899999999999999800e-01
9.819899999999999636e+03 5.253000000000000114e+00 2.899999999999999800e-01
9.829200000000000728e+03 5.253000000000000114e+00 2.909999999999999809e-01
9.838500000000000000e+03 5.253000000000000114e+00 2.909999999999999809e-01
9.847899999999999636e+03 5.253000000000000114e+00 2.909999999999999809e-01
9.857200000000000728e+03 5.253000000000000114e+00 2.919999999999999818e-01
9.866600000000000364e+03 5.253000000000000114e+00 2.919999999999999818e-01
9.876000000000000000e+03 5.253000000000000114e+00 2.919999999999999818e-01
9.885400000000001455e+03 5.253000000000000114e+00 2.919999999999999818e-01
9.894899999999999636e+03 5.253000000000000114e+00 2.929999999999999827e-01
9.904299999999999272e+03 5.253000000000000114e+00 2.929999999999999827e-01
9.913799999999999272e+03 5.251999999999999780e+00 2.929999999999999827e-01
9.923299999999999272e+03 5.251999999999999780e+00 2.939999999999999836e-01
9.932800000000001091e+03 5.251999999999999780e+00 2.939999999999999836e-01
9.942299999999999272e+03 5.251999999999999780e+00 2.939999999999999836e-01
9.951800000000001091e+03 5.251999999999999780e+00 2.939999999999999836e-01
9.961399999999999636e+03 5.251999999999999780e+00 2.949999999999999845e-01
9.971000000000000000e+03 5.251999999999999780e+00 2.949999999999999845e-01
9.981000000000000000e+03 5.251999999999999780e+00 2.949999999999999845e-01
1.000000000000000000e+04 5.251999999999999780e+00 2.959999999999999853e-01
1.000900000000000000e+04 5.251999999999999780e+00 2.959999999999999853e-01
1.001900000000000000e+04 5.251999999999999780e+00 2.959999999999999853e-01
1.002900000000000000e+04 5.251999999999999780e+00 2.969999999999999862e-01
1.003900000000000000e+04 5.251999999999999780e+00 2.969999999999999862e-01
1.004800000000000000e+04 5.251999999999999780e+00 2.969999999999999862e-01
1.005800000000000000e+04 5.251999999999999780e+00 2.979999999999999871e-01
1.006800000000000000e+04 5.251999999999999780e+00 2.979999999999999871e-01
1.007800000000000000e+04 5.251999999999999780e+00 2.979999999999999871e-01
1.008700000000000000e+04 5.251999999999999780e+00 2.979999999999999871e-01
1.009700000000000000e+04 5.251999999999999780e+00 2.989999999999999880e-01
1.010700000000000000e+04 5.251999999999999780e+00 2.989999999999999880e-01
1.011700000000000000e+04 5.251999999999999780e+00 2.989999999999999880e-01
1.012700000000000000e+04 5.251999999999999780e+00 2.999999999999999889e-01
1.013700000000000000e+04 5.251999999999999780e+00 2.999999999999999889e-01
1.014700000000000000e+04 5.251999999999999780e+00 2.999999999999999889e-01
1.015700000000000000e+04 5.251999999999999780e+00 3.009999999999999898e-01
1.016600000000000000e+04 5.251999999999999780e+00 3.009999999999999898e-01
1.017600000000000000e+04 5.251999999999999780e+00 3.009999999999999898e-01
1.018600000000000000e+04 5.251999999999999780e+00 3.009999999999999898e-01
1.019600000000000000e+04 5.251999999999999780e+00 3.019999999999999907e-01
1.020700000000000000e+04 5.251999999999999780e+00 3.019999999999999907e-01
1.021700000000000000e+04 5.251999999999999780e+00 3.019999999999999907e-01
1.022700000000000000e+04 5.251999999999999780e+00 3.029999999999999916e-01
1.023700000000000000e+04 5.251999999999999780e+00 3.029999999999999916e-01
1.024700000000000000e+04 5.251999999999999780e+00 3.029999999999999916e-01
1.025700000000000000e+04 5.251999999999999780e+00 3.029999999999999916e-01
1.026700000000000000e+04 5.251999999999999780e+00 3.039999999999999925e-01
1.027700000000000000e+04 5.251999999999999780e+00 3.039999999999999925e-01
1.028800000000000000e+04 5.251999999999999780e+00 3.039999999999999925e-01
1.029800000000000000e+04 5.251999999999999780e+00 3.049999999999999933e-01
1.030800000000000000e+04 5.251999999999999780e+00 3.049999999999999933e-01
1.031800000000000000e+04 5.251999999999999780e+00 3.049999999999999933e-01
1.032800000000000000e+04 5.251999999999999780e+00 3.059999999999999942e-01
1.033900000000000000e+04 5.251999999999999780e+00 3.059999999999999942e-01
1.034900000000000000e+04 5.251999999999999780e+00 3.059999999999999942e-01
1.035900000000000000e+04 5.251999999999999780e+00 3.069999999999999951e-01
1.037000000000000000e+04 5.251999999999999780e+00 3.069999999999999951e-01
1.038000000000000000e+04 5.251999999999999780e+00 3.069999999999999951e-01
1.039100000000000000e+04 5.251000000000000334e+00 3.069999999999999951e-01
1.040100000000000000e+04 5.251000000000000334e+00 3.079999999999999960e-01
1.041100000000000000e+04 5.251000000000000334e+00 3.079999999999999960e-01
1.042200000000000000e+04 5.251000000000000334e+00 3.079999999999999960e-01
1.043200000000000000e+04 5.251000000000000334e+00 3.089999999999999969e-01
1.044300000000000000e+04 5.251000000000000334e+00 3.089999999999999969e-01
1.045300000000000000e+04 5.251000000000000334e+00 3.089999999999999969e-01
1.046400000000000000e+04 5.251000000000000334e+00 3.099999999999999978e-01
1.047500000000000000e+04 5.251000000000000334e+00 3.099999999999999978e-01
1.048500000000000000e+04 5.251000000000000334e+00 3.099999999999999978e-01
1.049600000000000000e+04 5.251000000000000334e+00 3.109999999999999987e-01
1.050600000000000000e+04 5.251000000000000334e+00 3.109999999999999987e-01
1.051700000000000000e+04 5.251000000000000334e+00 3.109999999999999987e-01
1.052800000000000000e+04 5.251000000000000334e+00 3.119999999999999996e-01
1.053800000000000000e+04 5.251000000000000334e+00 3.119999999999999996e-01
1.054900000000000000e+04 5.251000000000000334e+00 3.119999999999999996e-01
1.056000000000000000e+04 5.251000000000000334e+00 3.130000000000000004e-01
1.057100000000000000e+04 5.251000000000000334e+00 3.130000000000000004e-01
1.058100000000000000e+04 5.251000000000000334e+00 3.130000000000000004e-01
1.059200000000000000e+04 5.251000000000000334e+00 3.130000000000000004e-01
1.060300000000000000e+04 5.251000000000000334e+00 3.140000000000000013e-01
1.061400000000000000e+04 5.251000000000000334e+00 3.140000000000000013e-01
1.062500000000000000e+04 5.251000000000000334e+00 3.140000000000000013e-01
1.063600000000000000e+04 5.251000000000000334e+00 3.150000000000000022e-01
1.064700000000000000e+04 5.251000000000000334e+00 3.150000000000000022e-01
1.065800000000000000e+04 5.251000000000000334e+00 3.150000000000000022e-01
1.066900000000000000e+04 5.251000000000000334e+00 3.160000000000000031e-01
1.068000000000000000e+04 5.251000000000000334e+00 3.160000000000000031e-01
1.069100000000000000e+04 5.251000000000000334e+00 3.160000000000000031e-01
1.070200000000000000e+04 5.251000000000000334e+00 3.170000000000000040e-01
1.071300000000000000e+04 5.251000000000000334e+00 3.170000000000000040e-01
1.072400000000000000e+04 5.251000000000000334e+00 3.170000000000000040e-01
1.073500000000000000e+04 5.251000000000000334e+00 3.180000000000000049e-01
1.074600000000000000e+04 5.251000000000000334e+00 3.180000000000000049e-01
1.075700000000000000e+04 5.251000000000000334e+00 3.180000000000000049e-01
1.076800000000000000e+04 5.251000000000000334e+00 3.190000000000000058e-01
1.077900000000000000e+04 5.251000000000000334e+00 3.190000000000000058e-01
1.079100000000000000e+04 5.251000000000000334e+00 3.190000000000000058e-01
1.080200000000000000e+04 5.251000000000000334e+00 3.200000000000000067e-01
1.081300000000000000e+04 5.251000000000000334e+00 3.200000000000000067e-01
1.082400000000000000e+04 5.251000000000000334e+00 3.200000000000000067e-01
1.083600000000000000e+04 5.251000000000000334e+00 3.210000000000000075e-01
1.084700000000000000e+04 5.251000000000000334e+00 3.210000000000000075e-01
1.085800000000000000e+04 5.251000000000000334e+00 3.210000000000000075e-01
1.087000000000000000e+04 5.251000000000000334e+00 3.220000000000000084e-01
1.088100000000000000e+04 5.251000000000000334e+00 3.220000000000000084e-01
1.089300000000000000e+04 5.251000000000000334e+00 3.220000000000000084e-01
1.090400000000000000e+04 5.251000000000000334e+00 3.230000000000000093e-01
1.091600000000000000e+04 5.251000000000000334e+00 3.230000000000000093e-01
1.092700000000000000e+04 5.251000000000000334e+00 3.230000000000000093e-01
1.093900000000000000e+04 5.251000000000000334e+00 3.240000000000000102e-01
1.095000000000000000e+04 5.251000000000000334e+00 3.240000000000000102e-01
1.096200000000000000e+04 5.251000000000000334e+00 3.240000000000000102e-01
1.097300000000000000e+04 5.251000000000000334e+00 3.250000000000000111e-01
1.098500000000000000e+04 5.251000000000000334e+00 3.250000000000000111e-01
1.099700000000000000e+04 5.251000000000000334e+00 3.260000000000000120e-01
1.100800000000000000e+04 5.251000000000000334e+00 3.260000000000000120e-01
1.102000000000000000e+04 5.251000000000000334e+00 3.260000000000000120e-01
1.103200000000000000e+04 5.251000000000000334e+00 3.270000000000000129e-01
1.104300000000000000e+04 5.251000000000000334e+00 3.270000000000000129e-01
1.105500000000000000e+04 5.251000000000000334e+00 3.270000000000000129e-01
1.106700000000000000e+04 5.251000000000000334e+00 3.280000000000000138e-01
1.107900000000000000e+04 5.251000000000000334e+00 3.280000000000000138e-01
1.109100000000000000e+04 5.250000000000000000e+00 3.280000000000000138e-01
1.110300000000000000e+04 5.250000000000000000e+00 3.290000000000000147e-01
1.111400000000000000e+04 5.250000000000000000e+00 3.290000000000000147e-01
1.112600000000000000e+04 5.250000000000000000e+00 3.290000000000000147e-01
1.113800000000000000e+04 5.250000000000000000e+00 3.300000000000000155e-01
1.115000000000000000e+04 5.250000000000000000e+00 3.300000000000000155e-01
1.116200000000000000e+04 5.250000000000000000e+00 3.300000000000000155e-01
1.117400000000000000e+04 5.250000000000000000e+00 3.310000000000000164e-01
1.118600000000000000e+04 5.250000000000000000e+00 3.310000000000000164e-01
1.119900000000000000e+04 5.250000000000000000e+00 3.320000000000000173e-01
1.121100000000000000e+04 5.250000000000000000e+00 3.320000000000000173e-01
1.122300000000000000e+04 5.250000000000000000e+00 3.320000000000000173e-01
1.123500000000000000e+04 5.250000000000000000e+00 3.330000000000000182e-01
1.124700000000000000e+04 5.250000000000000000e+00 3.330000000000000182e-01
1.125900000000000000e+04 5.250000000000000000e+00 3.330000000000000182e-01
1.127200000000000000e+04 5.250000000000000000e+00 3.340000000000000191e-01
1.128400000000000000e+04 5.250000000000000000e+00 3.340000000000000191e-01
1.129600000000000000e+04 5.250000000000000000e+00 3.340000000000000191e-01
1.130800000000000000e+04 5.250000000000000000e+00 3.350000000000000200e-01
1.132100000000000000e+04 5.250000000000000000e+00 3.350000000000000200e-01
1.133300000000000000e+04 5.250000000000000000e+00 3.360000000000000209e-01
1.134600000000000000e+04 5.250000000000000000e+00 3.360000000000000209e-01
1.135800000000000000e+04 5.250000000000000000e+00 3.360000000000000209e-01
1.137000000000000000e+04 5.250000000000000000e+00 3.370000000000000218e-01
1.138300000000000000e+04 5.250000000000000000e+00 3.370000000000000218e-01
1.139500000000000000e+04 5.250000000000000000e+00 3.370000000000000218e-01
1.140800000000000000e+04 5.250000000000000000e+00 3.380000000000000226e-01
1.142100000000000000e+04 5.250000000000000000e+00 3.380000000000000226e-01
1.143300000000000000e+04 5.250000000000000000e+00 3.380000000000000226e-01
1.144600000000000000e+04 5.250000000000000000e+00 3.390000000000000235e-01
1.145800000000000000e+04 5.250000000000000000e+00 3.390000000000000235e-01
1.147100000000000000e+04 5.250000000000000000e+00 3.400000000000000244e-01
1.148400000000000000e+04 5.250000000000000000e+00 3.400000000000000244e-01
1.149600000000000000e+04 5.250000000000000000e+00 3.400000000000000244e-01
1.150900000000000000e+04 5.250000000000000000e+00 3.410000000000000253e-01
1.152200000000000000e+04 5.250000000000000000e+00 3.410000000000000253e-01
1.153500000000000000e+04 5.250000000000000000e+00 3.420000000000000262e-01
1.154800000000000000e+04 5.250000000000000000e+00 3.420000000000000262e-01
1.156100000000000000e+04 5.250000000000000000e+00 3.420000000000000262e-01
1.157300000000000000e+04 5.250000000000000000e+00 3.430000000000000271e-01
1.158600000000000000e+04 5.250000000000000000e+00 3.430000000000000271e-01
1.159900000000000000e+04 5.250000000000000000e+00 3.430000000000000271e-01
1.161200000000000000e+04 5.250000000000000000e+00 3.439999999999999725e-01
1.162500000000000000e+04 5.250000000000000000e+00 3.439999999999999725e-01
1.163800000000000000e+04 5.250000000000000000e+00 3.449999999999999734e-01
1.165100000000000000e+04 5.250000000000000000e+00 3.449999999999999734e-01
1.166500000000000000e+04 5.250000000000000000e+00 3.449999999999999734e-01
1.167800000000000000e+04 5.250000000000000000e+00 3.459999999999999742e-01
1.169100000000000000e+04 5.250000000000000000e+00 3.459999999999999742e-01
1.170400000000000000e+04 5.250000000000000000e+00 3.469999999999999751e-01
1.171700000000000000e+04 5.250000000000000000e+00 3.469999999999999751e-01
1.173100000000000000e+04 5.250000000000000000e+00 3.469999999999999751e-01
1.174400000000000000e+04 5.250000000000000000e+00 3.479999999999999760e-01
1.175700000000000000e+04 5.250000000000000000e+00 3.479999999999999760e-01
1.177100000000000000e+04 5.250000000000000000e+00 3.489999999999999769e-01
1.178400000000000000e+04 5.250000000000000000e+00 3.489999999999999769e-01
1.179700000000000000e+04 5.250000000000000000e+00 3.489999999999999769e-01
1.181100000000000000e+04 5.250000000000000000e+00 3.499999999999999778e-01
1.182400000000000000e+04 5.250000000000000000e+00 3.499999999999999778e-01
1.183800000000000000e+04 5.250000000000000000e+00 3.499999999999999778e-01
1.185100000000000000e+04 5.250000000000000000e+00 3.509999999999999787e-01
1.186500000000000000e+04 5.250000000000000000e+00 3.509999999999999787e-01
1.187800000000000000e+04 5.250000000000000000e+00 3.519999999999999796e-01
1.189200000000000000e+04 5.250000000000000000e+00 3.519999999999999796e-01
1.190600000000000000e+04 5.250000000000000000e+00 3.529999999999999805e-01
1.191900000000000000e+04 5.250000000000000000e+00 3.529999999999999805e-01
1.193300000000000000e+04 5.250000000000000000e+00 3.529999999999999805e-01
1.194700000000000000e+04 5.250000000000000000e+00 3.539999999999999813e-01
1.196100000000000000e+04 5.250000000000000000e+00 3.539999999999999813e-01
1.197400000000000000e+04 5.250000000000000000e+00 3.549999999999999822e-01
1.198800000000000000e+04 5.250000000000000000e+00 3.549999999999999822e-01
1.200200000000000000e+04 5.250000000000000000e+00 3.549999999999999822e-01
1.201600000000000000e+04 5.250000000000000000e+00 3.559999999999999831e-01
1.203000000000000000e+04 5.250000000000000000e+00 3.559999999999999831e-01
1.204400000000000000e+04 5.250000000000000000e+00 3.569999999999999840e-01
1.205800000000000000e+04 5.250000000000000000e+00 3.569999999999999840e-01
1.207200000000000000e+04 5.250000000000000000e+00 3.569999999999999840e-01
1.208600000000000000e+04 5.250000000000000000e+00 3.579999999999999849e-01
1.210000000000000000e+04 5.250000000000000000e+00 3.579999999999999849e-01
1.211400000000000000e+04 5.250000000000000000e+00 3.589999999999999858e-01
1.212800000000000000e+04 5.250000000000000000e+00 3.589999999999999858e-01
1.214300000000000000e+04 5.250000000000000000e+00 3.599999999999999867e-01
1.215700000000000000e+04 5.250000000000000000e+00 3.599999999999999867e-01
1.217100000000000000e+04 5.250000000000000000e+00 3.599999999999999867e-01
1.218500000000000000e+04 5.250000000000000000e+00 3.609999999999999876e-01
1.220000000000000000e+04 5.250000000000000000e+00 3.609999999999999876e-01
1.221400000000000000e+04 5.250000000000000000e+00 3.619999999999999885e-01
1.222900000000000000e+04 5.250000000000000000e+00 3.619999999999999885e-01
1.224300000000000000e+04 5.250000000000000000e+00 3.629999999999999893e-01
1.225700000000000000e+04 5.250000000000000000e+00 3.629999999999999893e-01
1.227200000000000000e+04 5.250000000000000000e+00 3.629999999999999893e-01
1.228700000000000000e+04 5.250000000000000000e+00 3.639999999999999902e-01
1.230100000000000000e+04 5.250000000000000000e+00 3.639999999999999902e-01
1.231600000000000000e+04 5.250000000000000000e+00 3.649999999999999911e-01
1.233000000000000000e+04 5.250000000000000000e+00 3.649999999999999911e-01
1.234500000000000000e+04 5.250000000000000000e+00 3.659999999999999920e-01
1.236000000000000000e+04 5.250000000000000000e+00 3.659999999999999920e-01
1.237400000000000000e+04 5.250000000000000000e+00 3.659999999999999920e-01
1.238900000000000000e+04 5.250000000000000000e+00 3.669999999999999929e-01
1.240400000000000000e+04 5.250000000000000000e+00 3.669999999999999929e-01
1.241900000000000000e+04 5.250000000000000000e+00 3.679999999999999938e-01
1.243400000000000000e+04 5.250000000000000000e+00 3.679999999999999938e-01
1.244900000000000000e+04 5.250000000000000000e+00 3.689999999999999947e-01
1.246400000000000000e+04 5.250000000000000000e+00 3.689999999999999947e-01
1.247900000000000000e+04 5.250000000000000000e+00 3.699999999999999956e-01
1.249400000000000000e+04 5.250000000000000000e+00 3.699999999999999956e-01
1.250900000000000000e+04 5.250000000000000000e+00 3.699999999999999956e-01
1.252400000000000000e+04 5.250000000000000000e+00 3.709999999999999964e-01
1.253900000000000000e+04 5.250000000000000000e+00 3.709999999999999964e-01
1.255400000000000000e+04 5.250000000000000000e+00 3.719999999999999973e-01
1.256900000000000000e+04 5.250000000000000000e+00 3.719999999999999973e-01
1.258500000000000000e+04 5.250000000000000000e+00 3.729999999999999982e-01
1.260000000000000000e+04 5.250000000000000000e+00 3.729999999999999982e-01
1.261500000000000000e+04 5.250000000000000000e+00 3.739999999999999991e-01
1.263100000000000000e+04 5.250000000000000000e+00 3.739999999999999991e-01
1.264600000000000000e+04 5.250000000000000000e+00 3.739999999999999991e-01
1.266200000000000000e+04 5.250000000000000000e+00 3.750000000000000000e-01
1.267700000000000000e+04 5.250000000000000000e+00 3.750000000000000000e-01
1.269300000000000000e+04 5.250000000000000000e+00 3.760000000000000009e-01
1.270800000000000000e+04 5.250000000000000000e+00 3.760000000000000009e-01
1.272400000000000000e+04 5.250000000000000000e+00 3.770000000000000018e-01
1.273900000000000000e+04 5.250000000000000000e+00 3.770000000000000018e-01
1.275500000000000000e+04 5.250000000000000000e+00 3.780000000000000027e-01
1.277100000000000000e+04 5.250000000000000000e+00 3.780000000000000027e-01
1.278600000000000000e+04 5.250000000000000000e+00 3.790000000000000036e-01
1.280200000000000000e+04 5.250000000000000000e+00 3.790000000000000036e-01
1.281800000000000000e+04 5.250000000000000000e+00 3.800000000000000044e-01
1.283400000000000000e+04 5.250000000000000000e+00 3.800000000000000044e-01
1.285000000000000000e+04 5.250000000000000000e+00 3.810000000000000053e-01
1.286600000000000000e+04 5.250000000000000000e+00 3.810000000000000053e-01
1.288200000000000000e+04 5.250000000000000000e+00 3.810000000000000053e-01
1.289800000000000000e+04 5.250000000000000000e+00 3.820000000000000062e-01
1.291400000000000000e+04 5.250000000000000000e+00 3.820000000000000062e-01
1.293000000000000000e+04 5.250000000000000000e+00 3.830000000000000071e-01
1.294600000000000000e+04 5.250000000000000000e+00 3.830000000000000071e-01
1.296200000000000000e+04 5.250000000000000000e+00 3.840000000000000080e-01
1.297900000000000000e+04 5.250000000000000000e+00 3.840000000000000080e-01
1.299500000000000000e+04 5.250000000000000000e+00 3.850000000000000089e-01
1.301100000000000000e+04 5.250000000000000000e+00 3.850000000000000089e-01
1.302700000000000000e+04 5.250000000000000000e+00 3.860000000000000098e-01
1.304400000000000000e+04 5.250000000000000000e+00 3.860000000000000098e-01
1.306000000000000000e+04 5.250000000000000000e+00 3.870000000000000107e-01
1.307700000000000000e+04 5.250000000000000000e+00 3.870000000000000107e-01
1.309300000000000000e+04 5.250000000000000000e+00 3.880000000000000115e-01
1.311000000000000000e+04 5.250000000000000000e+00 3.880000000000000115e-01
1.312600000000000000e+04 5.250000000000000000e+00 3.890000000000000124e-01
1.314300000000000000e+04 5.250000000000000000e+00 3.890000000000000124e-01
1.316000000000000000e+04 5.250000000000000000e+00 3.900000000000000133e-01
1.317600000000000000e+04 5.250000000000000000e+00 3.900000000000000133e-01
1.319300000000000000e+04 5.250000000000000000e+00 3.910000000000000142e-01
1.321000000000000000e+04 5.250000000000000000e+00 3.910000000000000142e-01
1.322700000000000000e+04 5.250000000000000000e+00 3.920000000000000151e-01
1.324400000000000000e+04 5.250000000000000000e+00 3.920000000000000151e-01
1.326100000000000000e+04 5.250000000000000000e+00 3.930000000000000160e-01
1.327800000000000000e+04 5.250000000000000000e+00 3.930000000000000160e-01
1.329500000000000000e+04 5.250000000000000000e+00 3.940000000000000169e-01
1.331200000000000000e+04 5.250000000000000000e+00 3.940000000000000169e-01
1.332900000000000000e+04 5.250000000000000000e+00 3.950000000000000178e-01
1.334600000000000000e+04 5.250000000000000000e+00 3.950000000000000178e-01
1.336300000000000000e+04 5.250000000000000000e+00 3.960000000000000187e-01
1.338000000000000000e+04 5.250000000000000000e+00 3.960000000000000187e-01
1.339800000000000000e+04 5.250000000000000000e+00 3.970000000000000195e-01
1.341500000000000000e+04 5.250000000000000000e+00 3.970000000000000195e-01
1.343200000000000000e+04 5.250000000000000000e+00 3.980000000000000204e-01
1.345000000000000000e+04 5.250000000000000000e+00 3.980000000000000204e-01
1.346700000000000000e+04 5.250000000000000000e+00 3.990000000000000213e-01
1.348500000000000000e+04 5.250000000000000000e+00 3.990000000000000213e-01
1.350200000000000000e+04 5.250000000000000000e+00 4.000000000000000222e-01
1.352000000000000000e+04 5.250000000000000000e+00 4.000000000000000222e-01
1.353800000000000000e+04 5.250000000000000000e+00 4.010000000000000231e-01
1.355500000000000000e+04 5.250000000000000000e+00 4.010000000000000231e-01
1.357300000000000000e+04 5.250000000000000000e+00 4.020000000000000240e-01
1.359100000000000000e+04 5.250000000000000000e+00 4.020000000000000240e-01
1.360900000000000000e+04 5.250000000000000000e+00 4.030000000000000249e-01
1.362700000000000000e+04 5.250000000000000000e+00 4.040000000000000258e-01
1.364500000000000000e+04 5.250000000000000000e+00 4.040000000000000258e-01
1.366200000000000000e+04 5.250000000000000000e+00 4.050000000000000266e-01
1.368000000000000000e+04 5.250000000000000000e+00 4.050000000000000266e-01
1.369900000000000000e+04 5.250000000000000000e+00 4.060000000000000275e-01
1.371700000000000000e+04 5.250000000000000000e+00 4.060000000000000275e-01
1.373500000000000000e+04 5.250000000000000000e+00 4.069999999999999729e-01
1.375300000000000000e+04 5.250000000000000000e+00 4.069999999999999729e-01
1.377100000000000000e+04 5.250000000000000000e+00 4.079999999999999738e-01
1.379000000000000000e+04 5.250000000000000000e+00 4.079999999999999738e-01
1.380800000000000000e+04 5.250000000000000000e+00 4.089999999999999747e-01
1.382600000000000000e+04 5.250000000000000000e+00 4.089999999999999747e-01
1.384500000000000000e+04 5.250000000000000000e+00 4.099999999999999756e-01
1.386300000000000000e+04 5.251000000000000334e+00 4.109999999999999765e-01
1.388200000000000000e+04 5.251000000000000334e+00 4.109999999999999765e-01
1.390100000000000000e+04 5.251000000000000334e+00 4.119999999999999774e-01
1.391900000000000000e+04 5.251000000000000334e+00 4.119999999999999774e-01
1.393800000000000000e+04 5.251000000000000334e+00 4.129999999999999782e-01
1.395700000000000000e+04 5.251000000000000334e+00 4.129999999999999782e-01
1.397500000000000000e+04 5.251000000000000334e+00 4.139999999999999791e-01
1.399400000000000000e+04 5.251000000000000334e+00 4.139999999999999791e-01
1.401300000000000000e+04 5.251000000000000334e+00 4.149999999999999800e-01
1.403200000000000000e+04 5.251000000000000334e+00 4.159999999999999809e-01
1.405100000000000000e+04 5.251000000000000334e+00 4.159999999999999809e-01
1.407000000000000000e+04 5.251000000000000334e+00 4.169999999999999818e-01
1.408900000000000000e+04 5.251000000000000334e+00 4.169999999999999818e-01
1.410900000000000000e+04 5.251000000000000334e+00 4.179999999999999827e-01
1.412800000000000000e+04 5.251000000000000334e+00 4.179999999999999827e-01
1.414700000000000000e+04 5.251000000000000334e+00 4.189999999999999836e-01
1.416600000000000000e+04 5.251000000000000334e+00 4.199999999999999845e-01
1.418600000000000000e+04 5.251000000000000334e+00 4.199999999999999845e-01
1.420500000000000000e+04 5.251000000000000334e+00 4.209999999999999853e-01
1.422500000000000000e+04 5.251000000000000334e+00 4.209999999999999853e-01
1.424400000000000000e+04 5.251000000000000334e+00 4.219999999999999862e-01
1.426400000000000000e+04 5.251000000000000334e+00 4.219999999999999862e-01
1.428300000000000000e+04 5.251000000000000334e+00 4.229999999999999871e-01
1.430300000000000000e+04 5.251000000000000334e+00 4.239999999999999880e-01
1.432300000000000000e+04 5.251000000000000334e+00 4.239999999999999880e-01
1.434300000000000000e+04 5.251000000000000334e+00 4.249999999999999889e-01
1.436300000000000000e+04 5.251000000000000334e+00 4.249999999999999889e-01
1.438300000000000000e+04 5.251000000000000334e+00 4.259999999999999898e-01
1.440300000000000000e+04 5.251000000000000334e+00 4.259999999999999898e-01
1.442300000000000000e+04 5.251000000000000334e+00 4.269999999999999907e-01
1.444300000000000000e+04 5.251000000000000334e+00 4.279999999999999916e-01
1.446300000000000000e+04 5.251000000000000334e+00 4.279999999999999916e-01
1.448300000000000000e+04 5.251000000000000334e+00 4.289999999999999925e-01
1.450300000000000000e+04 5.251000000000000334e+00 4.289999999999999925e-01
1.452400000000000000e+04 5.251000000000000334e+00 4.299999999999999933e-01
1.454400000000000000e+04 5.251000000000000334e+00 4.309999999999999942e-01
1.456400000000000000e+04 5.251000000000000334e+00 4.309999999999999942e-01
1.458500000000000000e+04 5.251000000000000334e+00 4.319999999999999951e-01
1.460500000000000000e+04 5.251000000000000334e+00 4.319999999999999951e-01
1.462600000000000000e+04 5.251000000000000334e+00 4.329999999999999960e-01
1.464700000000000000e+04 5.251000000000000334e+00 4.339999999999999969e-01
1.466700000000000000e+04 5.251000000000000334e+00 4.339999999999999969e-01
1.468800000000000000e+04 5.251000000000000334e+00 4.349999999999999978e-01
1.470900000000000000e+04 5.251000000000000334e+00 4.359999999999999987e-01
1.473000000000000000e+04 5.251000000000000334e+00 4.359999999999999987e-01
1.475100000000000000e+04 5.251000000000000334e+00 4.369999999999999996e-01
1.477200000000000000e+04 5.251000000000000334e+00 4.369999999999999996e-01
1.479300000000000000e+04 5.251000000000000334e+00 4.380000000000000004e-01
1.481400000000000000e+04 5.251999999999999780e+00 4.390000000000000013e-01
1.483500000000000000e+04 5.251999999999999780e+00 4.390000000000000013e-01
1.485600000000000000e+04 5.251999999999999780e+00 4.400000000000000022e-01
1.487800000000000000e+04 5.251999999999999780e+00 4.410000000000000031e-01
1.489900000000000000e+04 5.251999999999999780e+00 4.410000000000000031e-01
1.492100000000000000e+04 5.251999999999999780e+00 4.420000000000000040e-01
1.494200000000000000e+04 5.251999999999999780e+00 4.420000000000000040e-01
1.496400000000000000e+04 5.251999999999999780e+00 4.430000000000000049e-01
1.498500000000000000e+04 5.251999999999999780e+00 4.440000000000000058e-01
1.500700000000000000e+04 5.251999999999999780e+00 4.440000000000000058e-01
1.502900000000000000e+04 5.251999999999999780e+00 4.450000000000000067e-01
1.505100000000000000e+04 5.251999999999999780e+00 4.460000000000000075e-01
1.507200000000000000e+04 5.251999999999999780e+00 4.460000000000000075e-01
1.509400000000000000e+04 5.251999999999999780e+00 4.470000000000000084e-01
1.511600000000000000e+04 5.251999999999999780e+00 4.480000000000000093e-01
1.513800000000000000e+04 5.251999999999999780e+00 4.480000000000000093e-01
1.516100000000000000e+04 5.251999999999999780e+00 4.490000000000000102e-01
1.518300000000000000e+04 5.251999999999999780e+00 4.500000000000000111e-01
1.520500000000000000e+04 5.251999999999999780e+00 4.500000000000000111e-01
1.522700000000000000e+04 5.251999999999999780e+00 4.510000000000000120e-01
1.525000000000000000e+04 5.251999999999999780e+00 4.520000000000000129e-01
1.527200000000000000e+04 5.251999999999999780e+00 4.520000000000000129e-01
1.529500000000000000e+04 5.251999999999999780e+00 4.530000000000000138e-01
1.531700000000000000e+04 5.251999999999999780e+00 4.540000000000000147e-01
1.534000000000000000e+04 5.251999999999999780e+00 4.540000000000000147e-01
1.536300000000000000e+04 5.251999999999999780e+00 4.550000000000000155e-01
1.538500000000000000e+04 5.251999999999999780e+00 4.560000000000000164e-01
1.540800000000000000e+04 5.251999999999999780e+00 4.560000000000000164e-01
1.543100000000000000e+04 5.251999999999999780e+00 4.570000000000000173e-01
1.545400000000000000e+04 5.251999999999999780e+00 4.580000000000000182e-01
1.547700000000000000e+04 5.251999999999999780e+00 4.580000000000000182e-01
1.550000000000000000e+04 5.251999999999999780e+00 4.590000000000000191e-01
1.552400000000000000e+04 5.251999999999999780e+00 4.600000000000000200e-01
1.554700000000000000e+04 5.253000000000000114e+00 4.600000000000000200e-01
1.557000000000000000e+04 5.253000000000000114e+00 4.610000000000000209e-01
1.559400000000000000e+04 5.253000000000000114e+00 4.620000000000000218e-01
1.561700000000000000e+04 5.253000000000000114e+00 4.620000000000000218e-01
1.564100000000000000e+04 5.253000000000000114e+00 4.630000000000000226e-01
1.566400000000000000e+04 5.253000000000000114e+00 4.640000000000000235e-01
1.568800000000000000e+04 5.253000000000000114e+00 4.640000000000000235e-01
1.571200000000000000e+04 5.253000000000000114e+00 4.650000000000000244e-01
1.573600000000000000e+04 5.253000000000000114e+00 4.660000000000000253e-01
1.576000000000000000e+04 5.253000000000000114e+00 4.670000000000000262e-01
1.578400000000000000e+04 5.253000000000000114e+00 4.670000000000000262e-01
1.580800000000000000e+04 5.253000000000000114e+00 4.680000000000000271e-01
1.583200000000000000e+04 5.253000000000000114e+00 4.689999999999999725e-01
1.585600000000000000e+04 5.253000000000000114e+00 4.689999999999999725e-01
1.588000000000000000e+04 5.253000000000000114e+00 4.699999999999999734e-01
1.590500000000000000e+04 5.253000000000000114e+00 4.709999999999999742e-01
1.592900000000000000e+04 5.253000000000000114e+00 4.719999999999999751e-01
1.595400000000000000e+04 5.253000000000000114e+00 4.719999999999999751e-01
1.597800000000000000e+04 5.253000000000000114e+00 4.729999999999999760e-01
1.600300000000000000e+04 5.253000000000000114e+00 4.739999999999999769e-01
1.602799999999999818e+04 5.253000000000000114e+00 4.739999999999999769e-01
1.605200000000000000e+04 5.253000000000000114e+00 4.749999999999999778e-01
1.607700000000000182e+04 5.253000000000000114e+00 4.759999999999999787e-01
1.610200000000000000e+04 5.253000000000000114e+00 4.769999999999999796e-01
1.612699999999999818e+04 5.253000000000000114e+00 4.769999999999999796e-01
1.615200000000000182e+04 5.253999999999999559e+00 4.779999999999999805e-01
1.617800000000000000e+04 5.253999999999999559e+00 4.789999999999999813e-01
1.620300000000000000e+04 5.253999999999999559e+00 4.799999999999999822e-01
1.622800000000000182e+04 5.253999999999999559e+00 4.799999999999999822e-01
1.625400000000000182e+04 5.253999999999999559e+00 4.809999999999999831e-01
1.627900000000000000e+04 5.253999999999999559e+00 4.819999999999999840e-01
1.630500000000000000e+04 5.253999999999999559e+00 4.829999999999999849e-01
1.632999999999999818e+04 5.253999999999999559e+00 4.829999999999999849e-01
1.635600000000000182e+04 5.253999999999999559e+00 4.839999999999999858e-01
1.638200000000000182e+04 5.253999999999999559e+00 4.849999999999999867e-01
1.640800000000000000e+04 5.253999999999999559e+00 4.859999999999999876e-01
1.643400000000000000e+04 5.253999999999999559e+00 4.859999999999999876e-01
1.646000000000000000e+04 5.253999999999999559e+00 4.869999999999999885e-01
1.648600000000000000e+04 5.253999999999999559e+00 4.879999999999999893e-01
1.651200000000000000e+04 5.253999999999999559e+00 4.889999999999999902e-01
1.653900000000000000e+04 5.253999999999999559e+00 4.899999999999999911e-01
1.656500000000000000e+04 5.253999999999999559e+00 4.899999999999999911e-01
1.659200000000000000e+04 5.253999999999999559e+00 4.909999999999999920e-01
1.661800000000000000e+04 5.253999999999999559e+00 4.919999999999999929e-01
1.664500000000000000e+04 5.253999999999999559e+00 4.929999999999999938e-01
1.667200000000000000e+04 5.253999999999999559e+00 4.929999999999999938e-01
1.669900000000000000e+04 5.254999999999999893e+00 4.939999999999999947e-01
1.672600000000000000e+04 5.254999999999999893e+00 4.949999999999999956e-01
1.675300000000000000e+04 5.254999999999999893e+00 4.959999999999999964e-01
1.678000000000000000e+04 5.254999999999999893e+00 4.969999999999999973e-01
1.680700000000000000e+04 5.254999999999999893e+00 4.969999999999999973e-01
1.683400000000000000e+04 5.254999999999999893e+00 4.979999999999999982e-01
1.686200000000000000e+04 5.254999999999999893e+00 4.989999999999999991e-01
1.688900000000000000e+04 5.254999999999999893e+00 5.000000000000000000e-01
1.691600000000000000e+04 5.254999999999999893e+00 5.010000000000000009e-01
1.694400000000000000e+04 5.254999999999999893e+00 5.010000000000000009e-01
1.697200000000000000e+04 5.254999999999999893e+00 5.020000000000000018e-01
1.700000000000000000e+04 5.254999999999999893e+00 5.030000000000000027e-01
1.702800000000000000e+04 5.254999999999999893e+00 5.040000000000000036e-01
1.705600000000000000e+04 5.254999999999999893e+00 5.050000000000000044e-01
1.708400000000000000e+04 5.254999999999999893e+00 5.060000000000000053e-01
1.711200000000000000e+04 5.254999999999999893e+00 5.060000000000000053e-01
1.714000000000000000e+04 5.254999999999999893e+00 5.070000000000000062e-01
1.716900000000000000e+04 5.254999999999999893e+00 5.080000000000000071e-01
1.719700000000000000e+04 5.256000000000000227e+00 5.090000000000000080e-01
1.722600000000000000e+04 5.256000000000000227e+00 5.100000000000000089e-01
1.725400000000000000e+04 5.256000000000000227e+00 5.110000000000000098e-01
1.728300000000000000e+04 5.256000000000000227e+00 5.110000000000000098e-01
1.731200000000000000e+04 5.256000000000000227e+00 5.120000000000000107e-01
1.734100000000000000e+04 5.256000000000000227e+00 5.130000000000000115e-01
1.737000000000000000e+04 5.256000000000000227e+00 5.140000000000000124e-01
1.739900000000000000e+04 5.256000000000000227e+00 5.150000000000000133e-01
1.742800000000000000e+04 5.256000000000000227e+00 5.160000000000000142e-01
1.745800000000000000e+04 5.256000000000000227e+00 5.170000000000000151e-01
1.748700000000000000e+04 5.256000000000000227e+00 5.170000000000000151e-01
1.751700000000000000e+04 5.256000000000000227e+00 5.180000000000000160e-01
1.754600000000000000e+04 5.256000000000000227e+00 5.190000000000000169e-01
1.757600000000000000e+04 5.256000000000000227e+00 5.200000000000000178e-01
1.760600000000000000e+04 5.256000000000000227e+00 5.210000000000000187e-01
1.763600000000000000e+04 5.256000000000000227e+00 5.220000000000000195e-01
1.766600000000000000e+04 5.256999999999999673e+00 5.230000000000000204e-01
1.769600000000000000e+04 5.256999999999999673e+00 5.240000000000000213e-01
1.772600000000000000e+04 5.256999999999999673e+00 5.240000000000000213e-01
1.775700000000000000e+04 5.256999999999999673e+00 5.250000000000000222e-01
1.778700000000000000e+04 5.256999999999999673e+00 5.260000000000000231e-01
1.781800000000000000e+04 5.256999999999999673e+00 5.270000000000000240e-01
1.784800000000000000e+04 5.256999999999999673e+00 5.280000000000000249e-01
1.787900000000000000e+04 5.256999999999999673e+00 5.290000000000000258e-01
1.791000000000000000e+04 5.256999999999999673e+00 5.300000000000000266e-01
1.794100000000000000e+04 5.256999999999999673e+00 5.310000000000000275e-01
1.797200000000000000e+04 5.256999999999999673e+00 5.320000000000000284e-01
1.800300000000000000e+04 5.256999999999999673e+00 5.330000000000000293e-01
1.803400000000000000e+04 5.256999999999999673e+00 5.340000000000000302e-01
1.806600000000000000e+04 5.256999999999999673e+00 5.340000000000000302e-01
1.809700000000000000e+04 5.258000000000000007e+00 5.350000000000000311e-01
1.812900000000000000e+04 5.258000000000000007e+00 5.360000000000000320e-01
1.816100000000000000e+04 5.258000000000000007e+00 5.370000000000000329e-01
1.819300000000000000e+04 5.258000000000000007e+00 5.380000000000000338e-01
1.822500000000000000e+04 5.258000000000000007e+00 5.390000000000000346e-01
1.825700000000000000e+04 5.258000000000000007e+00 5.400000000000000355e-01
1.828900000000000000e+04 5.258000000000000007e+00 5.410000000000000364e-01
1.832100000000000000e+04 5.258000000000000007e+00 5.420000000000000373e-01
1.835400000000000000e+04 5.258000000000000007e+00 5.430000000000000382e-01
1.838600000000000000e+04 5.258000000000000007e+00 5.440000000000000391e-01
1.841900000000000000e+04 5.258000000000000007e+00 5.450000000000000400e-01
1.845200000000000000e+04 5.258000000000000007e+00 5.460000000000000409e-01
1.848500000000000000e+04 5.258000000000000007e+00 5.470000000000000417e-01
1.851800000000000000e+04 5.259000000000000341e+00 5.480000000000000426e-01
1.855100000000000000e+04 5.259000000000000341e+00 5.490000000000000435e-01
1.858400000000000000e+04 5.259000000000000341e+00 5.500000000000000444e-01
1.861700000000000000e+04 5.259000000000000341e+00 5.510000000000000453e-01
1.865100000000000000e+04 5.259000000000000341e+00 5.520000000000000462e-01
1.868400000000000000e+04 5.259000000000000341e+00 5.530000000000000471e-01
1.871800000000000000e+04 5.259000000000000341e+00 5.540000000000000480e-01
1.875200000000000000e+04 5.259000000000000341e+00 5.550000000000000488e-01
1.878600000000000000e+04 5.259000000000000341e+00 5.560000000000000497e-01
1.882000000000000000e+04 5.259000000000000341e+00 5.570000000000000506e-01
1.885400000000000000e+04 5.259000000000000341e+00 5.580000000000000515e-01
1.888900000000000000e+04 5.259000000000000341e+00 5.590000000000000524e-01
1.892300000000000000e+04 5.259999999999999787e+00 5.600000000000000533e-01
1.895800000000000000e+04 5.259999999999999787e+00 5.610000000000000542e-01
1.899200000000000000e+04 5.259999999999999787e+00 5.620000000000000551e-01
1.902700000000000000e+04 5.259999999999999787e+00 5.629999999999999449e-01
1.906200000000000000e+04 5.259999999999999787e+00 5.639999999999999458e-01
1.909700000000000000e+04 5.259999999999999787e+00 5.649999999999999467e-01
1.913200000000000000e+04 5.259999999999999787e+00 5.659999999999999476e-01
1.916800000000000000e+04 5.259999999999999787e+00 5.669999999999999485e-01
1.920300000000000000e+04 5.259999999999999787e+00 5.679999999999999494e-01
1.923900000000000000e+04 5.259999999999999787e+00 5.689999999999999503e-01
1.927500000000000000e+04 5.259999999999999787e+00 5.699999999999999512e-01
1.931100000000000000e+04 5.261000000000000121e+00 5.709999999999999520e-01
1.934700000000000000e+04 5.261000000000000121e+00 5.719999999999999529e-01
1.938300000000000000e+04 5.261000000000000121e+00 5.729999999999999538e-01
1.941900000000000000e+04 5.261000000000000121e+00 5.739999999999999547e-01
1.945600000000000000e+04 5.261000000000000121e+00 5.749999999999999556e-01
1.949200000000000000e+04 5.261000000000000121e+00 5.759999999999999565e-01
1.952900000000000000e+04 5.261000000000000121e+00 5.769999999999999574e-01
1.956600000000000000e+04 5.261000000000000121e+00 5.779999999999999583e-01
1.960300000000000000e+04 5.261000000000000121e+00 5.799999999999999600e-01
1.964000000000000000e+04 5.261000000000000121e+00 5.809999999999999609e-01
1.967700000000000000e+04 5.261999999999999567e+00 5.819999999999999618e-01
1.971400000000000000e+04 5.261999999999999567e+00 5.829999999999999627e-01
1.975200000000000000e+04 5.261999999999999567e+00 5.839999999999999636e-01
1.979000000000000000e+04 5.261999999999999567e+00 5.849999999999999645e-01
1.982800000000000000e+04 5.261999999999999567e+00 5.859999999999999654e-01
1.986600000000000000e+04 5.261999999999999567e+00 5.869999999999999662e-01
1.990400000000000000e+04 5.261999999999999567e+00 5.879999999999999671e-01
1.994200000000000000e+04 5.261999999999999567e+00 5.889999999999999680e-01
1.998000000000000000e+04 5.261999999999999567e+00 5.909999999999999698e-01
2.001900000000000000e+04 5.261999999999999567e+00 5.919999999999999707e-01
2.005800000000000000e+04 5.262999999999999901e+00 5.929999999999999716e-01
2.009700000000000000e+04 5.262999999999999901e+00 5.939999999999999725e-01
2.013600000000000000e+04 5.262999999999999901e+00 5.949999999999999734e-01
2.017500000000000000e+04 5.262999999999999901e+00 5.959999999999999742e-01
2.021400000000000000e+04 5.262999999999999901e+00 5.969999999999999751e-01
2.025400000000000000e+04 5.262999999999999901e+00 5.989999999999999769e-01
2.029300000000000000e+04 5.262999999999999901e+00 5.999999999999999778e-01
2.033300000000000000e+04 5.262999999999999901e+00 6.009999999999999787e-01
2.037300000000000000e+04 5.262999999999999901e+00 6.019999999999999796e-01
2.041300000000000000e+04 5.264000000000000234e+00 6.029999999999999805e-01
2.045300000000000000e+04 5.264000000000000234e+00 6.039999999999999813e-01
2.049400000000000000e+04 5.264000000000000234e+00 6.059999999999999831e-01
2.053400000000000000e+04 5.264000000000000234e+00 6.069999999999999840e-01
2.057500000000000000e+04 5.264000000000000234e+00 6.079999999999999849e-01
2.061600000000000000e+04 5.264000000000000234e+00 6.089999999999999858e-01
2.065700000000000000e+04 5.264000000000000234e+00 6.099999999999999867e-01
2.069800000000000000e+04 5.264000000000000234e+00 6.119999999999999885e-01
2.074000000000000000e+04 5.264999999999999680e+00 6.129999999999999893e-01
2.078100000000000000e+04 5.264999999999999680e+00 6.139999999999999902e-01
2.082300000000000000e+04 5.264999999999999680e+00 6.149999999999999911e-01
2.086500000000000000e+04 5.264999999999999680e+00 6.159999999999999920e-01
2.090700000000000000e+04 5.264999999999999680e+00 6.179999999999999938e-01
2.094900000000000000e+04 5.264999999999999680e+00 6.189999999999999947e-01
2.099200000000000000e+04 5.264999999999999680e+00 6.199999999999999956e-01
2.103400000000000000e+04 5.264999999999999680e+00 6.209999999999999964e-01
2.107700000000000000e+04 5.266000000000000014e+00 6.229999999999999982e-01
2.112000000000000000e+04 5.266000000000000014e+00 6.239999999999999991e-01
2.116300000000000000e+04 5.266000000000000014e+00 6.250000000000000000e-01
2.120600000000000000e+04 5.266000000000000014e+00 6.260000000000000009e-01
2.125000000000000000e+04 5.266000000000000014e+00 6.280000000000000027e-01
2.129300000000000000e+04 5.266000000000000014e+00 6.290000000000000036e-01
2.133700000000000000e+04 5.266000000000000014e+00 6.300000000000000044e-01
2.138100000000000000e+04 5.267000000000000348e+00 6.320000000000000062e-01
2.142500000000000000e+04 5.267000000000000348e+00 6.330000000000000071e-01
2.147000000000000000e+04 5.267000000000000348e+00 6.340000000000000080e-01
2.151400000000000000e+04 5.267000000000000348e+00 6.350000000000000089e-01
2.155900000000000000e+04 5.267000000000000348e+00 6.370000000000000107e-01
2.160400000000000000e+04 5.267000000000000348e+00 6.380000000000000115e-01
2.164900000000000000e+04 5.267000000000000348e+00 6.390000000000000124e-01
2.169400000000000000e+04 5.267000000000000348e+00 6.410000000000000142e-01
2.174000000000000000e+04 5.267999999999999794e+00 6.420000000000000151e-01
2.178500000000000000e+04 5.267999999999999794e+00 6.430000000000000160e-01
2.183100000000000000e+04 5.267999999999999794e+00 6.450000000000000178e-01
2.187700000000000000e+04 5.267999999999999794e+00 6.460000000000000187e-01
2.192400000000000000e+04 5.267999999999999794e+00 6.470000000000000195e-01
2.197000000000000000e+04 5.267999999999999794e+00 6.490000000000000213e-01
2.201700000000000000e+04 5.269000000000000128e+00 6.500000000000000222e-01
2.206300000000000000e+04 5.269000000000000128e+00 6.510000000000000231e-01
2.211000000000000000e+04 5.269000000000000128e+00 6.530000000000000249e-01
2.215800000000000000e+04 5.269000000000000128e+00 6.540000000000000258e-01
2.220500000000000000e+04 5.269000000000000128e+00 6.560000000000000275e-01
2.225300000000000000e+04 5.269000000000000128e+00 6.570000000000000284e-01
2.230100000000000000e+04 5.269000000000000128e+00 6.580000000000000293e-01
2.234900000000000000e+04 5.269999999999999574e+00 6.600000000000000311e-01
2.239700000000000000e+04 5.269999999999999574e+00 6.610000000000000320e-01
2.244500000000000000e+04 5.269999999999999574e+00 6.630000000000000338e-01
2.249400000000000000e+04 5.269999999999999574e+00 6.640000000000000346e-01
2.254300000000000000e+04 5.269999999999999574e+00 6.650000000000000355e-01
2.259200000000000000e+04 5.269999999999999574e+00 6.670000000000000373e-01
2.264200000000000000e+04 5.270999999999999908e+00 6.680000000000000382e-01
2.269100000000000000e+04 5.270999999999999908e+00 6.700000000000000400e-01
2.274100000000000000e+04 5.270999999999999908e+00 6.710000000000000409e-01
2.279100000000000000e+04 5.270999999999999908e+00 6.730000000000000426e-01
2.284100000000000000e+04 5.270999999999999908e+00 6.740000000000000435e-01
2.289100000000000000e+04 5.270999999999999908e+00 6.760000000000000453e-01
2.294200000000000000e+04 5.272000000000000242e+00 6.770000000000000462e-01
2.299300000000000000e+04 5.272000000000000242e+00 6.780000000000000471e-01
2.304400000000000000e+04 5.272000000000000242e+00 6.800000000000000488e-01
2.309500000000000000e+04 5.272000000000000242e+00 6.810000000000000497e-01
2.314700000000000000e+04 5.272000000000000242e+00 6.830000000000000515e-01
2.319900000000000000e+04 5.272000000000000242e+00 6.840000000000000524e-01
2.325100000000000000e+04 5.272999999999999687e+00 6.860000000000000542e-01
2.330300000000000000e+04 5.272999999999999687e+00 6.870000000000000551e-01
2.335500000000000000e+04 5.272999999999999687e+00 6.889999999999999458e-01
2.340800000000000000e+04 5.272999999999999687e+00 6.909999999999999476e-01
2.346100000000000000e+04 5.272999999999999687e+00 6.919999999999999485e-01
2.351400000000000000e+04 5.274000000000000021e+00 6.939999999999999503e-01
2.356800000000000000e+04 5.274000000000000021e+00 6.949999999999999512e-01
2.362100000000000000e+04 5.274000000000000021e+00 6.969999999999999529e-01
2.367500000000000000e+04 5.274000000000000021e+00 6.979999999999999538e-01
2.373000000000000000e+04 5.274000000000000021e+00 6.999999999999999556e-01
2.378400000000000000e+04 5.275000000000000355e+00 7.009999999999999565e-01
2.383900000000000000e+04 5.275000000000000355e+00 7.029999999999999583e-01
2.389400000000000000e+04 5.275000000000000355e+00 7.049999999999999600e-01
2.394900000000000000e+04 5.275000000000000355e+00 7.059999999999999609e-01
2.400400000000000000e+04 5.275000000000000355e+00 7.079999999999999627e-01
2.406000000000000000e+04 5.275999999999999801e+00 7.089999999999999636e-01
2.411600000000000000e+04 5.275999999999999801e+00 7.109999999999999654e-01
2.417200000000000000e+04 5.275999999999999801e+00 7.129999999999999671e-01
2.422900000000000000e+04 5.275999999999999801e+00 7.139999999999999680e-01
2.428500000000000000e+04 5.275999999999999801e+00 7.159999999999999698e-01
2.434200000000000000e+04 5.277000000000000135e+00 7.179999999999999716e-01
2.440000000000000000e+04 5.277000000000000135e+00 7.189999999999999725e-01
2.445700000000000000e+04 5.277000000000000135e+00 7.209999999999999742e-01
2.451500000000000000e+04 5.277000000000000135e+00 7.229999999999999760e-01
2.457300000000000000e+04 5.277000000000000135e+00 7.239999999999999769e-01
2.463100000000000000e+04 5.277999999999999581e+00 7.259999999999999787e-01
2.469000000000000000e+04 5.277999999999999581e+00 7.279999999999999805e-01
2.474900000000000000e+04 5.277999999999999581e+00 7.289999999999999813e-01
2.480800000000000000e+04 5.277999999999999581e+00 7.309999999999999831e-01
2.486800000000000000e+04 5.278999999999999915e+00 7.329999999999999849e-01
2.492700000000000000e+04 5.278999999999999915e+00 7.349999999999999867e-01
2.498800000000000000e+04 5.278999999999999915e+00 7.359999999999999876e-01
2.504800000000000000e+04 5.278999999999999915e+00 7.379999999999999893e-01
2.510900000000000000e+04 5.278999999999999915e+00 7.399999999999999911e-01
2.516900000000000000e+04 5.280000000000000249e+00 7.419999999999999929e-01
2.523100000000000000e+04 5.280000000000000249e+00 7.429999999999999938e-01
2.529200000000000000e+04 5.280000000000000249e+00 7.449999999999999956e-01
2.535400000000000000e+04 5.280000000000000249e+00 7.469999999999999973e-01
2.541600000000000000e+04 5.280999999999999694e+00 7.489999999999999991e-01
2.547900000000000000e+04 5.280999999999999694e+00 7.510000000000000009e-01
2.554100000000000000e+04 5.280999999999999694e+00 7.520000000000000018e-01
2.560400000000000000e+04 5.280999999999999694e+00 7.540000000000000036e-01
2.566800000000000000e+04 5.282000000000000028e+00 7.560000000000000053e-01
2.573200000000000000e+04 5.282000000000000028e+00 7.580000000000000071e-01
2.579600000000000000e+04 5.282000000000000028e+00 7.600000000000000089e-01
2.586000000000000000e+04 5.282000000000000028e+00 7.620000000000000107e-01
2.592500000000000000e+04 5.283000000000000362e+00 7.630000000000000115e-01
2.598900000000000000e+04 5.283000000000000362e+00 7.650000000000000133e-01
2.605500000000000000e+04 5.283000000000000362e+00 7.670000000000000151e-01
2.612000000000000000e+04 5.283000000000000362e+00 7.690000000000000169e-01
2.618600000000000000e+04 5.283999999999999808e+00 7.710000000000000187e-01
2.625300000000000000e+04 5.283999999999999808e+00 7.730000000000000204e-01
2.631900000000000000e+04 5.283999999999999808e+00 7.750000000000000222e-01
2.638600000000000000e+04 5.283999999999999808e+00 7.770000000000000240e-01
2.645400000000000000e+04 5.285000000000000142e+00 7.790000000000000258e-01
2.652100000000000000e+04 5.285000000000000142e+00 7.810000000000000275e-01
2.658900000000000000e+04 5.285000000000000142e+00 7.830000000000000293e-01
2.672600000000000000e+04 5.285999999999999588e+00 7.870000000000000329e-01
2.679500000000000000e+04 5.285999999999999588e+00 7.890000000000000346e-01
2.686500000000000000e+04 5.285999999999999588e+00 7.910000000000000364e-01
2.693500000000000000e+04 5.286999999999999922e+00 7.930000000000000382e-01
2.700500000000000000e+04 5.286999999999999922e+00 7.950000000000000400e-01
2.707500000000000000e+04 5.286999999999999922e+00 7.970000000000000417e-01
2.714600000000000000e+04 5.288000000000000256e+00 7.990000000000000435e-01
2.721700000000000000e+04 5.288000000000000256e+00 8.010000000000000453e-01
2.728900000000000000e+04 5.288000000000000256e+00 8.030000000000000471e-01
2.736100000000000000e+04 5.288000000000000256e+00 8.050000000000000488e-01
2.743300000000000000e+04 5.288999999999999702e+00 8.070000000000000506e-01
2.750600000000000000e+04 5.288999999999999702e+00 8.090000000000000524e-01
2.757900000000000000e+04 5.288999999999999702e+00 8.110000000000000542e-01
2.765300000000000000e+04 5.290000000000000036e+00 8.129999999999999449e-01
2.772700000000000000e+04 5.290000000000000036e+00 8.149999999999999467e-01
2.780100000000000000e+04 5.290000000000000036e+00 8.179999999999999494e-01
2.787600000000000000e+04 5.291000000000000369e+00 8.199999999999999512e-01
2.802700000000000000e+04 5.291000000000000369e+00 8.239999999999999547e-01
2.810300000000000000e+04 5.291999999999999815e+00 8.259999999999999565e-01
2.872500000000000000e+04 5.293999999999999595e+00 8.439999999999999725e-01
2.880500000000000000e+04 5.294999999999999929e+00 8.459999999999999742e-01
2.888500000000000000e+04 5.294999999999999929e+00 8.489999999999999769e-01
2.896600000000000000e+04 5.294999999999999929e+00 8.509999999999999787e-01
2.904700000000000000e+04 5.296000000000000263e+00 8.529999999999999805e-01
2.912900000000000000e+04 5.296000000000000263e+00 8.559999999999999831e-01
2.921100000000000000e+04 5.296000000000000263e+00 8.579999999999999849e-01
2.929300000000000000e+04 5.296999999999999709e+00 8.599999999999999867e-01
2.937600000000000000e+04 5.296999999999999709e+00 8.629999999999999893e-01
2.946000000000000000e+04 5.298000000000000043e+00 8.649999999999999911e-01
2.954400000000000000e+04 5.298000000000000043e+00 8.679999999999999938e-01
2.962800000000000000e+04 5.298000000000000043e+00 8.699999999999999956e-01
2.971300000000000000e+04 5.299000000000000377e+00 8.719999999999999973e-01
2.997100000000000000e+04 5.299999999999999822e+00 8.800000000000000044e-01
3.005700000000000000e+04 5.299999999999999822e+00 8.820000000000000062e-01
3.014500000000000000e+04 5.301000000000000156e+00 8.850000000000000089e-01
3.023300000000000000e+04 5.301000000000000156e+00 8.870000000000000107e-01
3.032100000000000000e+04 5.301999999999999602e+00 8.900000000000000133e-01
3.104700000000000000e+04 5.304999999999999716e+00 9.100000000000000311e-01
3.114100000000000000e+04 5.304999999999999716e+00 9.130000000000000338e-01
3.123400000000000000e+04 5.306000000000000050e+00 9.160000000000000364e-01
3.132900000000000000e+04 5.306000000000000050e+00 9.190000000000000391e-01
3.142400000000000000e+04 5.307000000000000384e+00 9.210000000000000409e-01
3.151900000000000000e+04 5.307000000000000384e+00 9.240000000000000435e-01
3.200600000000000000e+04 5.309999999999999609e+00 9.379999999999999449e-01
3.240600000000000000e+04 5.312000000000000277e+00 9.489999999999999547e-01
