1.900000000000000000e+02 1.284000000000000030e+00 1.379999999999999893e+00
1.916560000000000059e+02 1.274999999999999911e+00 1.395000000000000018e+00
1.933120000000000118e+02 1.266000000000000014e+00 1.411000000000000032e+00
1.949670000000000130e+02 1.256999999999999895e+00 1.427999999999999936e+00
1.966229999999999905e+02 1.249000000000000110e+00 1.443999999999999950e+00
1.982790000000000248e+02 1.241999999999999993e+00 1.461000000000000076e+00
1.999350000000000023e+02 1.233999999999999986e+00 1.477999999999999980e+00
2.015909999999999798e+02 1.227000000000000091e+00 1.495999999999999996e+00
2.032470000000000141e+02 1.221000000000000085e+00 1.514000000000000012e+00
2.049019999999999868e+02 1.215000000000000080e+00 1.532000000000000028e+00
2.065579999999999927e+02 1.209000000000000075e+00 1.550000000000000044e+00
2.082139999999999986e+02 1.203999999999999959e+00 1.568000000000000060e+00
2.098700000000000045e+02 1.199000000000000066e+00 1.586999999999999966e+00
2.115259999999999820e+02 1.195000000000000062e+00 1.604999999999999982e+00
2.131820000000000164e+02 1.189999999999999947e+00 1.624000000000000110e+00
2.148369999999999891e+02 1.187000000000000055e+00 1.643000000000000016e+00
2.164929999999999950e+02 1.183000000000000052e+00 1.661999999999999922e+00
2.181490000000000009e+02 1.179999999999999938e+00 1.679999999999999938e+00
2.198050000000000068e+02 1.177000000000000046e+00 1.699000000000000066e+00
2.214609999999999843e+02 1.175000000000000044e+00 1.717999999999999972e+00
2.231170000000000186e+02 1.173000000000000043e+00 1.737000000000000099e+00
2.247719999999999914e+02 1.171000000000000041e+00 1.756000000000000005e+00
2.264279999999999973e+02 1.169000000000000039e+00 1.774999999999999911e+00
2.280840000000000032e+02 1.167999999999999927e+00 1.794000000000000039e+00
2.297400000000000091e+02 1.167000000000000037e+00 1.812999999999999945e+00
2.313959999999999866e+02 1.165999999999999925e+00 1.832000000000000073e+00
2.330520000000000209e+02 1.165999999999999925e+00 1.850999999999999979e+00
2.347069999999999936e+02 1.165000000000000036e+00 1.870000000000000107e+00
2.363629999999999995e+02 1.165000000000000036e+00 1.887999999999999901e+00
2.380190000000000055e+02 1.165999999999999925e+00 1.907000000000000028e+00
2.396750000000000114e+02 1.165999999999999925e+00 1.925999999999999934e+00
2.413309999999999889e+02 1.167000000000000037e+00 1.943999999999999950e+00
2.429860000000000184e+02 1.167000000000000037e+00 1.963000000000000078e+00
2.446419999999999959e+02 1.167999999999999927e+00 1.981000000000000094e+00
2.462980000000000018e+02 1.169999999999999929e+00 1.999000000000000110e+00
2.479540000000000077e+02 1.171000000000000041e+00 2.016999999999999904e+00
2.496099999999999852e+02 1.171999999999999931e+00 2.036000000000000032e+00
2.512659999999999911e+02 1.173999999999999932e+00 2.053999999999999826e+00
2.529210000000000207e+02 1.175999999999999934e+00 2.072000000000000064e+00
2.545769999999999982e+02 1.177999999999999936e+00 2.088999999999999968e+00
2.562330000000000041e+02 1.179999999999999938e+00 2.107000000000000206e+00
2.578889999999999532e+02 1.181999999999999940e+00 2.125000000000000000e+00
2.595450000000000159e+02 1.183999999999999941e+00 2.141999999999999904e+00
2.612010000000000218e+02 1.187000000000000055e+00 2.160000000000000142e+00
2.628559999999999945e+02 1.189999999999999947e+00 2.177000000000000046e+00
2.645120000000000005e+02 1.191999999999999948e+00 2.194999999999999840e+00
2.661680000000000064e+02 1.195000000000000062e+00 2.212000000000000188e+00
2.678240000000000123e+02 1.197999999999999954e+00 2.229000000000000092e+00
2.694800000000000182e+02 1.201000000000000068e+00 2.245999999999999996e+00
2.711359999999999673e+02 1.203999999999999959e+00 2.262999999999999901e+00
2.727909999999999968e+02 1.207000000000000073e+00 2.279999999999999805e+00
2.744470000000000027e+02 1.209999999999999964e+00 2.295999999999999819e+00
2.761030000000000086e+02 1.213999999999999968e+00 2.313000000000000167e+00
2.777589999999999577e+02 1.217000000000000082e+00 2.330000000000000071e+00
2.794150000000000205e+02 1.221000000000000085e+00 2.346000000000000085e+00
2.810710000000000264e+02 1.223999999999999977e+00 2.362999999999999989e+00
2.827259999999999991e+02 1.227999999999999980e+00 2.379000000000000004e+00
2.843820000000000050e+02 1.231000000000000094e+00 2.395000000000000018e+00
2.860380000000000109e+02 1.235000000000000098e+00 2.411000000000000032e+00
2.876940000000000168e+02 1.239000000000000101e+00 2.427000000000000046e+00
2.893500000000000227e+02 1.243000000000000105e+00 2.443000000000000060e+00
2.910059999999999718e+02 1.245999999999999996e+00 2.459000000000000075e+00
2.926610000000000014e+02 1.250000000000000000e+00 2.475000000000000089e+00
2.943170000000000073e+02 1.254000000000000004e+00 2.491000000000000103e+00
2.959730000000000132e+02 1.258000000000000007e+00 2.505999999999999783e+00
2.976289999999999623e+02 1.262000000000000011e+00 2.521999999999999797e+00
2.992850000000000250e+02 1.266000000000000014e+00 2.536999999999999922e+00
3.009399999999999977e+02 1.270000000000000018e+00 2.552999999999999936e+00
3.025960000000000036e+02 1.274999999999999911e+00 2.568000000000000060e+00
3.042520000000000095e+02 1.278999999999999915e+00 2.583000000000000185e+00
3.059080000000000155e+02 1.282999999999999918e+00 2.597999999999999865e+00
3.075640000000000214e+02 1.286999999999999922e+00 2.612999999999999989e+00
3.092199999999999704e+02 1.290999999999999925e+00 2.628000000000000114e+00
3.108750000000000000e+02 1.294999999999999929e+00 2.642999999999999794e+00
3.125310000000000059e+02 1.300000000000000044e+00 2.657999999999999918e+00
3.141870000000000118e+02 1.304000000000000048e+00 2.673000000000000043e+00
3.158429999999999609e+02 1.308000000000000052e+00 2.688000000000000167e+00
3.174989999999999668e+02 1.312999999999999945e+00 2.702999999999999847e+00
3.191550000000000296e+02 1.316999999999999948e+00 2.717000000000000082e+00
3.208100000000000023e+02 1.320999999999999952e+00 2.732000000000000206e+00
3.224659999999999513e+02 1.326000000000000068e+00 2.745999999999999996e+00
3.241220000000000141e+02 1.330000000000000071e+00 2.761000000000000121e+00
3.257780000000000200e+02 1.334000000000000075e+00 2.774999999999999911e+00
3.274340000000000259e+02 1.338999999999999968e+00 2.790000000000000036e+00
3.290899999999999750e+02 1.342999999999999972e+00 2.803999999999999826e+00
3.307450000000000045e+02 1.346999999999999975e+00 2.818000000000000060e+00
3.324010000000000105e+02 1.352000000000000091e+00 2.831999999999999851e+00
3.340570000000000164e+02 1.356000000000000094e+00 2.846999999999999975e+00
3.357129999999999654e+02 1.360999999999999988e+00 2.861000000000000210e+00
3.373689999999999714e+02 1.364999999999999991e+00 2.875000000000000000e+00
3.390250000000000341e+02 1.368999999999999995e+00 2.888999999999999790e+00
3.406800000000000068e+02 1.374000000000000110e+00 2.903000000000000025e+00
3.423359999999999559e+02 1.377999999999999892e+00 2.915999999999999925e+00
3.439920000000000186e+02 1.383000000000000007e+00 2.930000000000000160e+00
3.456480000000000246e+02 1.387000000000000011e+00 2.943999999999999950e+00
3.473039999999999736e+02 1.391000000000000014e+00 2.958000000000000185e+00
3.489590000000000032e+02 1.395999999999999908e+00 2.971999999999999975e+00
3.506150000000000091e+02 1.399999999999999911e+00 2.984999999999999876e+00
3.522710000000000150e+02 1.403999999999999915e+00 2.999000000000000110e+00
3.539269999999999641e+02 1.409000000000000030e+00 3.012999999999999901e+00
3.555829999999999700e+02 1.413000000000000034e+00 3.025999999999999801e+00
3.572389999999999759e+02 1.417999999999999927e+00 3.040000000000000036e+00
3.588940000000000055e+02 1.421999999999999931e+00 3.052999999999999936e+00
3.605499999999999545e+02 1.425999999999999934e+00 3.067000000000000171e+00
3.622059999999999604e+02 1.431000000000000050e+00 3.080000000000000071e+00
3.638620000000000232e+02 1.435000000000000053e+00 3.092999999999999972e+00
3.655180000000000291e+02 1.439000000000000057e+00 3.107000000000000206e+00
3.671739999999999782e+02 1.443999999999999950e+00 3.120000000000000107e+00
3.688290000000000077e+02 1.447999999999999954e+00 3.133999999999999897e+00
3.704850000000000136e+02 1.453000000000000069e+00 3.146999999999999797e+00
3.721410000000000196e+02 1.457000000000000073e+00 3.160000000000000142e+00
3.737969999999999686e+02 1.461000000000000076e+00 3.173000000000000043e+00
3.754529999999999745e+02 1.465999999999999970e+00 3.185999999999999943e+00
3.771090000000000373e+02 1.469999999999999973e+00 3.200000000000000178e+00
3.787640000000000100e+02 1.473999999999999977e+00 3.213000000000000078e+00
3.804199999999999591e+02 1.479000000000000092e+00 3.225999999999999979e+00
3.820760000000000218e+02 1.483000000000000096e+00 3.238999999999999879e+00
3.837320000000000277e+02 1.487000000000000099e+00 3.251999999999999780e+00
3.853880000000000337e+02 1.491000000000000103e+00 3.265000000000000124e+00
3.870439999999999827e+02 1.495999999999999996e+00 3.278000000000000025e+00
3.886990000000000123e+02 1.500000000000000000e+00 3.290999999999999925e+00
3.903550000000000182e+02 1.504000000000000004e+00 3.303999999999999826e+00
3.920110000000000241e+02 1.508999999999999897e+00 3.317000000000000171e+00
3.936669999999999732e+02 1.512999999999999901e+00 3.330000000000000071e+00
3.953229999999999791e+02 1.516999999999999904e+00 3.342999999999999972e+00
3.969780000000000086e+02 1.520999999999999908e+00 3.355999999999999872e+00
3.986340000000000146e+02 1.526000000000000023e+00 3.369000000000000217e+00
4.002899999999999636e+02 1.530000000000000027e+00 3.382000000000000117e+00
4.019460000000000264e+02 1.534000000000000030e+00 3.394000000000000128e+00
4.036020000000000323e+02 1.538999999999999924e+00 3.407000000000000028e+00
4.052579999999999814e+02 1.542999999999999927e+00 3.419999999999999929e+00
4.069130000000000109e+02 1.546999999999999931e+00 3.432999999999999829e+00
4.085690000000000168e+02 1.550999999999999934e+00 3.446000000000000174e+00
4.102250000000000227e+02 1.556000000000000050e+00 3.458000000000000185e+00
4.118809999999999718e+02 1.560000000000000053e+00 3.471000000000000085e+00
4.135369999999999777e+02 1.564000000000000057e+00 3.483999999999999986e+00
4.151929999999999836e+02 1.568000000000000060e+00 3.496999999999999886e+00
4.168480000000000132e+02 1.572999999999999954e+00 3.508999999999999897e+00
4.185039999999999623e+02 1.576999999999999957e+00 3.521999999999999797e+00
4.201599999999999682e+02 1.580999999999999961e+00 3.535000000000000142e+00
4.218160000000000309e+02 1.584999999999999964e+00 3.547000000000000153e+00
4.234720000000000368e+02 1.590000000000000080e+00 3.560000000000000053e+00
4.251279999999999859e+02 1.594000000000000083e+00 3.572999999999999954e+00
4.267830000000000155e+02 1.598000000000000087e+00 3.584999999999999964e+00
4.284390000000000214e+02 1.602000000000000091e+00 3.597999999999999865e+00
4.300950000000000273e+02 1.606000000000000094e+00 3.611000000000000210e+00
4.317509999999999764e+02 1.610999999999999988e+00 3.623000000000000220e+00
4.334069999999999823e+02 1.614999999999999991e+00 3.636000000000000121e+00
4.350629999999999882e+02 1.618999999999999995e+00 3.648000000000000131e+00
4.367180000000000177e+02 1.622999999999999998e+00 3.661000000000000032e+00
4.383739999999999668e+02 1.627999999999999892e+00 3.673999999999999932e+00
4.400299999999999727e+02 1.631999999999999895e+00 3.685999999999999943e+00
4.416860000000000355e+02 1.635999999999999899e+00 3.698999999999999844e+00
4.433420000000000414e+02 1.639999999999999902e+00 3.710999999999999854e+00
4.449979999999999905e+02 1.645000000000000018e+00 3.724000000000000199e+00
4.466530000000000200e+02 1.649000000000000021e+00 3.736000000000000210e+00
4.483090000000000259e+02 1.653000000000000025e+00 3.749000000000000110e+00
4.499650000000000318e+02 1.657000000000000028e+00 3.761000000000000121e+00
4.516209999999999809e+02 1.661999999999999922e+00 3.774000000000000021e+00
4.532769999999999868e+02 1.665999999999999925e+00 3.786000000000000032e+00
4.549320000000000164e+02 1.669999999999999929e+00 3.798999999999999932e+00
4.565879999999999654e+02 1.675000000000000044e+00 3.810999999999999943e+00
4.582439999999999714e+02 1.679000000000000048e+00 3.823999999999999844e+00
4.598999999999999773e+02 1.683000000000000052e+00 3.835999999999999854e+00
4.615560000000000400e+02 1.687000000000000055e+00 3.847999999999999865e+00
4.632119999999999891e+02 1.691999999999999948e+00 3.861000000000000210e+00
4.648669999999999618e+02 1.695999999999999952e+00 3.873000000000000220e+00
4.665230000000000246e+02 1.699999999999999956e+00 3.886000000000000121e+00
4.681790000000000305e+02 1.705000000000000071e+00 3.898000000000000131e+00
4.698349999999999795e+02 1.709000000000000075e+00 3.910000000000000142e+00
4.714909999999999854e+02 1.713000000000000078e+00 3.923000000000000043e+00
4.731469999999999914e+02 1.717999999999999972e+00 3.935000000000000053e+00
4.748020000000000209e+02 1.721999999999999975e+00 3.947999999999999954e+00
4.764579999999999700e+02 1.725999999999999979e+00 3.959999999999999964e+00
4.781139999999999759e+02 1.731000000000000094e+00 3.971999999999999975e+00
4.797699999999999818e+02 1.735000000000000098e+00 3.984999999999999876e+00
4.814260000000000446e+02 1.739000000000000101e+00 3.996999999999999886e+00
4.830819999999999936e+02 1.743999999999999995e+00 4.009000000000000341e+00
4.847369999999999663e+02 1.747999999999999998e+00 4.022000000000000242e+00
4.863930000000000291e+02 1.752000000000000002e+00 4.033999999999999808e+00
4.880490000000000350e+02 1.756999999999999895e+00 4.046000000000000263e+00
4.897049999999999841e+02 1.760999999999999899e+00 4.057999999999999829e+00
4.913609999999999900e+02 1.766000000000000014e+00 4.070999999999999730e+00
4.930169999999999959e+02 1.770000000000000018e+00 4.083000000000000185e+00
4.946720000000000255e+02 1.774999999999999911e+00 4.094999999999999751e+00
4.963279999999999745e+02 1.778999999999999915e+00 4.107999999999999652e+00
4.979839999999999804e+02 1.782999999999999918e+00 4.120000000000000107e+00
4.996399999999999864e+02 1.788000000000000034e+00 4.131999999999999673e+00
5.012959999999999354e+02 1.792000000000000037e+00 4.144000000000000128e+00
5.029510000000000218e+02 1.796999999999999931e+00 4.155999999999999694e+00
5.046070000000000277e+02 1.800999999999999934e+00 4.168999999999999595e+00
5.062630000000000337e+02 1.806000000000000050e+00 4.181000000000000050e+00
5.079189999999999827e+02 1.810000000000000053e+00 4.192999999999999616e+00
5.095749999999999886e+02 1.814999999999999947e+00 4.205000000000000071e+00
5.112309999999999945e+02 1.818999999999999950e+00 4.216999999999999638e+00
5.128859999999999673e+02 1.824000000000000066e+00 4.230000000000000426e+00
5.145420000000000300e+02 1.828000000000000069e+00 4.241999999999999993e+00
5.161980000000000928e+02 1.832999999999999963e+00 4.253999999999999559e+00
5.178540000000000418e+02 1.836999999999999966e+00 4.266000000000000014e+00
5.195099999999999909e+02 1.842000000000000082e+00 4.277999999999999581e+00
5.211660000000000537e+02 1.846000000000000085e+00 4.290000000000000036e+00
5.228210000000000264e+02 1.850999999999999979e+00 4.301999999999999602e+00
5.244769999999999754e+02 1.856000000000000094e+00 4.314000000000000057e+00
5.261329999999999245e+02 1.860000000000000098e+00 4.325999999999999623e+00
5.277889999999999873e+02 1.864999999999999991e+00 4.339000000000000412e+00
5.294450000000000500e+02 1.868999999999999995e+00 4.350999999999999979e+00
5.311009999999999991e+02 1.874000000000000110e+00 4.363000000000000433e+00
5.327559999999999718e+02 1.879000000000000004e+00 4.375000000000000000e+00
5.344120000000000346e+02 1.883000000000000007e+00 4.386999999999999567e+00
5.360679999999999836e+02 1.887999999999999901e+00 4.399000000000000021e+00
5.377239999999999327e+02 1.893000000000000016e+00 4.410999999999999588e+00
5.393799999999999955e+02 1.897000000000000020e+00 4.423000000000000043e+00
5.410359999999999445e+02 1.901999999999999913e+00 4.434999999999999609e+00
5.426910000000000309e+02 1.907000000000000028e+00 4.447000000000000064e+00
5.443469999999999800e+02 1.911000000000000032e+00 4.458999999999999631e+00
5.460030000000000427e+02 1.915999999999999925e+00 4.471000000000000085e+00
5.476589999999999918e+02 1.921000000000000041e+00 4.482000000000000206e+00
5.493150000000000546e+02 1.925999999999999934e+00 4.493999999999999773e+00
5.509699999999999136e+02 1.929999999999999938e+00 4.506000000000000227e+00
5.526259999999999764e+02 1.935000000000000053e+00 4.517999999999999794e+00
5.542820000000000391e+02 1.939999999999999947e+00 4.530000000000000249e+00
5.559379999999999882e+02 1.945000000000000062e+00 4.541999999999999815e+00
5.575940000000000509e+02 1.949000000000000066e+00 4.554000000000000270e+00
5.592500000000000000e+02 1.953999999999999959e+00 4.565999999999999837e+00
5.609049999999999727e+02 1.959000000000000075e+00 4.578000000000000291e+00
5.625609999999999218e+02 1.963999999999999968e+00 4.589000000000000412e+00
5.642169999999999845e+02 1.969000000000000083e+00 4.600999999999999979e+00
5.658729999999999336e+02 1.973999999999999977e+00 4.613000000000000433e+00
5.675289999999999964e+02 1.977999999999999980e+00 4.625000000000000000e+00
5.691850000000000591e+02 1.983000000000000096e+00 4.636000000000000121e+00
5.708400000000000318e+02 1.987999999999999989e+00 4.647999999999999687e+00
5.724959999999999809e+02 1.993000000000000105e+00 4.660000000000000142e+00
5.741520000000000437e+02 1.997999999999999998e+00 4.671999999999999709e+00
5.758079999999999927e+02 2.003000000000000114e+00 4.682999999999999829e+00
5.774639999999999418e+02 2.008000000000000007e+00 4.695000000000000284e+00
5.791200000000000045e+02 2.012999999999999901e+00 4.706999999999999851e+00
5.807750000000000909e+02 2.017999999999999794e+00 4.717999999999999972e+00
5.824310000000000400e+02 2.023000000000000131e+00 4.730000000000000426e+00
5.840869999999999891e+02 2.027000000000000135e+00 4.741999999999999993e+00
5.857430000000000518e+02 2.032000000000000028e+00 4.753000000000000114e+00
5.873990000000000009e+02 2.036999999999999922e+00 4.764999999999999680e+00
5.890549999999999500e+02 2.041999999999999815e+00 4.777000000000000135e+00
5.907099999999999227e+02 2.047000000000000153e+00 4.788000000000000256e+00
5.923659999999999854e+02 2.052000000000000046e+00 4.799999999999999822e+00
5.940220000000000482e+02 2.056999999999999940e+00 4.810999999999999943e+00
5.956779999999999973e+02 2.061999999999999833e+00 4.823000000000000398e+00
5.973340000000000600e+02 2.067000000000000171e+00 4.833999999999999631e+00
5.989890000000000327e+02 2.072000000000000064e+00 4.846000000000000085e+00
6.006449999999999818e+02 2.076999999999999957e+00 4.857000000000000206e+00
6.023009999999999309e+02 2.081999999999999851e+00 4.868999999999999773e+00
6.039569999999999936e+02 2.088000000000000078e+00 4.879999999999999893e+00
6.056129999999999427e+02 2.092999999999999972e+00 4.892000000000000348e+00
6.072689999999998918e+02 2.097999999999999865e+00 4.902999999999999581e+00
6.089239999999999782e+02 2.103000000000000203e+00 4.915000000000000036e+00
6.105800000000000409e+02 2.108000000000000096e+00 4.926000000000000156e+00
6.122359999999999900e+02 2.112999999999999989e+00 4.937999999999999723e+00
6.138919999999999391e+02 2.117999999999999883e+00 4.948999999999999844e+00
6.155480000000000018e+02 2.123000000000000220e+00 4.959999999999999964e+00
6.172039999999999509e+02 2.128000000000000114e+00 4.972000000000000419e+00
6.188590000000000373e+02 2.133000000000000007e+00 4.982999999999999652e+00
6.205149999999999864e+02 2.138999999999999790e+00 4.993999999999999773e+00
6.221710000000000491e+02 2.144000000000000128e+00 5.006000000000000227e+00
6.238269999999999982e+02 2.149000000000000021e+00 5.017000000000000348e+00
6.254830000000000609e+02 2.153999999999999915e+00 5.027999999999999581e+00
6.271390000000000100e+02 2.158999999999999808e+00 5.038999999999999702e+00
6.287939999999999827e+02 2.164000000000000146e+00 5.051000000000000156e+00
6.304499999999999318e+02 2.169999999999999929e+00 5.062000000000000277e+00
6.321059999999999945e+02 2.174999999999999822e+00 5.073000000000000398e+00
6.337620000000000573e+02 2.180000000000000160e+00 5.083999999999999631e+00
6.354180000000000064e+02 2.185000000000000053e+00 5.094999999999999751e+00
6.370740000000000691e+02 2.189999999999999947e+00 5.107000000000000206e+00
6.387290000000000418e+02 2.196000000000000174e+00 5.118000000000000327e+00
6.403849999999999909e+02 2.201000000000000068e+00 5.128999999999999559e+00
6.420409999999999400e+02 2.205999999999999961e+00 5.139999999999999680e+00
6.436970000000000027e+02 2.210999999999999854e+00 5.150999999999999801e+00
6.453529999999999518e+02 2.217000000000000082e+00 5.161999999999999922e+00
6.470080000000000382e+02 2.221999999999999975e+00 5.173000000000000043e+00
6.486639999999999873e+02 2.226999999999999869e+00 5.184000000000000163e+00
6.503200000000000500e+02 2.232000000000000206e+00 5.195000000000000284e+00
6.519759999999999991e+02 2.237999999999999989e+00 5.206000000000000405e+00
6.536319999999999482e+02 2.242999999999999883e+00 5.216999999999999638e+00
6.552880000000000109e+02 2.248000000000000220e+00 5.227999999999999758e+00
6.569430000000000973e+02 2.254000000000000004e+00 5.238999999999999879e+00
6.585990000000000464e+02 2.258999999999999897e+00 5.250000000000000000e+00
6.602549999999999955e+02 2.263999999999999790e+00 5.261000000000000121e+00
6.619110000000000582e+02 2.269000000000000128e+00 5.272000000000000242e+00
6.635670000000000073e+02 2.274999999999999911e+00 5.283000000000000362e+00
6.652229999999999563e+02 2.279999999999999805e+00 5.293999999999999595e+00
6.668779999999999291e+02 2.285000000000000142e+00 5.304999999999999716e+00
6.685339999999999918e+02 2.290999999999999925e+00 5.315999999999999837e+00
6.701899999999999409e+02 2.295999999999999819e+00 5.325999999999999623e+00
6.718460000000000036e+02 2.301000000000000156e+00 5.336999999999999744e+00
6.735020000000000664e+02 2.306999999999999940e+00 5.347999999999999865e+00
6.751580000000000155e+02 2.311999999999999833e+00 5.358999999999999986e+00
6.768129999999999882e+02 2.317000000000000171e+00 5.370000000000000107e+00
6.784689999999999372e+02 2.322999999999999954e+00 5.379999999999999893e+00
6.801250000000000000e+02 2.327999999999999847e+00 5.391000000000000014e+00
6.817809999999999491e+02 2.334000000000000075e+00 5.402000000000000135e+00
6.834370000000000118e+02 2.338999999999999968e+00 5.413000000000000256e+00
6.850929999999999609e+02 2.343999999999999861e+00 5.423000000000000043e+00
6.867480000000000473e+02 2.350000000000000089e+00 5.434000000000000163e+00
6.884039999999999964e+02 2.354999999999999982e+00 5.445000000000000284e+00
6.900600000000000591e+02 2.361000000000000210e+00 5.455000000000000071e+00
6.917160000000000082e+02 2.366000000000000103e+00 5.466000000000000192e+00
6.933719999999999573e+02 2.370999999999999996e+00 5.477000000000000313e+00
6.950280000000000200e+02 2.376999999999999780e+00 5.487000000000000099e+00
6.966830000000001064e+02 2.382000000000000117e+00 5.498000000000000220e+00
6.983390000000000555e+02 2.387999999999999901e+00 5.508000000000000007e+00
6.999950000000000045e+02 2.392999999999999794e+00 5.519000000000000128e+00
7.016510000000000673e+02 2.398000000000000131e+00 5.528999999999999915e+00
7.033070000000000164e+02 2.403999999999999915e+00 5.540000000000000036e+00
7.049619999999999891e+02 2.408999999999999808e+00 5.549999999999999822e+00
7.066179999999999382e+02 2.415000000000000036e+00 5.560999999999999943e+00
7.082740000000000009e+02 2.419999999999999929e+00 5.570999999999999730e+00
7.099299999999999500e+02 2.426000000000000156e+00 5.581999999999999851e+00
7.115860000000000127e+02 2.431000000000000050e+00 5.591999999999999638e+00
7.132420000000000755e+02 2.435999999999999943e+00 5.602999999999999758e+00
7.148970000000000482e+02 2.442000000000000171e+00 5.613000000000000433e+00
7.165529999999999973e+02 2.447000000000000064e+00 5.623999999999999666e+00
7.182089999999999463e+02 2.452999999999999847e+00 5.634000000000000341e+00
7.198650000000000091e+02 2.458000000000000185e+00 5.644000000000000128e+00
7.215209999999999582e+02 2.463999999999999968e+00 5.655000000000000249e+00
7.231769999999999072e+02 2.468999999999999861e+00 5.665000000000000036e+00
7.248319999999999936e+02 2.475000000000000089e+00 5.674999999999999822e+00
7.264880000000000564e+02 2.479999999999999982e+00 5.685999999999999943e+00
7.281440000000000055e+02 2.486000000000000210e+00 5.695999999999999730e+00
7.297999999999999545e+02 2.491000000000000103e+00 5.706000000000000405e+00
7.314560000000000173e+02 2.496999999999999886e+00 5.716000000000000192e+00
7.331119999999999663e+02 2.501999999999999780e+00 5.727000000000000313e+00
7.347669999999999391e+02 2.508000000000000007e+00 5.737000000000000099e+00
7.364230000000000018e+02 2.512999999999999901e+00 5.746999999999999886e+00
7.380790000000000646e+02 2.519000000000000128e+00 5.756999999999999673e+00
7.397350000000000136e+02 2.524000000000000021e+00 5.767000000000000348e+00
7.413910000000000764e+02 2.529999999999999805e+00 5.777999999999999581e+00
7.430470000000000255e+02 2.535000000000000142e+00 5.788000000000000256e+00
7.447019999999999982e+02 2.540999999999999925e+00 5.798000000000000043e+00
7.463579999999999472e+02 2.545999999999999819e+00 5.807999999999999829e+00
7.480140000000000100e+02 2.552000000000000046e+00 5.817999999999999616e+00
7.496699999999999591e+02 2.556999999999999940e+00 5.828000000000000291e+00
7.513260000000000218e+02 2.563000000000000167e+00 5.838000000000000078e+00
7.529809999999999945e+02 2.568000000000000060e+00 5.847999999999999865e+00
7.546370000000000573e+02 2.573999999999999844e+00 5.857999999999999652e+00
7.562930000000000064e+02 2.579000000000000181e+00 5.868000000000000327e+00
7.579489999999999554e+02 2.584999999999999964e+00 5.878000000000000114e+00
7.596050000000000182e+02 2.589999999999999858e+00 5.887999999999999901e+00
7.612609999999999673e+02 2.596000000000000085e+00 5.897999999999999687e+00
7.629160000000000537e+02 2.600999999999999979e+00 5.908000000000000362e+00
7.645720000000000027e+02 2.607000000000000206e+00 5.918000000000000149e+00
7.662280000000000655e+02 2.612000000000000099e+00 5.927999999999999936e+00
7.678840000000000146e+02 2.617999999999999883e+00 5.937999999999999723e+00
7.695399999999999636e+02 2.623000000000000220e+00 5.948000000000000398e+00
7.711960000000000264e+02 2.629000000000000004e+00 5.958000000000000185e+00
7.728509999999999991e+02 2.633999999999999897e+00 5.967999999999999972e+00
7.745069999999999482e+02 2.640000000000000124e+00 5.977999999999999758e+00
7.761630000000000109e+02 2.645999999999999908e+00 5.988000000000000433e+00
7.778190000000000737e+02 2.650999999999999801e+00 5.998000000000000220e+00
7.794750000000000227e+02 2.657000000000000028e+00 6.006999999999999673e+00
7.811309999999999718e+02 2.661999999999999922e+00 6.017000000000000348e+00
7.827859999999999445e+02 2.668000000000000149e+00 6.027000000000000135e+00
7.844420000000000073e+02 2.673000000000000043e+00 6.036999999999999922e+00
7.860979999999999563e+02 2.678999999999999826e+00 6.046999999999999709e+00
7.877539999999999054e+02 2.684000000000000163e+00 6.056000000000000050e+00
7.894099999999999682e+02 2.689999999999999947e+00 6.065999999999999837e+00
7.910660000000000309e+02 2.694999999999999840e+00 6.075999999999999623e+00
7.927210000000000036e+02 2.701000000000000068e+00 6.086000000000000298e+00
7.943769999999999527e+02 2.706999999999999851e+00 6.094999999999999751e+00
7.960330000000000155e+02 2.712000000000000188e+00 6.105000000000000426e+00
7.976889999999999645e+02 2.717999999999999972e+00 6.115000000000000213e+00
7.993450000000000273e+02 2.722999999999999865e+00 6.123999999999999666e+00
8.010000000000000000e+02 2.729000000000000092e+00 6.134000000000000341e+00
8.026560000000000628e+02 2.733999999999999986e+00 6.144000000000000128e+00
8.043120000000000118e+02 2.740000000000000213e+00 6.152999999999999581e+00
8.059680000000000746e+02 2.745999999999999996e+00 6.163000000000000256e+00
8.076240000000000236e+02 2.750999999999999890e+00 6.171999999999999709e+00
8.092799999999999727e+02 2.757000000000000117e+00 6.182000000000000384e+00
8.109349999999999454e+02 2.762000000000000011e+00 6.192000000000000171e+00
8.125910000000000082e+02 2.767999999999999794e+00 6.200999999999999623e+00
8.142470000000000709e+02 2.773000000000000131e+00 6.211000000000000298e+00
8.159030000000000200e+02 2.778999999999999915e+00 6.219999999999999751e+00
8.175590000000000828e+02 2.785000000000000142e+00 6.230000000000000426e+00
8.192150000000000318e+02 2.790000000000000036e+00 6.238999999999999879e+00
8.208700000000000045e+02 2.795999999999999819e+00 6.248999999999999666e+00
8.225259999999999536e+02 2.801000000000000156e+00 6.258000000000000007e+00
8.241820000000000164e+02 2.806999999999999940e+00 6.267999999999999794e+00
8.258379999999999654e+02 2.813000000000000167e+00 6.277000000000000135e+00
8.274939999999999145e+02 2.818000000000000060e+00 6.286999999999999922e+00
8.291500000000000909e+02 2.823999999999999844e+00 6.296000000000000263e+00
8.308050000000000637e+02 2.829000000000000181e+00 6.306000000000000050e+00
8.324610000000000127e+02 2.834999999999999964e+00 6.315000000000000391e+00
8.341169999999999618e+02 2.841000000000000192e+00 6.323999999999999844e+00
8.357730000000000246e+02 2.846000000000000085e+00 6.333999999999999631e+00
8.374289999999999736e+02 2.851999999999999869e+00 6.342999999999999972e+00
8.390849999999999227e+02 2.857000000000000206e+00 6.352000000000000313e+00
8.407400000000000091e+02 2.862999999999999989e+00 6.362000000000000099e+00
8.423960000000000719e+02 2.869000000000000217e+00 6.371000000000000441e+00
8.440520000000000209e+02 2.874000000000000110e+00 6.379999999999999893e+00
8.457079999999999700e+02 2.879999999999999893e+00 6.389999999999999680e+00
8.473640000000000327e+02 2.884999999999999787e+00 6.399000000000000021e+00
8.490199999999999818e+02 2.891000000000000014e+00 6.408000000000000362e+00
8.506749999999999545e+02 2.896999999999999797e+00 6.418000000000000149e+00
8.523309999999999036e+02 2.902000000000000135e+00 6.426999999999999602e+00
8.539870000000000800e+02 2.907999999999999918e+00 6.435999999999999943e+00
8.556430000000000291e+02 2.914000000000000146e+00 6.445000000000000284e+00
8.572989999999999782e+02 2.919000000000000039e+00 6.453999999999999737e+00
8.589539999999999509e+02 2.924999999999999822e+00 6.464000000000000412e+00
8.606100000000000136e+02 2.930000000000000160e+00 6.472999999999999865e+00
8.622659999999999627e+02 2.935999999999999943e+00 6.482000000000000206e+00
8.639219999999999118e+02 2.942000000000000171e+00 6.490999999999999659e+00
8.655779999999999745e+02 2.947000000000000064e+00 6.500000000000000000e+00
8.672339999999999236e+02 2.952999999999999847e+00 6.509000000000000341e+00
8.688890000000000100e+02 2.959000000000000075e+00 6.519000000000000128e+00
8.705449999999999591e+02 2.963999999999999968e+00 6.527999999999999581e+00
8.722010000000000218e+02 2.970000000000000195e+00 6.536999999999999922e+00
8.738569999999999709e+02 2.975999999999999979e+00 6.546000000000000263e+00
8.755130000000000337e+02 2.980999999999999872e+00 6.554999999999999716e+00
8.771689999999999827e+02 2.987000000000000099e+00 6.564000000000000057e+00
8.788240000000000691e+02 2.992999999999999883e+00 6.573000000000000398e+00
8.804800000000000182e+02 2.998000000000000220e+00 6.581999999999999851e+00
8.821360000000000809e+02 3.004000000000000004e+00 6.591000000000000192e+00
8.837920000000000300e+02 3.008999999999999897e+00 6.599999999999999645e+00
8.854479999999999791e+02 3.015000000000000124e+00 6.608999999999999986e+00
8.871040000000000418e+02 3.020999999999999908e+00 6.618000000000000327e+00
8.887590000000000146e+02 3.025999999999999801e+00 6.626999999999999780e+00
8.904149999999999636e+02 3.032000000000000028e+00 6.636000000000000121e+00
8.920709999999999127e+02 3.037999999999999812e+00 6.644999999999999574e+00
8.937270000000000891e+02 3.044000000000000039e+00 6.653999999999999915e+00
8.953830000000000382e+02 3.048999999999999932e+00 6.663000000000000256e+00
8.970389999999999873e+02 3.055000000000000160e+00 6.671999999999999709e+00
8.986939999999999600e+02 3.060999999999999943e+00 6.681000000000000050e+00
9.003500000000000227e+02 3.065999999999999837e+00 6.689000000000000057e+00
9.020059999999999718e+02 3.072000000000000064e+00 6.698000000000000398e+00
9.036619999999999209e+02 3.077999999999999847e+00 6.706999999999999851e+00
9.053179999999999836e+02 3.083000000000000185e+00 6.716000000000000192e+00
9.069730000000000700e+02 3.088999999999999968e+00 6.724999999999999645e+00
9.086290000000000191e+02 3.095000000000000195e+00 6.733999999999999986e+00
9.102849999999999682e+02 3.100000000000000089e+00 6.741999999999999993e+00
9.119410000000000309e+02 3.105999999999999872e+00 6.751000000000000334e+00
9.135969999999999800e+02 3.112000000000000099e+00 6.759999999999999787e+00
9.152529999999999291e+02 3.117999999999999883e+00 6.769000000000000128e+00
9.169079999999999018e+02 3.123000000000000220e+00 6.777999999999999581e+00
9.185640000000000782e+02 3.129000000000000004e+00 6.785999999999999588e+00
9.202200000000000273e+02 3.134999999999999787e+00 6.794999999999999929e+00
9.218759999999999764e+02 3.140000000000000124e+00 6.804000000000000270e+00
9.235320000000000391e+02 3.145999999999999908e+00 6.812000000000000277e+00
9.251879999999999882e+02 3.152000000000000135e+00 6.820999999999999730e+00
9.268429999999999609e+02 3.157999999999999918e+00 6.830000000000000071e+00
9.284989999999999100e+02 3.162999999999999812e+00 6.838000000000000078e+00
9.301549999999999727e+02 3.169000000000000039e+00 6.847000000000000419e+00
9.318109999999999218e+02 3.174999999999999822e+00 6.855999999999999872e+00
9.334670000000000982e+02 3.181000000000000050e+00 6.863999999999999879e+00
9.351230000000000473e+02 3.185999999999999943e+00 6.873000000000000220e+00
9.367780000000000200e+02 3.192000000000000171e+00 6.881999999999999673e+00
9.384339999999999691e+02 3.197999999999999954e+00 6.889999999999999680e+00
9.400900000000000318e+02 3.204000000000000181e+00 6.899000000000000021e+00
9.417459999999999809e+02 3.209000000000000075e+00 6.907000000000000028e+00
9.434019999999999300e+02 3.214999999999999858e+00 6.916000000000000369e+00
9.450579999999999927e+02 3.221000000000000085e+00 6.924000000000000377e+00
9.467130000000000791e+02 3.226999999999999869e+00 6.932999999999999829e+00
9.483690000000000282e+02 3.232000000000000206e+00 6.940999999999999837e+00
9.500249999999999773e+02 3.237999999999999989e+00 6.950000000000000178e+00
9.516810000000000400e+02 3.244000000000000217e+00 6.958000000000000185e+00
9.533369999999999891e+02 3.250000000000000000e+00 6.966999999999999638e+00
9.549919999999999618e+02 3.255999999999999783e+00 6.974999999999999645e+00
9.566480000000000246e+02 3.261000000000000121e+00 6.982999999999999652e+00
9.583040000000000873e+02 3.266999999999999904e+00 6.991999999999999993e+00
9.599600000000000364e+02 3.273000000000000131e+00 7.000000000000000000e+00
9.616159999999999854e+02 3.278999999999999915e+00 7.009000000000000341e+00
9.632720000000000482e+02 3.283999999999999808e+00 7.017000000000000348e+00
9.649270000000000209e+02 3.290000000000000036e+00 7.025000000000000355e+00
9.665829999999999700e+02 3.295999999999999819e+00 7.033999999999999808e+00
9.682389999999999191e+02 3.302000000000000046e+00 7.041999999999999815e+00
9.698949999999999818e+02 3.307999999999999829e+00 7.049999999999999822e+00
9.715510000000000446e+02 3.314000000000000057e+00 7.059000000000000163e+00
9.732069999999999936e+02 3.318999999999999950e+00 7.067000000000000171e+00
9.748619999999999663e+02 3.325000000000000178e+00 7.075000000000000178e+00
9.765180000000000291e+02 3.330999999999999961e+00 7.083000000000000185e+00
9.781739999999999782e+02 3.337000000000000188e+00 7.091999999999999638e+00
9.798299999999999272e+02 3.342999999999999972e+00 7.099999999999999645e+00
9.814859999999999900e+02 3.347999999999999865e+00 7.107999999999999652e+00
9.831419999999999391e+02 3.354000000000000092e+00 7.115999999999999659e+00
9.847970000000000255e+02 3.359999999999999876e+00 7.123999999999999666e+00
9.864529999999999745e+02 3.366000000000000103e+00 7.133000000000000007e+00
9.881090000000000373e+02 3.371999999999999886e+00 7.141000000000000014e+00
9.897649999999999864e+02 3.378000000000000114e+00 7.149000000000000021e+00
9.914210000000000491e+02 3.383999999999999897e+00 7.157000000000000028e+00
9.930769999999999982e+02 3.388999999999999790e+00 7.165000000000000036e+00
9.947319999999999709e+02 3.395000000000000018e+00 7.173000000000000043e+00
9.963880000000000337e+02 3.400999999999999801e+00 7.181000000000000050e+00
9.980440000000000964e+02 3.407000000000000028e+00 7.189000000000000057e+00
9.997000000000000455e+02 3.412999999999999812e+00 7.197000000000000064e+00
1.001355999999999881e+03 3.419000000000000039e+00 7.205000000000000071e+00
1.003012000000000057e+03 3.424999999999999822e+00 7.213000000000000078e+00
1.004667000000000030e+03 3.430000000000000160e+00 7.221000000000000085e+00
1.006323000000000093e+03 3.435999999999999943e+00 7.229000000000000092e+00
1.007978999999999928e+03 3.442000000000000171e+00 7.237000000000000099e+00
1.009635000000000105e+03 3.447999999999999954e+00 7.245000000000000107e+00
1.011290999999999940e+03 3.454000000000000181e+00 7.253000000000000114e+00
1.012945999999999913e+03 3.459999999999999964e+00 7.261000000000000121e+00
1.014601999999999975e+03 3.466000000000000192e+00 7.269000000000000128e+00
1.016258000000000152e+03 3.471999999999999975e+00 7.277000000000000135e+00
1.017913999999999987e+03 3.478000000000000203e+00 7.283999999999999808e+00
1.019570000000000050e+03 3.483000000000000096e+00 7.291999999999999815e+00
1.021225999999999999e+03 3.488999999999999879e+00 7.299999999999999822e+00
1.022880999999999972e+03 3.495000000000000107e+00 7.307999999999999829e+00
1.024537000000000035e+03 3.500999999999999890e+00 7.315999999999999837e+00
1.026192999999999984e+03 3.507000000000000117e+00 7.323000000000000398e+00
1.027848999999999933e+03 3.512999999999999901e+00 7.331000000000000405e+00
1.029504999999999882e+03 3.519000000000000128e+00 7.339000000000000412e+00
1.031161000000000058e+03 3.524999999999999911e+00 7.347000000000000419e+00
1.032816000000000031e+03 3.531000000000000139e+00 7.354000000000000092e+00
1.034471999999999980e+03 3.536999999999999922e+00 7.362000000000000099e+00
1.036127999999999929e+03 3.543000000000000149e+00 7.370000000000000107e+00
1.037784000000000106e+03 3.548999999999999932e+00 7.376999999999999780e+00
1.039439999999999827e+03 3.555000000000000160e+00 7.384999999999999787e+00
1.041096000000000004e+03 3.560000000000000053e+00 7.392999999999999794e+00
1.042750999999999976e+03 3.565999999999999837e+00 7.400000000000000355e+00
1.044407000000000153e+03 3.572000000000000064e+00 7.408000000000000362e+00
1.046062999999999874e+03 3.577999999999999847e+00 7.415000000000000036e+00
1.047719000000000051e+03 3.584000000000000075e+00 7.423000000000000043e+00
1.049375000000000000e+03 3.589999999999999858e+00 7.429999999999999716e+00
1.051030999999999949e+03 3.596000000000000085e+00 7.437999999999999723e+00
1.052685999999999922e+03 3.601999999999999869e+00 7.445000000000000284e+00
1.054341999999999871e+03 3.608000000000000096e+00 7.453000000000000291e+00
1.055998000000000047e+03 3.613999999999999879e+00 7.459999999999999964e+00
1.057653999999999996e+03 3.620000000000000107e+00 7.467999999999999972e+00
1.059309999999999945e+03 3.625999999999999890e+00 7.474999999999999645e+00
1.060964999999999918e+03 3.632000000000000117e+00 7.482999999999999652e+00
1.062621000000000095e+03 3.637999999999999901e+00 7.490000000000000213e+00
1.064276999999999816e+03 3.644000000000000128e+00 7.496999999999999886e+00
1.065932999999999993e+03 3.649999999999999911e+00 7.504999999999999893e+00
1.067588999999999942e+03 3.656000000000000139e+00 7.511999999999999567e+00
1.069244999999999891e+03 3.661999999999999922e+00 7.519000000000000128e+00
1.070899999999999864e+03 3.668000000000000149e+00 7.527000000000000135e+00
1.072556000000000040e+03 3.673999999999999932e+00 7.533999999999999808e+00
1.074211999999999989e+03 3.680000000000000160e+00 7.541000000000000369e+00
1.075867999999999938e+03 3.685999999999999943e+00 7.548000000000000043e+00
1.077523999999999887e+03 3.692000000000000171e+00 7.554999999999999716e+00
1.079180000000000064e+03 3.697000000000000064e+00 7.562999999999999723e+00
1.080835000000000036e+03 3.702999999999999847e+00 7.570000000000000284e+00
1.082490999999999985e+03 3.709000000000000075e+00 7.576999999999999957e+00
1.084146999999999935e+03 3.714999999999999858e+00 7.583999999999999631e+00
1.085803000000000111e+03 3.721000000000000085e+00 7.591000000000000192e+00
1.087459000000000060e+03 3.726999999999999869e+00 7.597999999999999865e+00
1.089115000000000009e+03 3.733000000000000096e+00 7.605000000000000426e+00
1.090769999999999982e+03 3.738999999999999879e+00 7.612000000000000099e+00
1.092425999999999931e+03 3.745000000000000107e+00 7.618999999999999773e+00
1.094082000000000107e+03 3.750999999999999890e+00 7.626000000000000334e+00
1.095738000000000056e+03 3.757000000000000117e+00 7.633000000000000007e+00
1.097394000000000005e+03 3.762999999999999901e+00 7.639999999999999680e+00
1.099050000000000182e+03 3.769000000000000128e+00 7.647000000000000242e+00
1.100705000000000155e+03 3.774999999999999911e+00 7.653999999999999915e+00
1.102360999999999876e+03 3.781000000000000139e+00 7.660999999999999588e+00
1.104017000000000053e+03 3.786999999999999922e+00 7.668000000000000149e+00
1.105673000000000002e+03 3.793000000000000149e+00 7.674999999999999822e+00
1.107328999999999951e+03 3.798999999999999932e+00 7.682000000000000384e+00
1.108983999999999924e+03 3.805000000000000160e+00 7.689000000000000057e+00
1.110640000000000100e+03 3.810999999999999943e+00 7.695000000000000284e+00
1.112296000000000049e+03 3.817000000000000171e+00 7.701999999999999957e+00
1.113951999999999998e+03 3.822999999999999954e+00 7.708999999999999631e+00
1.115607999999999947e+03 3.829000000000000181e+00 7.716000000000000192e+00
1.117264000000000124e+03 3.834999999999999964e+00 7.722000000000000419e+00
1.118919000000000096e+03 3.841000000000000192e+00 7.729000000000000092e+00
1.120575000000000045e+03 3.846999999999999975e+00 7.735999999999999766e+00
1.122230999999999995e+03 3.853000000000000203e+00 7.741999999999999993e+00
1.123887000000000171e+03 3.858999999999999986e+00 7.748999999999999666e+00
1.125542999999999893e+03 3.865000000000000213e+00 7.756000000000000227e+00
1.127199000000000069e+03 3.870999999999999996e+00 7.761999999999999567e+00
1.128854000000000042e+03 3.876999999999999780e+00 7.769000000000000128e+00
1.130509999999999991e+03 3.883000000000000007e+00 7.775000000000000355e+00
1.132165999999999940e+03 3.888999999999999790e+00 7.782000000000000028e+00
1.133822000000000116e+03 3.895000000000000018e+00 7.788000000000000256e+00
1.135478000000000065e+03 3.900999999999999801e+00 7.794999999999999929e+00
1.137134000000000015e+03 3.907000000000000028e+00 7.801000000000000156e+00
1.138788999999999987e+03 3.911999999999999922e+00 7.807999999999999829e+00
1.140444999999999936e+03 3.918000000000000149e+00 7.814000000000000057e+00
1.142101000000000113e+03 3.923999999999999932e+00 7.820999999999999730e+00
1.143756999999999834e+03 3.930000000000000160e+00 7.826999999999999957e+00
1.145413000000000011e+03 3.935999999999999943e+00 7.833000000000000185e+00
1.147068999999999960e+03 3.942000000000000171e+00 7.839999999999999858e+00
1.148724000000000160e+03 3.947999999999999954e+00 7.846000000000000085e+00
1.150379999999999882e+03 3.954000000000000181e+00 7.852000000000000313e+00
1.152036000000000058e+03 3.959999999999999964e+00 7.858999999999999986e+00
1.153692000000000007e+03 3.966000000000000192e+00 7.865000000000000213e+00
1.155347999999999956e+03 3.971999999999999975e+00 7.871000000000000441e+00
1.157003999999999905e+03 3.978000000000000203e+00 7.876999999999999780e+00
1.158659000000000106e+03 3.983999999999999986e+00 7.883000000000000007e+00
1.160315000000000055e+03 3.990000000000000213e+00 7.889999999999999680e+00
1.161971000000000004e+03 3.995000000000000107e+00 7.895999999999999908e+00
1.163626999999999953e+03 4.001000000000000334e+00 7.902000000000000135e+00
1.165283000000000129e+03 4.006999999999999673e+00 7.908000000000000362e+00
1.166938000000000102e+03 4.012999999999999901e+00 7.913999999999999702e+00
1.168593999999999824e+03 4.019000000000000128e+00 7.919999999999999929e+00
1.170250000000000000e+03 4.025000000000000355e+00 7.926000000000000156e+00
1.171905999999999949e+03 4.030999999999999694e+00 7.932000000000000384e+00
1.173561999999999898e+03 4.036999999999999922e+00 7.937999999999999723e+00
1.175218000000000075e+03 4.043000000000000149e+00 7.943999999999999950e+00
1.176873000000000047e+03 4.048000000000000043e+00 7.950000000000000178e+00
1.178528999999999996e+03 4.054000000000000270e+00 7.956000000000000405e+00
1.180184999999999945e+03 4.059999999999999609e+00 7.961999999999999744e+00
1.181840999999999894e+03 4.065999999999999837e+00 7.967999999999999972e+00
1.183497000000000071e+03 4.072000000000000064e+00 7.972999999999999865e+00
1.185152999999999793e+03 4.078000000000000291e+00 7.979000000000000092e+00
1.186807999999999993e+03 4.083999999999999631e+00 7.985000000000000320e+00
1.188463999999999942e+03 4.089000000000000412e+00 7.990999999999999659e+00
1.190120000000000118e+03 4.094999999999999751e+00 7.996999999999999886e+00
1.191775999999999840e+03 4.100999999999999979e+00 8.002000000000000668e+00
1.193432000000000016e+03 4.107000000000000206e+00 8.007999999999999119e+00
1.195087999999999965e+03 4.113000000000000433e+00 8.013999999999999346e+00
1.196742999999999938e+03 4.118000000000000327e+00 8.019000000000000128e+00
1.198398999999999887e+03 4.123999999999999666e+00 8.025000000000000355e+00
1.200055000000000064e+03 4.129999999999999893e+00 8.031000000000000583e+00
1.201711000000000013e+03 4.136000000000000121e+00 8.035999999999999588e+00
1.203367000000000189e+03 4.142000000000000348e+00 8.041999999999999815e+00
1.205022999999999911e+03 4.147000000000000242e+00 8.047000000000000597e+00
1.206677999999999884e+03 4.152999999999999581e+00 8.053000000000000824e+00
1.208334000000000060e+03 4.158999999999999808e+00 8.057999999999999829e+00
1.209990000000000009e+03 4.165000000000000036e+00 8.064000000000000057e+00
1.211645999999999958e+03 4.169999999999999929e+00 8.069000000000000838e+00
1.213302000000000135e+03 4.176000000000000156e+00 8.074999999999999289e+00
1.214957000000000107e+03 4.182000000000000384e+00 8.080000000000000071e+00
1.216613000000000056e+03 4.187999999999999723e+00 8.085000000000000853e+00
1.218269000000000005e+03 4.192999999999999616e+00 8.090999999999999304e+00
1.219924999999999955e+03 4.198999999999999844e+00 8.096000000000000085e+00
1.221581000000000131e+03 4.205000000000000071e+00 8.101000000000000867e+00
1.223236999999999853e+03 4.209999999999999964e+00 8.106999999999999318e+00
1.224892000000000053e+03 4.216000000000000192e+00 8.112000000000000099e+00
1.226548000000000002e+03 4.222000000000000419e+00 8.117000000000000881e+00
1.228204000000000178e+03 4.227000000000000313e+00 8.121999999999999886e+00
1.229859999999999900e+03 4.232999999999999652e+00 8.128000000000000114e+00
1.231516000000000076e+03 4.238999999999999879e+00 8.132999999999999119e+00
1.233172000000000025e+03 4.243999999999999773e+00 8.137999999999999901e+00
1.234826999999999998e+03 4.250000000000000000e+00 8.143000000000000682e+00
1.236482999999999947e+03 4.254999999999999893e+00 8.147999999999999687e+00
1.238139000000000124e+03 4.261000000000000121e+00 8.153000000000000469e+00
1.239795000000000073e+03 4.267000000000000348e+00 8.157999999999999474e+00
1.241451000000000022e+03 4.272000000000000242e+00 8.163000000000000256e+00
1.243106999999999971e+03 4.277999999999999581e+00 8.167999999999999261e+00
1.244761999999999944e+03 4.283000000000000362e+00 8.173000000000000043e+00
1.246418000000000120e+03 4.288999999999999702e+00 8.178000000000000824e+00
1.248073999999999842e+03 4.293999999999999595e+00 8.182999999999999829e+00
1.249730000000000018e+03 4.299999999999999822e+00 8.188000000000000611e+00
1.251386000000000195e+03 4.304999999999999716e+00 8.192999999999999616e+00
1.253041999999999916e+03 4.310999999999999943e+00 8.198000000000000398e+00
1.254696999999999889e+03 4.315999999999999837e+00 8.202999999999999403e+00
1.256353000000000065e+03 4.322000000000000064e+00 8.208000000000000185e+00
1.258009000000000015e+03 4.326999999999999957e+00 8.211999999999999744e+00
1.259664999999999964e+03 4.333000000000000185e+00 8.217000000000000526e+00
1.261320999999999913e+03 4.338000000000000078e+00 8.221999999999999531e+00
1.262976000000000113e+03 4.344000000000000306e+00 8.227000000000000313e+00
1.264632000000000062e+03 4.349000000000000199e+00 8.230999999999999872e+00
1.266288000000000011e+03 4.354000000000000092e+00 8.236000000000000654e+00
1.267943999999999960e+03 4.360000000000000320e+00 8.240999999999999659e+00
1.269600000000000136e+03 4.365000000000000213e+00 8.246000000000000441e+00
1.271255999999999858e+03 4.371000000000000441e+00 8.250000000000000000e+00
1.272910999999999831e+03 4.376000000000000334e+00 8.255000000000000782e+00
1.274567000000000007e+03 4.381000000000000227e+00 8.259000000000000341e+00
1.276223000000000184e+03 4.386999999999999567e+00 8.263999999999999346e+00
1.277878999999999905e+03 4.392000000000000348e+00 8.268000000000000682e+00
1.279535000000000082e+03 4.397000000000000242e+00 8.272999999999999687e+00
1.281191000000000031e+03 4.402999999999999581e+00 8.276999999999999247e+00
1.282846000000000004e+03 4.408000000000000362e+00 8.282000000000000028e+00
1.284501999999999953e+03 4.413000000000000256e+00 8.285999999999999588e+00
1.286157999999999902e+03 4.418000000000000149e+00 8.291000000000000369e+00
1.287814000000000078e+03 4.424000000000000377e+00 8.294999999999999929e+00
1.289469999999999800e+03 4.429000000000000270e+00 8.300000000000000711e+00
1.291125999999999976e+03 4.434000000000000163e+00 8.304000000000000270e+00
1.292780999999999949e+03 4.439000000000000057e+00 8.307999999999999829e+00
1.294437000000000126e+03 4.443999999999999950e+00 8.313000000000000611e+00
1.296092999999999847e+03 4.450000000000000178e+00 8.317000000000000171e+00
1.297749000000000024e+03 4.455000000000000071e+00 8.320999999999999730e+00
1.299404999999999973e+03 4.459999999999999964e+00 8.324999999999999289e+00
1.301060999999999922e+03 4.464999999999999858e+00 8.330000000000000071e+00
1.302715999999999894e+03 4.469999999999999751e+00 8.333999999999999631e+00
1.304372000000000071e+03 4.474999999999999645e+00 8.337999999999999190e+00
1.306028000000000020e+03 4.480000000000000426e+00 8.342000000000000526e+00
1.307683999999999969e+03 4.485000000000000320e+00 8.346000000000000085e+00
1.309339999999999918e+03 4.490000000000000213e+00 8.349999999999999645e+00
1.310996000000000095e+03 4.495000000000000107e+00 8.355000000000000426e+00
1.312651000000000067e+03 4.500000000000000000e+00 8.358999999999999986e+00
1.314306999999999789e+03 4.504999999999999893e+00 8.362999999999999545e+00
1.315962999999999965e+03 4.509999999999999787e+00 8.367000000000000881e+00
1.317619000000000142e+03 4.514999999999999680e+00 8.371000000000000441e+00
1.319274999999999864e+03 4.519999999999999574e+00 8.375000000000000000e+00
1.320929999999999836e+03 4.525000000000000355e+00 8.378999999999999559e+00
1.322586000000000013e+03 4.530000000000000249e+00 8.382999999999999119e+00
1.324241999999999962e+03 4.535000000000000142e+00 8.387000000000000455e+00
1.325897999999999911e+03 4.540000000000000036e+00 8.391000000000000014e+00
1.327553999999999860e+03 4.544999999999999929e+00 8.394000000000000128e+00
1.329210000000000036e+03 4.549000000000000377e+00 8.397999999999999687e+00
1.330865000000000009e+03 4.554000000000000270e+00 8.401999999999999247e+00
1.332520999999999958e+03 4.559000000000000163e+00 8.406000000000000583e+00
1.334176999999999907e+03 4.564000000000000057e+00 8.410000000000000142e+00
1.335833000000000084e+03 4.568999999999999950e+00 8.413999999999999702e+00
1.337489000000000033e+03 4.573000000000000398e+00 8.416999999999999815e+00
1.339144999999999982e+03 4.578000000000000291e+00 8.420999999999999375e+00
1.340799999999999955e+03 4.583000000000000185e+00 8.425000000000000711e+00
1.342456000000000131e+03 4.586999999999999744e+00 8.429000000000000270e+00
1.344112000000000080e+03 4.591999999999999638e+00 8.432000000000000384e+00
1.345768000000000029e+03 4.597000000000000419e+00 8.435999999999999943e+00
1.347423999999999978e+03 4.600999999999999979e+00 8.439999999999999503e+00
1.349080000000000155e+03 4.605999999999999872e+00 8.442999999999999616e+00
1.350735000000000127e+03 4.610999999999999766e+00 8.446999999999999176e+00
1.352390999999999849e+03 4.615000000000000213e+00 8.449999999999999289e+00
1.354047000000000025e+03 4.620000000000000107e+00 8.454000000000000625e+00
1.355703000000000202e+03 4.623999999999999666e+00 8.458000000000000185e+00
1.357358999999999924e+03 4.628999999999999559e+00 8.461000000000000298e+00
1.359015000000000100e+03 4.633000000000000007e+00 8.464999999999999858e+00
1.360670000000000073e+03 4.637999999999999901e+00 8.467999999999999972e+00
1.362326000000000022e+03 4.642000000000000348e+00 8.471999999999999531e+00
1.363981999999999971e+03 4.647000000000000242e+00 8.474999999999999645e+00
1.365637999999999920e+03 4.650999999999999801e+00 8.477999999999999758e+00
1.367294000000000096e+03 4.655999999999999694e+00 8.481999999999999318e+00
1.368949000000000069e+03 4.660000000000000142e+00 8.484999999999999432e+00
1.370605000000000018e+03 4.663999999999999702e+00 8.489000000000000767e+00
1.372260999999999967e+03 4.668999999999999595e+00 8.492000000000000881e+00
1.373917000000000144e+03 4.673000000000000043e+00 8.494999999999999218e+00
1.375572999999999865e+03 4.676999999999999602e+00 8.499000000000000554e+00
1.377229000000000042e+03 4.682000000000000384e+00 8.502000000000000668e+00
1.378884000000000015e+03 4.685999999999999943e+00 8.505000000000000782e+00
1.380540000000000191e+03 4.690000000000000391e+00 8.509000000000000341e+00
1.382195999999999913e+03 4.693999999999999950e+00 8.512000000000000455e+00
1.383852000000000089e+03 4.698000000000000398e+00 8.515000000000000568e+00
1.385508000000000038e+03 4.703000000000000291e+00 8.518000000000000682e+00
1.387163999999999987e+03 4.706999999999999851e+00 8.522000000000000242e+00
1.388818999999999960e+03 4.711000000000000298e+00 8.525000000000000355e+00
1.390474999999999909e+03 4.714999999999999858e+00 8.528000000000000469e+00
1.392131000000000085e+03 4.719000000000000306e+00 8.531000000000000583e+00
1.393787000000000035e+03 4.722999999999999865e+00 8.534000000000000696e+00
1.395442999999999984e+03 4.727000000000000313e+00 8.537000000000000810e+00
1.397099000000000160e+03 4.730999999999999872e+00 8.541000000000000369e+00
1.398754000000000133e+03 4.735000000000000320e+00 8.544000000000000483e+00
1.400409999999999854e+03 4.738999999999999879e+00 8.547000000000000597e+00
1.402066000000000031e+03 4.743000000000000327e+00 8.550000000000000711e+00
1.403721999999999980e+03 4.746999999999999886e+00 8.553000000000000824e+00
1.405377999999999929e+03 4.751000000000000334e+00 8.555999999999999162e+00
1.407033999999999878e+03 4.754999999999999893e+00 8.558999999999999275e+00
1.408689000000000078e+03 4.759000000000000341e+00 8.561999999999999389e+00
1.410345000000000027e+03 4.761999999999999567e+00 8.564999999999999503e+00
1.412000999999999976e+03 4.766000000000000014e+00 8.567999999999999616e+00
1.413656999999999925e+03 4.769999999999999574e+00 8.570999999999999730e+00
1.415313000000000102e+03 4.774000000000000021e+00 8.573999999999999844e+00
1.416968000000000075e+03 4.777999999999999581e+00 8.576999999999999957e+00
1.418624000000000024e+03 4.780999999999999694e+00 8.580000000000000071e+00
1.420279999999999973e+03 4.785000000000000142e+00 8.582000000000000739e+00
1.421936000000000149e+03 4.788999999999999702e+00 8.585000000000000853e+00
1.423591999999999871e+03 4.791999999999999815e+00 8.587999999999999190e+00
1.425248000000000047e+03 4.796000000000000263e+00 8.590999999999999304e+00
1.426903000000000020e+03 4.799999999999999822e+00 8.593999999999999417e+00
1.428558999999999969e+03 4.802999999999999936e+00 8.596999999999999531e+00
1.430214999999999918e+03 4.807000000000000384e+00 8.599999999999999645e+00
1.431870999999999867e+03 4.809999999999999609e+00 8.602000000000000313e+00
1.433527000000000044e+03 4.814000000000000057e+00 8.605000000000000426e+00
1.435182999999999993e+03 4.817000000000000171e+00 8.608000000000000540e+00
1.436837999999999965e+03 4.820999999999999730e+00 8.611000000000000654e+00
1.438493999999999915e+03 4.823999999999999844e+00 8.612999999999999545e+00
1.440150000000000091e+03 4.826999999999999957e+00 8.615999999999999659e+00
1.441805999999999813e+03 4.831000000000000405e+00 8.618999999999999773e+00
1.443461999999999989e+03 4.833999999999999631e+00 8.621999999999999886e+00
1.445117999999999938e+03 4.838000000000000078e+00 8.624000000000000554e+00
1.446773000000000138e+03 4.841000000000000192e+00 8.627000000000000668e+00
1.448428999999999860e+03 4.844000000000000306e+00 8.630000000000000782e+00
1.450085000000000036e+03 4.847000000000000419e+00 8.631999999999999673e+00
1.451740999999999985e+03 4.850999999999999979e+00 8.634999999999999787e+00
1.453397000000000162e+03 4.854000000000000092e+00 8.637000000000000455e+00
1.455052999999999884e+03 4.857000000000000206e+00 8.640000000000000568e+00
1.456707999999999856e+03 4.860000000000000320e+00 8.643000000000000682e+00
1.458364000000000033e+03 4.863000000000000433e+00 8.644999999999999574e+00
1.460019999999999982e+03 4.865999999999999659e+00 8.647999999999999687e+00
1.461675999999999931e+03 4.870000000000000107e+00 8.650000000000000355e+00
1.463332000000000107e+03 4.873000000000000220e+00 8.653000000000000469e+00
1.464987000000000080e+03 4.876000000000000334e+00 8.656000000000000583e+00
1.466643000000000029e+03 4.878999999999999559e+00 8.657999999999999474e+00
1.468298999999999978e+03 4.881999999999999673e+00 8.660999999999999588e+00
1.469954999999999927e+03 4.884999999999999787e+00 8.663000000000000256e+00
1.471611000000000104e+03 4.886999999999999567e+00 8.666000000000000369e+00
1.473267000000000053e+03 4.889999999999999680e+00 8.667999999999999261e+00
1.474922000000000025e+03 4.892999999999999794e+00 8.670999999999999375e+00
1.476577999999999975e+03 4.895999999999999908e+00 8.673000000000000043e+00
1.478234000000000151e+03 4.899000000000000021e+00 8.676000000000000156e+00
1.479889999999999873e+03 4.902000000000000135e+00 8.678000000000000824e+00
1.481546000000000049e+03 4.903999999999999915e+00 8.679999999999999716e+00
1.483201999999999998e+03 4.907000000000000028e+00 8.682999999999999829e+00
1.484857000000000198e+03 4.910000000000000142e+00 8.685000000000000497e+00
1.486512999999999920e+03 4.913000000000000256e+00 8.688000000000000611e+00
1.488169000000000096e+03 4.915000000000000036e+00 8.689999999999999503e+00
1.489825000000000045e+03 4.918000000000000149e+00 8.692000000000000171e+00
1.491480999999999995e+03 4.921000000000000263e+00 8.695000000000000284e+00
1.493136999999999944e+03 4.923000000000000043e+00 8.696999999999999176e+00
1.494791999999999916e+03 4.926000000000000156e+00 8.699999999999999289e+00
1.496448000000000093e+03 4.927999999999999936e+00 8.701999999999999957e+00
1.498104000000000042e+03 4.931000000000000050e+00 8.704000000000000625e+00
1.499759999999999991e+03 4.932999999999999829e+00 8.707000000000000739e+00
1.501416000000000167e+03 4.935999999999999943e+00 8.708999999999999631e+00
1.503071999999999889e+03 4.937999999999999723e+00 8.711000000000000298e+00
1.504726999999999862e+03 4.940999999999999837e+00 8.714000000000000412e+00
1.506383000000000038e+03 4.942999999999999616e+00 8.715999999999999304e+00
1.508038999999999987e+03 4.945000000000000284e+00 8.717999999999999972e+00
1.509694999999999936e+03 4.948000000000000398e+00 8.721000000000000085e+00
1.511351000000000113e+03 4.950000000000000178e+00 8.723000000000000753e+00
1.513006000000000085e+03 4.951999999999999957e+00 8.724999999999999645e+00
1.514662000000000035e+03 4.953999999999999737e+00 8.727000000000000313e+00
1.516317999999999984e+03 4.956999999999999851e+00 8.730000000000000426e+00
1.517973999999999933e+03 4.958999999999999631e+00 8.731999999999999318e+00
1.519630000000000109e+03 4.961000000000000298e+00 8.733999999999999986e+00
1.521285999999999831e+03 4.963000000000000078e+00 8.737000000000000099e+00
1.522941000000000031e+03 4.964999999999999858e+00 8.739000000000000767e+00
1.524596999999999980e+03 4.966999999999999638e+00 8.740999999999999659e+00
1.526253000000000156e+03 4.969000000000000306e+00 8.743000000000000327e+00
1.527908999999999878e+03 4.971000000000000085e+00 8.746000000000000441e+00
1.529565000000000055e+03 4.972999999999999865e+00 8.747999999999999332e+00
1.531221000000000004e+03 4.974999999999999645e+00 8.750000000000000000e+00
1.532875999999999976e+03 4.977000000000000313e+00 8.752000000000000668e+00
1.534531999999999925e+03 4.979000000000000092e+00 8.753999999999999559e+00
1.536188000000000102e+03 4.980999999999999872e+00 8.756999999999999673e+00
1.537844000000000051e+03 4.982999999999999652e+00 8.759000000000000341e+00
1.539500000000000000e+03 4.985000000000000320e+00 8.760999999999999233e+00
1.541155999999999949e+03 4.987000000000000099e+00 8.762999999999999901e+00
1.542810999999999922e+03 4.988000000000000433e+00 8.765000000000000568e+00
1.544467000000000098e+03 4.990000000000000213e+00 8.768000000000000682e+00
1.546122999999999820e+03 4.991999999999999993e+00 8.769999999999999574e+00
1.547778999999999996e+03 4.993999999999999773e+00 8.772000000000000242e+00
1.549434999999999945e+03 4.995000000000000107e+00 8.773999999999999133e+00
1.551090999999999894e+03 4.996999999999999886e+00 8.775999999999999801e+00
1.552745999999999867e+03 4.998000000000000220e+00 8.778000000000000469e+00
1.554402000000000044e+03 5.000000000000000000e+00 8.781000000000000583e+00
1.556057999999999993e+03 5.001999999999999780e+00 8.782999999999999474e+00
1.557713999999999942e+03 5.003000000000000114e+00 8.785000000000000142e+00
1.559369999999999891e+03 5.004999999999999893e+00 8.787000000000000810e+00
1.561026000000000067e+03 5.006000000000000227e+00 8.788999999999999702e+00
1.562681000000000040e+03 5.008000000000000007e+00 8.791000000000000369e+00
1.564336999999999989e+03 5.009000000000000341e+00 8.794000000000000483e+00
1.565992999999999938e+03 5.009999999999999787e+00 8.795999999999999375e+00
1.567649000000000115e+03 5.011999999999999567e+00 8.798000000000000043e+00
1.569304999999999836e+03 5.012999999999999901e+00 8.800000000000000711e+00
1.570959999999999809e+03 5.014000000000000234e+00 8.801999999999999602e+00
1.572615999999999985e+03 5.016000000000000014e+00 8.804000000000000270e+00
1.574271999999999935e+03 5.017000000000000348e+00 8.805999999999999162e+00
1.575927999999999884e+03 5.017999999999999794e+00 8.807999999999999829e+00
1.577584000000000060e+03 5.019000000000000128e+00 8.810999999999999943e+00
1.579240000000000009e+03 5.020999999999999908e+00 8.813000000000000611e+00
1.580894999999999982e+03 5.022000000000000242e+00 8.814999999999999503e+00
1.582550999999999931e+03 5.022999999999999687e+00 8.817000000000000171e+00
1.584206999999999880e+03 5.024000000000000021e+00 8.819000000000000838e+00
1.585863000000000056e+03 5.025000000000000355e+00 8.820999999999999730e+00
1.587519000000000005e+03 5.025999999999999801e+00 8.823000000000000398e+00
1.589174999999999955e+03 5.027000000000000135e+00 8.826000000000000512e+00
1.590829999999999927e+03 5.027999999999999581e+00 8.827999999999999403e+00
1.592486000000000104e+03 5.028999999999999915e+00 8.830000000000000071e+00
1.594142000000000053e+03 5.030000000000000249e+00 8.832000000000000739e+00
1.595798000000000002e+03 5.030999999999999694e+00 8.833999999999999631e+00
1.597453999999999951e+03 5.032000000000000028e+00 8.836000000000000298e+00
1.599110000000000127e+03 5.033000000000000362e+00 8.837999999999999190e+00
1.600765000000000100e+03 5.033999999999999808e+00 8.839999999999999858e+00
1.602421000000000049e+03 5.033999999999999808e+00 8.842999999999999972e+00
1.604076999999999998e+03 5.035000000000000142e+00 8.845000000000000639e+00
1.605733000000000175e+03 5.035999999999999588e+00 8.846999999999999531e+00
1.607388999999999896e+03 5.036999999999999922e+00 8.849000000000000199e+00
1.609045000000000073e+03 5.036999999999999922e+00 8.851000000000000867e+00
1.610700000000000045e+03 5.038000000000000256e+00 8.852999999999999758e+00
1.612355999999999995e+03 5.038999999999999702e+00 8.855000000000000426e+00
1.614011999999999944e+03 5.038999999999999702e+00 8.858000000000000540e+00
1.615668000000000120e+03 5.040000000000000036e+00 8.859999999999999432e+00
1.617324000000000069e+03 5.040000000000000036e+00 8.862000000000000099e+00
1.618979000000000042e+03 5.041000000000000369e+00 8.864000000000000767e+00
1.620634999999999991e+03 5.041000000000000369e+00 8.865999999999999659e+00
1.622290999999999940e+03 5.041999999999999815e+00 8.868000000000000327e+00
1.623947000000000116e+03 5.041999999999999815e+00 8.869999999999999218e+00
1.625602999999999838e+03 5.043000000000000149e+00 8.872999999999999332e+00
1.627259000000000015e+03 5.043000000000000149e+00 8.875000000000000000e+00
1.628913999999999987e+03 5.043999999999999595e+00 8.877000000000000668e+00
1.630570000000000164e+03 5.043999999999999595e+00 8.878999999999999559e+00
1.632225999999999885e+03 5.043999999999999595e+00 8.881000000000000227e+00
1.633882000000000062e+03 5.044999999999999929e+00 8.882999999999999119e+00
1.635538000000000011e+03 5.044999999999999929e+00 8.885999999999999233e+00
1.637193999999999960e+03 5.044999999999999929e+00 8.887999999999999901e+00
1.638848999999999933e+03 5.044999999999999929e+00 8.890000000000000568e+00
1.640505000000000109e+03 5.046000000000000263e+00 8.891999999999999460e+00
1.642161000000000058e+03 5.046000000000000263e+00 8.894000000000000128e+00
1.643817000000000007e+03 5.046000000000000263e+00 8.897000000000000242e+00
1.645472999999999956e+03 5.046000000000000263e+00 8.898999999999999133e+00
1.647129000000000133e+03 5.046000000000000263e+00 8.900999999999999801e+00
1.648784000000000106e+03 5.046000000000000263e+00 8.903000000000000469e+00
1.650439999999999827e+03 5.046000000000000263e+00 8.904999999999999361e+00
1.652096000000000004e+03 5.046000000000000263e+00 8.907999999999999474e+00
1.653752000000000180e+03 5.046000000000000263e+00 8.910000000000000142e+00
1.655407999999999902e+03 5.046000000000000263e+00 8.912000000000000810e+00
1.657064000000000078e+03 5.046000000000000263e+00 8.913999999999999702e+00
1.658719000000000051e+03 5.046000000000000263e+00 8.916999999999999815e+00
1.660375000000000000e+03 5.046000000000000263e+00 8.919000000000000483e+00
1.662030999999999949e+03 5.046000000000000263e+00 8.920999999999999375e+00
1.663686999999999898e+03 5.046000000000000263e+00 8.923000000000000043e+00
1.665343000000000075e+03 5.044999999999999929e+00 8.926000000000000156e+00
1.666998000000000047e+03 5.044999999999999929e+00 8.928000000000000824e+00
1.668653999999999996e+03 5.044999999999999929e+00 8.929999999999999716e+00
1.670309999999999945e+03 5.044999999999999929e+00 8.932999999999999829e+00
1.671966000000000122e+03 5.043999999999999595e+00 8.935000000000000497e+00
1.673621999999999844e+03 5.043999999999999595e+00 8.936999999999999389e+00
1.675278000000000020e+03 5.043999999999999595e+00 8.939000000000000057e+00
1.676932999999999993e+03 5.043000000000000149e+00 8.942000000000000171e+00
1.678589000000000169e+03 5.043000000000000149e+00 8.944000000000000838e+00
1.680244999999999891e+03 5.043000000000000149e+00 8.945999999999999730e+00
1.681901000000000067e+03 5.041999999999999815e+00 8.948999999999999844e+00
1.683557000000000016e+03 5.041999999999999815e+00 8.951000000000000512e+00
1.685212999999999965e+03 5.041000000000000369e+00 8.952999999999999403e+00
1.686867999999999938e+03 5.041000000000000369e+00 8.955999999999999517e+00
1.688523999999999887e+03 5.040000000000000036e+00 8.958000000000000185e+00
1.690180000000000064e+03 5.040000000000000036e+00 8.961000000000000298e+00
1.691835999999999785e+03 5.038999999999999702e+00 8.962999999999999190e+00
1.693491999999999962e+03 5.038000000000000256e+00 8.964999999999999858e+00
1.695148000000000138e+03 5.038000000000000256e+00 8.967999999999999972e+00
1.696803000000000111e+03 5.036999999999999922e+00 8.970000000000000639e+00
1.698458999999999833e+03 5.035999999999999588e+00 8.973000000000000753e+00
1.700115000000000009e+03 5.035999999999999588e+00 8.974999999999999645e+00
1.701770999999999958e+03 5.035000000000000142e+00 8.977000000000000313e+00
1.703427000000000135e+03 5.033999999999999808e+00 8.980000000000000426e+00
1.705082999999999856e+03 5.033000000000000362e+00 8.981999999999999318e+00
1.706738000000000056e+03 5.033000000000000362e+00 8.984999999999999432e+00
1.708394000000000005e+03 5.032000000000000028e+00 8.987000000000000099e+00
1.710050000000000182e+03 5.030999999999999694e+00 8.990000000000000213e+00
1.711705999999999904e+03 5.030000000000000249e+00 8.992000000000000881e+00
1.713362000000000080e+03 5.028999999999999915e+00 8.994999999999999218e+00
1.715018000000000029e+03 5.027999999999999581e+00 8.996999999999999886e+00
1.716673000000000002e+03 5.027000000000000135e+00 9.000000000000000000e+00
1.718328999999999951e+03 5.025999999999999801e+00 9.002000000000000668e+00
1.719985000000000127e+03 5.025000000000000355e+00 9.005000000000000782e+00
1.721641000000000076e+03 5.024000000000000021e+00 9.006999999999999673e+00
1.723297000000000025e+03 5.022999999999999687e+00 9.009999999999999787e+00
1.724951999999999998e+03 5.022000000000000242e+00 9.012000000000000455e+00
1.726607999999999947e+03 5.020999999999999908e+00 9.015000000000000568e+00
1.728264000000000124e+03 5.019999999999999574e+00 9.016999999999999460e+00
1.729919999999999845e+03 5.019000000000000128e+00 9.019999999999999574e+00
1.731576000000000022e+03 5.017999999999999794e+00 9.022999999999999687e+00
1.733232000000000198e+03 5.017000000000000348e+00 9.025000000000000355e+00
1.734887000000000171e+03 5.014999999999999680e+00 9.028000000000000469e+00
1.736542999999999893e+03 5.014000000000000234e+00 9.031000000000000583e+00
1.738199000000000069e+03 5.012999999999999901e+00 9.032999999999999474e+00
1.739855000000000018e+03 5.011999999999999567e+00 9.035999999999999588e+00
1.741510999999999967e+03 5.009999999999999787e+00 9.038999999999999702e+00
1.743166999999999916e+03 5.009000000000000341e+00 9.041000000000000369e+00
1.744822000000000116e+03 5.008000000000000007e+00 9.044000000000000483e+00
1.746478000000000065e+03 5.006000000000000227e+00 9.047000000000000597e+00
1.748134000000000015e+03 5.004999999999999893e+00 9.048999999999999488e+00
1.749789999999999964e+03 5.003999999999999559e+00 9.051999999999999602e+00
1.751446000000000140e+03 5.001999999999999780e+00 9.054999999999999716e+00
1.753101999999999862e+03 5.001000000000000334e+00 9.057000000000000384e+00
1.754756999999999834e+03 4.998999999999999666e+00 9.060000000000000497e+00
1.756413000000000011e+03 4.998000000000000220e+00 9.063000000000000611e+00
1.758069000000000187e+03 4.996000000000000441e+00 9.066000000000000725e+00
1.759724999999999909e+03 4.995000000000000107e+00 9.069000000000000838e+00
1.761381000000000085e+03 4.993000000000000327e+00 9.070999999999999730e+00
1.763037000000000035e+03 4.991999999999999993e+00 9.073999999999999844e+00
1.764692000000000007e+03 4.990000000000000213e+00 9.076999999999999957e+00
1.766347999999999956e+03 4.988000000000000433e+00 9.080000000000000071e+00
1.768003999999999905e+03 4.987000000000000099e+00 9.083000000000000185e+00
1.769660000000000082e+03 4.985000000000000320e+00 9.086000000000000298e+00
1.771315999999999804e+03 4.982999999999999652e+00 9.087999999999999190e+00
1.772971000000000004e+03 4.982000000000000206e+00 9.090999999999999304e+00
1.774626999999999953e+03 4.980000000000000426e+00 9.093999999999999417e+00
1.776283000000000129e+03 4.977999999999999758e+00 9.096999999999999531e+00
1.777938999999999851e+03 4.977000000000000313e+00 9.099999999999999645e+00
1.779595000000000027e+03 4.974999999999999645e+00 9.102999999999999758e+00
1.781250999999999976e+03 4.972999999999999865e+00 9.105999999999999872e+00
1.782906000000000176e+03 4.971000000000000085e+00 9.108999999999999986e+00
1.784561999999999898e+03 4.969000000000000306e+00 9.112000000000000099e+00
1.786218000000000075e+03 4.967999999999999972e+00 9.115000000000000213e+00
1.787874000000000024e+03 4.966000000000000192e+00 9.118000000000000327e+00
1.789529999999999973e+03 4.964000000000000412e+00 9.121000000000000441e+00
1.791185999999999922e+03 4.961999999999999744e+00 9.124000000000000554e+00
1.792840999999999894e+03 4.959999999999999964e+00 9.127000000000000668e+00
1.794497000000000071e+03 4.958000000000000185e+00 9.130000000000000782e+00
1.796153000000000020e+03 4.956000000000000405e+00 9.132999999999999119e+00
1.797808999999999969e+03 4.953999999999999737e+00 9.135999999999999233e+00
1.799465000000000146e+03 4.951999999999999957e+00 9.138999999999999346e+00
1.801120999999999867e+03 4.950000000000000178e+00 9.143000000000000682e+00
1.802775999999999840e+03 4.948000000000000398e+00 9.146000000000000796e+00
1.804432000000000016e+03 4.945999999999999730e+00 9.148999999999999133e+00
1.806087999999999965e+03 4.943999999999999950e+00 9.151999999999999247e+00
1.807743999999999915e+03 4.942000000000000171e+00 9.154999999999999361e+00
1.809399999999999864e+03 4.940000000000000391e+00 9.157999999999999474e+00
1.811056000000000040e+03 4.937000000000000277e+00 9.162000000000000810e+00
1.812711000000000013e+03 4.934999999999999609e+00 9.164999999999999147e+00
1.814366999999999962e+03 4.932999999999999829e+00 9.167999999999999261e+00
1.816022999999999911e+03 4.931000000000000050e+00 9.170999999999999375e+00
1.817679000000000087e+03 4.929000000000000270e+00 9.175000000000000711e+00
1.819335000000000036e+03 4.926000000000000156e+00 9.178000000000000824e+00
1.820990000000000009e+03 4.924000000000000377e+00 9.180999999999999162e+00
1.822645999999999958e+03 4.921999999999999709e+00 9.183999999999999275e+00
1.824302000000000135e+03 4.919999999999999929e+00 9.188000000000000611e+00
1.825958000000000084e+03 4.916999999999999815e+00 9.191000000000000725e+00
1.827614000000000033e+03 4.915000000000000036e+00 9.194000000000000838e+00
1.829269999999999982e+03 4.913000000000000256e+00 9.198000000000000398e+00
1.830924999999999955e+03 4.910000000000000142e+00 9.201000000000000512e+00
1.832580999999999904e+03 4.908000000000000362e+00 9.205000000000000071e+00
1.834236999999999853e+03 4.905999999999999694e+00 9.208000000000000185e+00
1.835893000000000029e+03 4.902999999999999581e+00 9.211000000000000298e+00
1.837549000000000206e+03 4.900999999999999801e+00 9.214999999999999858e+00
1.839204999999999927e+03 4.897999999999999687e+00 9.217999999999999972e+00
1.840859999999999900e+03 4.895999999999999908e+00 9.221999999999999531e+00
1.842516000000000076e+03 4.892999999999999794e+00 9.224999999999999645e+00
1.844172000000000025e+03 4.891000000000000014e+00 9.228999999999999204e+00
1.845827999999999975e+03 4.887999999999999901e+00 9.231999999999999318e+00
1.847483999999999924e+03 4.886000000000000121e+00 9.236000000000000654e+00
1.849140000000000100e+03 4.883000000000000007e+00 9.239000000000000767e+00
1.850795000000000073e+03 4.881000000000000227e+00 9.243000000000000327e+00
1.852451000000000022e+03 4.878000000000000114e+00 9.246999999999999886e+00
1.854106999999999971e+03 4.876000000000000334e+00 9.250000000000000000e+00
1.855763000000000147e+03 4.873000000000000220e+00 9.253999999999999559e+00
1.857418999999999869e+03 4.870000000000000107e+00 9.256999999999999673e+00
1.859075000000000045e+03 4.868000000000000327e+00 9.260999999999999233e+00
1.860730000000000018e+03 4.865000000000000213e+00 9.265000000000000568e+00
1.862386000000000195e+03 4.862000000000000099e+00 9.268000000000000682e+00
1.864041999999999916e+03 4.860000000000000320e+00 9.272000000000000242e+00
1.865698000000000093e+03 4.857000000000000206e+00 9.275999999999999801e+00
1.867354000000000042e+03 4.854000000000000092e+00 9.279999999999999361e+00
1.869009999999999991e+03 4.852000000000000313e+00 9.282999999999999474e+00
1.870664999999999964e+03 4.849000000000000199e+00 9.287000000000000810e+00
1.872320999999999913e+03 4.846000000000000085e+00 9.291000000000000369e+00
1.873977000000000089e+03 4.842999999999999972e+00 9.294999999999999929e+00
1.875633000000000038e+03 4.839999999999999858e+00 9.298999999999999488e+00
1.877288999999999987e+03 4.838000000000000078e+00 9.301999999999999602e+00
1.878943999999999960e+03 4.834999999999999964e+00 9.305999999999999162e+00
1.880600000000000136e+03 4.831999999999999851e+00 9.310000000000000497e+00
1.882255999999999858e+03 4.828999999999999737e+00 9.314000000000000057e+00
1.883912000000000035e+03 4.825999999999999623e+00 9.317999999999999616e+00
1.885567999999999984e+03 4.823000000000000398e+00 9.321999999999999176e+00
1.887223999999999933e+03 4.820999999999999730e+00 9.326000000000000512e+00
1.888878999999999905e+03 4.817999999999999616e+00 9.330000000000000071e+00
1.890535000000000082e+03 4.815000000000000391e+00 9.333999999999999631e+00
1.892191000000000031e+03 4.812000000000000277e+00 9.337999999999999190e+00
1.893846999999999980e+03 4.809000000000000163e+00 9.342000000000000526e+00
1.895502999999999929e+03 4.806000000000000050e+00 9.346000000000000085e+00
1.897159000000000106e+03 4.802999999999999936e+00 9.349999999999999645e+00
1.898814000000000078e+03 4.799999999999999822e+00 9.353999999999999204e+00
1.900470000000000027e+03 4.796999999999999709e+00 9.358000000000000540e+00
1.902125999999999976e+03 4.793999999999999595e+00 9.362000000000000099e+00
1.903782000000000153e+03 4.791000000000000369e+00 9.365999999999999659e+00
1.905437999999999874e+03 4.788000000000000256e+00 9.369999999999999218e+00
1.907094000000000051e+03 4.785000000000000142e+00 9.374000000000000554e+00
1.908749000000000024e+03 4.782000000000000028e+00 9.378000000000000114e+00
1.910404999999999973e+03 4.778999999999999915e+00 9.382999999999999119e+00
1.912060999999999922e+03 4.775999999999999801e+00 9.387000000000000455e+00
1.913716999999999871e+03 4.772999999999999687e+00 9.391000000000000014e+00
1.915373000000000047e+03 4.769000000000000128e+00 9.394999999999999574e+00
1.917028999999999996e+03 4.766000000000000014e+00 9.398999999999999133e+00
1.918683999999999969e+03 4.762999999999999901e+00 9.403999999999999915e+00
1.920339999999999918e+03 4.759999999999999787e+00 9.407999999999999474e+00
1.921996000000000095e+03 4.756999999999999673e+00 9.412000000000000810e+00
1.923651999999999816e+03 4.753999999999999559e+00 9.416999999999999815e+00
1.925307999999999993e+03 4.750000000000000000e+00 9.420999999999999375e+00
1.926962999999999965e+03 4.746999999999999886e+00 9.425000000000000711e+00
1.928619000000000142e+03 4.743999999999999773e+00 9.429999999999999716e+00
1.930274999999999864e+03 4.740999999999999659e+00 9.433999999999999275e+00
1.931931000000000040e+03 4.738000000000000433e+00 9.438000000000000611e+00
1.933586999999999989e+03 4.733999999999999986e+00 9.442999999999999616e+00
1.935242999999999938e+03 4.730999999999999872e+00 9.446999999999999176e+00
1.936897999999999911e+03 4.727999999999999758e+00 9.451999999999999957e+00
1.938554000000000087e+03 4.724999999999999645e+00 9.455999999999999517e+00
1.940210000000000036e+03 4.721000000000000085e+00 9.461000000000000298e+00
1.941865999999999985e+03 4.717999999999999972e+00 9.464999999999999858e+00
1.943521999999999935e+03 4.714999999999999858e+00 9.470000000000000639e+00
1.945178000000000111e+03 4.711000000000000298e+00 9.474000000000000199e+00
1.946833000000000084e+03 4.708000000000000185e+00 9.478999999999999204e+00
1.948488999999999805e+03 4.705000000000000071e+00 9.483000000000000540e+00
1.950144999999999982e+03 4.700999999999999623e+00 9.487999999999999545e+00
1.951800999999999931e+03 4.698000000000000398e+00 9.493000000000000327e+00
1.953457000000000107e+03 4.695000000000000284e+00 9.496999999999999886e+00
1.955113000000000056e+03 4.690999999999999837e+00 9.502000000000000668e+00
1.956768000000000029e+03 4.687999999999999723e+00 9.506999999999999673e+00
1.958423999999999978e+03 4.684000000000000163e+00 9.510999999999999233e+00
1.960080000000000155e+03 4.681000000000000050e+00 9.516000000000000014e+00
1.961735999999999876e+03 4.677999999999999936e+00 9.521000000000000796e+00
1.963392000000000053e+03 4.674000000000000377e+00 9.525000000000000355e+00
1.965048000000000002e+03 4.671000000000000263e+00 9.529999999999999361e+00
1.966703000000000202e+03 4.666999999999999815e+00 9.535000000000000142e+00
1.968358999999999924e+03 4.663999999999999702e+00 9.539999999999999147e+00
1.970015000000000100e+03 4.660000000000000142e+00 9.544000000000000483e+00
1.971671000000000049e+03 4.657000000000000028e+00 9.548999999999999488e+00
1.973326999999999998e+03 4.652999999999999581e+00 9.554000000000000270e+00
1.974981999999999971e+03 4.650000000000000355e+00 9.558999999999999275e+00
1.976637999999999920e+03 4.645999999999999908e+00 9.564000000000000057e+00
1.978294000000000096e+03 4.642999999999999794e+00 9.569000000000000838e+00
1.979950000000000045e+03 4.639000000000000234e+00 9.573999999999999844e+00
1.981605999999999995e+03 4.636000000000000121e+00 9.579000000000000625e+00
1.983262000000000171e+03 4.631999999999999673e+00 9.583999999999999631e+00
1.984917000000000144e+03 4.628999999999999559e+00 9.589000000000000412e+00
1.986572999999999865e+03 4.625000000000000000e+00 9.593999999999999417e+00
1.988229000000000042e+03 4.621999999999999886e+00 9.599000000000000199e+00
1.989884999999999991e+03 4.618000000000000327e+00 9.603999999999999204e+00
1.991540999999999940e+03 4.615000000000000213e+00 9.608999999999999986e+00
1.993197000000000116e+03 4.610999999999999766e+00 9.614000000000000767e+00
1.994852000000000089e+03 4.607000000000000206e+00 9.618999999999999773e+00
1.996508000000000038e+03 4.604000000000000092e+00 9.624000000000000554e+00
1.998163999999999987e+03 4.599999999999999645e+00 9.628999999999999559e+00
1.999819999999999936e+03 4.597000000000000419e+00 9.634000000000000341e+00
2.001475999999999885e+03 4.592999999999999972e+00 9.638999999999999346e+00
2.003131999999999834e+03 4.589000000000000412e+00 9.644999999999999574e+00
2.004786999999999807e+03 4.586000000000000298e+00 9.650000000000000355e+00
2.006442999999999984e+03 4.581999999999999851e+00 9.654999999999999361e+00
2.008099000000000160e+03 4.578000000000000291e+00 9.660000000000000142e+00
2.009755000000000109e+03 4.575000000000000178e+00 9.664999999999999147e+00
2.011410999999999831e+03 4.570999999999999730e+00 9.670999999999999375e+00
2.013067000000000007e+03 4.567000000000000171e+00 9.676000000000000156e+00
2.014721999999999980e+03 4.564000000000000057e+00 9.680999999999999162e+00
2.016377999999999929e+03 4.559999999999999609e+00 9.686999999999999389e+00
2.018034000000000106e+03 4.556000000000000050e+00 9.692000000000000171e+00
2.019690000000000282e+03 4.552999999999999936e+00 9.696999999999999176e+00
2.021345999999999776e+03 4.549000000000000377e+00 9.702999999999999403e+00
2.023001999999999953e+03 4.544999999999999929e+00 9.708000000000000185e+00
2.024656999999999925e+03 4.541999999999999815e+00 9.712999999999999190e+00
2.026313000000000102e+03 4.538000000000000256e+00 9.718999999999999417e+00
2.027969000000000051e+03 4.533999999999999808e+00 9.724000000000000199e+00
2.029624999999999773e+03 4.530000000000000249e+00 9.730000000000000426e+00
2.031280999999999949e+03 4.527000000000000135e+00 9.734999999999999432e+00
2.032935999999999922e+03 4.522999999999999687e+00 9.740999999999999659e+00
2.034591999999999871e+03 4.519000000000000128e+00 9.746000000000000441e+00
2.036248000000000047e+03 4.514999999999999680e+00 9.752000000000000668e+00
2.037904000000000224e+03 4.511999999999999567e+00 9.756999999999999673e+00
2.039559999999999718e+03 4.508000000000000007e+00 9.762999999999999901e+00
2.041215999999999894e+03 4.503999999999999559e+00 9.768000000000000682e+00
2.042870999999999867e+03 4.500000000000000000e+00 9.773999999999999133e+00
2.044527000000000044e+03 4.496999999999999886e+00 9.779999999999999361e+00
2.046182999999999993e+03 4.493000000000000327e+00 9.785000000000000142e+00
2.047839000000000169e+03 4.488999999999999879e+00 9.791000000000000369e+00
2.049494999999999891e+03 4.485000000000000320e+00 9.797000000000000597e+00
2.051150999999999840e+03 4.480999999999999872e+00 9.801999999999999602e+00
2.052806000000000040e+03 4.477999999999999758e+00 9.807999999999999829e+00
2.054461999999999989e+03 4.474000000000000199e+00 9.814000000000000057e+00
2.056117999999999938e+03 4.469999999999999751e+00 9.820000000000000284e+00
2.057774000000000342e+03 4.466000000000000192e+00 9.824999999999999289e+00
2.059429999999999836e+03 4.461999999999999744e+00 9.830999999999999517e+00
2.061085999999999785e+03 4.458999999999999631e+00 9.836999999999999744e+00
2.062740999999999985e+03 4.455000000000000071e+00 9.842999999999999972e+00
2.064396999999999935e+03 4.450999999999999623e+00 9.849000000000000199e+00
2.066053000000000338e+03 4.447000000000000064e+00 9.853999999999999204e+00
2.067708999999999833e+03 4.442999999999999616e+00 9.859999999999999432e+00
2.069364999999999782e+03 4.439000000000000057e+00 9.865999999999999659e+00
2.071021000000000186e+03 4.435999999999999943e+00 9.871999999999999886e+00
2.072675999999999931e+03 4.432000000000000384e+00 9.878000000000000114e+00
2.074331999999999880e+03 4.427999999999999936e+00 9.884000000000000341e+00
2.075988000000000284e+03 4.424000000000000377e+00 9.890000000000000568e+00
2.077643999999999778e+03 4.419999999999999929e+00 9.896000000000000796e+00
2.079299999999999727e+03 4.416000000000000369e+00 9.901999999999999247e+00
2.080954999999999927e+03 4.411999999999999922e+00 9.907999999999999474e+00
2.082610999999999876e+03 4.408000000000000362e+00 9.913999999999999702e+00
2.084267000000000280e+03 4.405000000000000249e+00 9.919999999999999929e+00
2.085923000000000229e+03 4.400999999999999801e+00 9.926000000000000156e+00
2.087578999999999724e+03 4.397000000000000242e+00 9.932000000000000384e+00
2.089235000000000127e+03 4.392999999999999794e+00 9.938000000000000611e+00
2.090889999999999873e+03 4.389000000000000234e+00 9.944000000000000838e+00
2.092545999999999822e+03 4.384999999999999787e+00 9.949999999999999289e+00
2.094202000000000226e+03 4.381000000000000227e+00 9.957000000000000739e+00
2.095858000000000175e+03 4.376999999999999780e+00 9.962999999999999190e+00
2.097513999999999669e+03 4.373000000000000220e+00 9.968999999999999417e+00
2.099170000000000073e+03 4.370000000000000107e+00 9.974999999999999645e+00
2.100824999999999818e+03 4.365999999999999659e+00 9.980999999999999872e+00
2.102481000000000222e+03 4.362000000000000099e+00 9.987999999999999545e+00
2.104137000000000171e+03 4.357999999999999652e+00 9.993999999999999773e+00
2.105792999999999665e+03 4.354000000000000092e+00 1.000000000000000000e+01
2.107449000000000069e+03 4.349999999999999645e+00 1.000600000000000023e+01
2.109105000000000018e+03 4.346000000000000085e+00 1.001299999999999990e+01
2.110759999999999764e+03 4.341999999999999638e+00 1.001900000000000013e+01
2.112416000000000167e+03 4.338000000000000078e+00 1.002500000000000036e+01
2.114072000000000116e+03 4.333999999999999631e+00 1.003200000000000003e+01
2.115727999999999611e+03 4.330000000000000071e+00 1.003800000000000026e+01
2.117384000000000015e+03 4.326999999999999957e+00 1.004499999999999993e+01
2.119039999999999964e+03 4.323000000000000398e+00 1.005100000000000016e+01
2.120695000000000164e+03 4.318999999999999950e+00 1.005700000000000038e+01
2.122351000000000113e+03 4.315000000000000391e+00 1.006400000000000006e+01
2.124007000000000062e+03 4.310999999999999943e+00 1.007000000000000028e+01
2.125663000000000011e+03 4.307000000000000384e+00 1.007699999999999996e+01
2.127318999999999960e+03 4.302999999999999936e+00 1.008300000000000018e+01
2.128973999999999705e+03 4.299000000000000377e+00 1.008999999999999986e+01
2.130630000000000109e+03 4.294999999999999929e+00 1.009600000000000009e+01
2.132286000000000058e+03 4.291000000000000369e+00 1.010299999999999976e+01
2.133942000000000007e+03 4.286999999999999922e+00 1.010899999999999999e+01
2.135597999999999956e+03 4.283000000000000362e+00 1.011599999999999966e+01
2.137253999999999905e+03 4.278999999999999915e+00 1.012299999999999933e+01
2.138909000000000106e+03 4.275000000000000355e+00 1.012899999999999956e+01
2.140565000000000055e+03 4.272000000000000242e+00 1.013599999999999923e+01
2.142221000000000004e+03 4.267999999999999794e+00 1.014199999999999946e+01
2.143876999999999953e+03 4.264000000000000234e+00 1.014899999999999913e+01
2.145532999999999902e+03 4.259999999999999787e+00 1.015600000000000058e+01
2.147188999999999851e+03 4.256000000000000227e+00 1.016300000000000026e+01
2.148844000000000051e+03 4.251999999999999780e+00 1.016900000000000048e+01
2.150500000000000000e+03 4.248000000000000220e+00 1.017600000000000016e+01
2.152156000000000404e+03 4.243999999999999773e+00 1.018299999999999983e+01
2.153811999999999898e+03 4.240000000000000213e+00 1.018900000000000006e+01
2.155467999999999847e+03 4.235999999999999766e+00 1.019599999999999973e+01
2.157124000000000251e+03 4.232000000000000206e+00 1.020299999999999940e+01
2.158778999999999996e+03 4.227999999999999758e+00 1.021000000000000085e+01
2.160434999999999945e+03 4.224000000000000199e+00 1.021700000000000053e+01
2.162091000000000349e+03 4.219999999999999751e+00 1.022300000000000075e+01
2.163746999999999844e+03 4.216000000000000192e+00 1.023000000000000043e+01
2.165402999999999793e+03 4.211999999999999744e+00 1.023700000000000010e+01
2.167059000000000196e+03 4.208000000000000185e+00 1.024399999999999977e+01
2.168713999999999942e+03 4.205000000000000071e+00 1.025099999999999945e+01
2.170370000000000346e+03 4.200999999999999623e+00 1.025799999999999912e+01
2.172025999999999840e+03 4.197000000000000064e+00 1.026500000000000057e+01
2.173681999999999789e+03 4.192999999999999616e+00 1.027200000000000024e+01
2.175338000000000193e+03 4.189000000000000057e+00 1.027899999999999991e+01
2.176994000000000142e+03 4.184999999999999609e+00 1.028599999999999959e+01
2.178648999999999887e+03 4.181000000000000050e+00 1.029299999999999926e+01
2.180305000000000291e+03 4.176999999999999602e+00 1.030000000000000071e+01
2.181960999999999785e+03 4.173000000000000043e+00 1.030700000000000038e+01
2.183616999999999734e+03 4.168999999999999595e+00 1.031400000000000006e+01
2.185273000000000138e+03 4.165000000000000036e+00 1.032099999999999973e+01
2.186927999999999884e+03 4.160999999999999588e+00 1.032799999999999940e+01
2.188584000000000287e+03 4.157000000000000028e+00 1.033500000000000085e+01
2.190240000000000236e+03 4.152999999999999581e+00 1.034200000000000053e+01
2.191895999999999731e+03 4.150000000000000355e+00 1.034900000000000020e+01
2.193552000000000135e+03 4.145999999999999908e+00 1.035599999999999987e+01
2.195208000000000084e+03 4.142000000000000348e+00 1.036400000000000077e+01
2.196862999999999829e+03 4.137999999999999901e+00 1.037100000000000044e+01
2.198519000000000233e+03 4.134000000000000341e+00 1.037800000000000011e+01
2.200175000000000182e+03 4.129999999999999893e+00 1.038499999999999979e+01
2.201830999999999676e+03 4.126000000000000334e+00 1.039199999999999946e+01
2.203487000000000080e+03 4.121999999999999886e+00 1.040000000000000036e+01
2.205143000000000029e+03 4.118000000000000327e+00 1.040700000000000003e+01
2.206798000000000229e+03 4.113999999999999879e+00 1.041399999999999970e+01
2.208454000000000178e+03 4.110000000000000320e+00 1.042099999999999937e+01
2.210109999999999673e+03 4.105999999999999872e+00 1.042900000000000027e+01
2.211766000000000076e+03 4.102999999999999758e+00 1.043599999999999994e+01
2.213422000000000025e+03 4.099000000000000199e+00 1.044299999999999962e+01
2.215077999999999975e+03 4.094999999999999751e+00 1.045100000000000051e+01
2.216733000000000175e+03 4.091000000000000192e+00 1.045800000000000018e+01
2.218389000000000124e+03 4.086999999999999744e+00 1.046499999999999986e+01
2.220044999999999618e+03 4.083000000000000185e+00 1.047300000000000075e+01
2.221701000000000022e+03 4.078999999999999737e+00 1.048000000000000043e+01
2.223356999999999971e+03 4.075000000000000178e+00 1.048799999999999955e+01
2.225012999999999920e+03 4.070999999999999730e+00 1.049499999999999922e+01
2.226668000000000120e+03 4.067000000000000171e+00 1.050200000000000067e+01
2.228324000000000069e+03 4.064000000000000057e+00 1.050999999999999979e+01
2.229980000000000018e+03 4.059999999999999609e+00 1.051699999999999946e+01
2.231635999999999967e+03 4.056000000000000050e+00 1.052500000000000036e+01
2.233291999999999916e+03 4.051999999999999602e+00 1.053200000000000003e+01
2.234947000000000116e+03 4.048000000000000043e+00 1.053999999999999915e+01
2.236603000000000065e+03 4.043999999999999595e+00 1.054700000000000060e+01
2.238259000000000015e+03 4.040000000000000036e+00 1.055499999999999972e+01
2.239914999999999964e+03 4.035999999999999588e+00 1.056199999999999939e+01
2.241570999999999913e+03 4.033000000000000362e+00 1.057000000000000028e+01
2.243226999999999862e+03 4.028999999999999915e+00 1.057799999999999940e+01
2.244882000000000062e+03 4.025000000000000355e+00 1.058500000000000085e+01
2.246538000000000011e+03 4.020999999999999908e+00 1.059299999999999997e+01
2.248193999999999960e+03 4.017000000000000348e+00 1.059999999999999964e+01
2.249849999999999909e+03 4.012999999999999901e+00 1.060800000000000054e+01
2.251505999999999858e+03 4.009999999999999787e+00 1.061599999999999966e+01
2.253162000000000262e+03 4.006000000000000227e+00 1.062299999999999933e+01
2.254817000000000007e+03 4.001999999999999780e+00 1.063100000000000023e+01
2.256472999999999956e+03 3.998000000000000220e+00 1.063899999999999935e+01
2.258128999999999905e+03 3.994000000000000217e+00 1.064600000000000080e+01
2.259784999999999854e+03 3.990000000000000213e+00 1.065399999999999991e+01
2.261441000000000258e+03 3.987000000000000099e+00 1.066200000000000081e+01
2.263097000000000207e+03 3.983000000000000096e+00 1.066999999999999993e+01
2.264751999999999953e+03 3.979000000000000092e+00 1.067699999999999960e+01
2.266408000000000357e+03 3.975000000000000089e+00 1.068500000000000050e+01
2.268063999999999851e+03 3.971000000000000085e+00 1.069299999999999962e+01
2.269719999999999800e+03 3.967000000000000082e+00 1.070100000000000051e+01
2.271376000000000204e+03 3.963999999999999968e+00 1.070899999999999963e+01
2.273032000000000153e+03 3.959999999999999964e+00 1.071599999999999930e+01
2.274686999999999898e+03 3.955999999999999961e+00 1.072400000000000020e+01
2.276342999999999847e+03 3.951999999999999957e+00 1.073199999999999932e+01
2.277998999999999796e+03 3.947999999999999954e+00 1.074000000000000021e+01
2.279655000000000200e+03 3.944999999999999840e+00 1.074799999999999933e+01
2.281311000000000149e+03 3.940999999999999837e+00 1.075600000000000023e+01
2.282965999999999894e+03 3.936999999999999833e+00 1.076399999999999935e+01
2.284622000000000298e+03 3.932999999999999829e+00 1.077200000000000024e+01
2.286277999999999793e+03 3.930000000000000160e+00 1.077999999999999936e+01
2.287933999999999742e+03 3.926000000000000156e+00 1.078800000000000026e+01
2.289590000000000146e+03 3.922000000000000153e+00 1.079499999999999993e+01
2.291246000000000095e+03 3.918000000000000149e+00 1.080300000000000082e+01
2.292901000000000295e+03 3.915000000000000036e+00 1.081099999999999994e+01
2.294557000000000244e+03 3.911000000000000032e+00 1.081900000000000084e+01
2.296212999999999738e+03 3.907000000000000028e+00 1.082699999999999996e+01
2.297869000000000142e+03 3.903000000000000025e+00 1.083500000000000085e+01
2.299525000000000091e+03 3.899999999999999911e+00 1.084399999999999942e+01
2.301181000000000040e+03 3.895999999999999908e+00 1.085200000000000031e+01
2.302836000000000240e+03 3.891999999999999904e+00 1.085999999999999943e+01
2.304492000000000189e+03 3.887999999999999901e+00 1.086800000000000033e+01
2.306147999999999683e+03 3.884999999999999787e+00 1.087599999999999945e+01
2.307804000000000087e+03 3.880999999999999783e+00 1.088400000000000034e+01
2.309460000000000036e+03 3.876999999999999780e+00 1.089199999999999946e+01
2.311115999999999985e+03 3.874000000000000110e+00 1.090000000000000036e+01
2.312771000000000186e+03 3.870000000000000107e+00 1.090799999999999947e+01
2.314426999999999680e+03 3.866000000000000103e+00 1.091600000000000037e+01
2.316083000000000084e+03 3.862000000000000099e+00 1.092500000000000071e+01
2.317739000000000033e+03 3.858999999999999986e+00 1.093299999999999983e+01
2.319394999999999982e+03 3.854999999999999982e+00 1.094100000000000072e+01
2.321051000000000386e+03 3.850999999999999979e+00 1.094899999999999984e+01
2.322706000000000131e+03 3.847999999999999865e+00 1.095700000000000074e+01
2.324361999999999625e+03 3.843999999999999861e+00 1.096599999999999930e+01
2.326018000000000029e+03 3.839999999999999858e+00 1.097400000000000020e+01
2.327673999999999978e+03 3.837000000000000188e+00 1.098199999999999932e+01
2.329329999999999927e+03 3.833000000000000185e+00 1.099000000000000021e+01
2.330985000000000127e+03 3.829000000000000181e+00 1.099900000000000055e+01
2.332641000000000076e+03 3.826000000000000068e+00 1.100699999999999967e+01
2.334297000000000025e+03 3.822000000000000064e+00 1.101500000000000057e+01
2.335952999999999975e+03 3.818999999999999950e+00 1.102399999999999913e+01
2.337608999999999924e+03 3.814999999999999947e+00 1.103200000000000003e+01
2.339265000000000327e+03 3.810999999999999943e+00 1.103999999999999915e+01
2.340920000000000073e+03 3.807999999999999829e+00 1.104899999999999949e+01
2.342576000000000022e+03 3.803999999999999826e+00 1.105700000000000038e+01
2.344231999999999971e+03 3.799999999999999822e+00 1.106499999999999950e+01
2.345887999999999920e+03 3.797000000000000153e+00 1.107399999999999984e+01
2.347543999999999869e+03 3.793000000000000149e+00 1.108200000000000074e+01
2.349200000000000273e+03 3.790000000000000036e+00 1.108999999999999986e+01
2.350855000000000018e+03 3.786000000000000032e+00 1.109900000000000020e+01
2.352510999999999967e+03 3.782000000000000028e+00 1.110699999999999932e+01
2.354166999999999916e+03 3.778999999999999915e+00 1.111599999999999966e+01
2.355822999999999865e+03 3.774999999999999911e+00 1.112400000000000055e+01
2.357479000000000269e+03 3.771999999999999797e+00 1.113299999999999912e+01
2.359135000000000218e+03 3.767999999999999794e+00 1.114100000000000001e+01
2.360789999999999964e+03 3.765000000000000124e+00 1.115000000000000036e+01
2.362445999999999913e+03 3.761000000000000121e+00 1.115799999999999947e+01
2.364101999999999862e+03 3.758000000000000007e+00 1.116699999999999982e+01
2.365757999999999811e+03 3.754000000000000004e+00 1.117500000000000071e+01
2.367414000000000215e+03 3.750000000000000000e+00 1.118399999999999928e+01
2.369069999999999709e+03 3.746999999999999886e+00 1.119200000000000017e+01
2.370725000000000364e+03 3.742999999999999883e+00 1.120100000000000051e+01
2.372380999999999858e+03 3.740000000000000213e+00 1.120899999999999963e+01
2.374036999999999807e+03 3.736000000000000210e+00 1.121799999999999997e+01
2.375693000000000211e+03 3.733000000000000096e+00 1.122600000000000087e+01
2.377349000000000160e+03 3.729000000000000092e+00 1.123499999999999943e+01
2.379003999999999905e+03 3.725999999999999979e+00 1.124300000000000033e+01
2.380660000000000309e+03 3.721999999999999975e+00 1.125200000000000067e+01
2.382315999999999804e+03 3.718999999999999861e+00 1.126099999999999923e+01
2.383971999999999753e+03 3.714999999999999858e+00 1.126900000000000013e+01
2.385628000000000156e+03 3.712000000000000188e+00 1.127800000000000047e+01
2.387284000000000106e+03 3.708000000000000185e+00 1.128700000000000081e+01
2.388939000000000306e+03 3.705000000000000071e+00 1.129499999999999993e+01
2.390594999999999800e+03 3.701000000000000068e+00 1.130400000000000027e+01
2.392250999999999749e+03 3.697999999999999954e+00 1.131300000000000061e+01
2.393907000000000153e+03 3.694999999999999840e+00 1.132099999999999973e+01
2.395563000000000102e+03 3.690999999999999837e+00 1.133000000000000007e+01
2.397219000000000051e+03 3.688000000000000167e+00 1.133900000000000041e+01
2.398874000000000251e+03 3.684000000000000163e+00 1.134699999999999953e+01
2.400529999999999745e+03 3.681000000000000050e+00 1.135599999999999987e+01
2.402186000000000149e+03 3.677000000000000046e+00 1.136500000000000021e+01
2.403842000000000098e+03 3.673999999999999932e+00 1.137400000000000055e+01
2.405498000000000047e+03 3.670999999999999819e+00 1.138199999999999967e+01
2.407153999999999996e+03 3.666999999999999815e+00 1.139100000000000001e+01
2.408809000000000196e+03 3.664000000000000146e+00 1.140000000000000036e+01
2.410464999999999691e+03 3.660000000000000142e+00 1.140900000000000070e+01
2.412121000000000095e+03 3.657000000000000028e+00 1.141799999999999926e+01
2.413777000000000044e+03 3.653999999999999915e+00 1.142600000000000016e+01
2.415432999999999993e+03 3.649999999999999911e+00 1.143500000000000050e+01
2.417088999999999942e+03 3.646999999999999797e+00 1.144400000000000084e+01
2.418743999999999687e+03 3.644000000000000128e+00 1.145299999999999940e+01
2.420400000000000091e+03 3.640000000000000124e+00 1.146199999999999974e+01
2.422056000000000040e+03 3.637000000000000011e+00 1.147100000000000009e+01
2.423711999999999989e+03 3.633999999999999897e+00 1.147899999999999920e+01
2.425368000000000393e+03 3.629999999999999893e+00 1.148799999999999955e+01
2.427023999999999887e+03 3.626999999999999780e+00 1.149699999999999989e+01
2.428678999999999633e+03 3.624000000000000110e+00 1.150600000000000023e+01
2.430335000000000036e+03 3.620000000000000107e+00 1.151500000000000057e+01
2.431990999999999985e+03 3.616999999999999993e+00 1.152399999999999913e+01
2.433646999999999935e+03 3.613999999999999879e+00 1.153299999999999947e+01
2.435303000000000338e+03 3.609999999999999876e+00 1.154199999999999982e+01
2.436958000000000084e+03 3.607000000000000206e+00 1.155100000000000016e+01
2.438614000000000033e+03 3.604000000000000092e+00 1.156000000000000050e+01
2.440269999999999982e+03 3.600000000000000089e+00 1.156900000000000084e+01
2.441925999999999931e+03 3.596999999999999975e+00 1.157799999999999940e+01
2.443582000000000335e+03 3.593999999999999861e+00 1.158699999999999974e+01
2.445237999999999829e+03 3.591000000000000192e+00 1.159600000000000009e+01
2.446893000000000029e+03 3.587000000000000188e+00 1.160500000000000043e+01
2.448548999999999978e+03 3.584000000000000075e+00 1.161400000000000077e+01
2.450204999999999927e+03 3.580999999999999961e+00 1.162299999999999933e+01
2.451860999999999876e+03 3.577999999999999847e+00 1.163199999999999967e+01
2.453517000000000280e+03 3.573999999999999844e+00 1.164100000000000001e+01
2.455172999999999774e+03 3.571000000000000174e+00 1.165000000000000036e+01
2.456827999999999975e+03 3.568000000000000060e+00 1.165900000000000070e+01
2.458483999999999924e+03 3.564999999999999947e+00 1.166799999999999926e+01
2.460139999999999873e+03 3.561999999999999833e+00 1.167699999999999960e+01
2.461796000000000276e+03 3.557999999999999829e+00 1.168599999999999994e+01
2.463452000000000226e+03 3.555000000000000160e+00 1.169500000000000028e+01
2.465107999999999720e+03 3.552000000000000046e+00 1.170400000000000063e+01
2.466762999999999920e+03 3.548999999999999932e+00 1.171299999999999919e+01
2.468418999999999869e+03 3.545999999999999819e+00 1.172199999999999953e+01
2.470074999999999818e+03 3.541999999999999815e+00 1.173099999999999987e+01
2.471731000000000222e+03 3.539000000000000146e+00 1.174099999999999966e+01
2.473386999999999716e+03 3.536000000000000032e+00 1.175000000000000000e+01
2.475042999999999665e+03 3.532999999999999918e+00 1.175900000000000034e+01
2.476697999999999865e+03 3.529999999999999805e+00 1.176800000000000068e+01
2.478353999999999814e+03 3.527000000000000135e+00 1.177699999999999925e+01
2.480010000000000218e+03 3.524000000000000021e+00 1.178599999999999959e+01
2.481666000000000167e+03 3.520000000000000018e+00 1.179499999999999993e+01
2.483321999999999662e+03 3.516999999999999904e+00 1.180499999999999972e+01
2.484977000000000317e+03 3.513999999999999790e+00 1.181400000000000006e+01
2.486632999999999811e+03 3.511000000000000121e+00 1.182300000000000040e+01
2.488288999999999760e+03 3.508000000000000007e+00 1.183200000000000074e+01
2.489945000000000164e+03 3.504999999999999893e+00 1.184099999999999930e+01
2.491601000000000113e+03 3.501999999999999780e+00 1.185100000000000087e+01
2.493256999999999607e+03 3.499000000000000110e+00 1.185999999999999943e+01
2.494911999999999807e+03 3.495999999999999996e+00 1.186899999999999977e+01
2.496567999999999756e+03 3.492999999999999883e+00 1.187800000000000011e+01
2.498224000000000160e+03 3.490000000000000213e+00 1.188799999999999990e+01
2.499880000000000109e+03 3.487000000000000099e+00 1.189700000000000024e+01
2.501536000000000058e+03 3.483999999999999986e+00 1.190600000000000058e+01
2.503192000000000007e+03 3.479999999999999982e+00 1.191499999999999915e+01
2.504846999999999753e+03 3.476999999999999869e+00 1.192500000000000071e+01
2.506502999999999702e+03 3.474000000000000199e+00 1.193399999999999928e+01
2.508159000000000106e+03 3.471000000000000085e+00 1.194299999999999962e+01
2.509815000000000055e+03 3.467999999999999972e+00 1.195299999999999940e+01
2.511471000000000004e+03 3.464999999999999858e+00 1.196199999999999974e+01
2.513126999999999953e+03 3.462000000000000188e+00 1.197100000000000009e+01
2.514781999999999698e+03 3.459000000000000075e+00 1.198099999999999987e+01
2.516438000000000102e+03 3.455999999999999961e+00 1.199000000000000021e+01
2.518094000000000051e+03 3.452999999999999847e+00 1.199900000000000055e+01
2.519750000000000000e+03 3.450000000000000178e+00 1.200900000000000034e+01
2.521405999999999949e+03 3.447000000000000064e+00 1.201800000000000068e+01
2.523061999999999898e+03 3.443999999999999950e+00 1.202699999999999925e+01
2.524717000000000098e+03 3.442000000000000171e+00 1.203700000000000081e+01
2.526373000000000047e+03 3.439000000000000057e+00 1.204599999999999937e+01
2.528028999999999996e+03 3.435999999999999943e+00 1.205499999999999972e+01
2.529685000000000400e+03 3.432999999999999829e+00 1.206499999999999950e+01
2.531340999999999894e+03 3.430000000000000160e+00 1.207399999999999984e+01
2.532995999999999640e+03 3.427000000000000046e+00 1.208399999999999963e+01
2.534652000000000044e+03 3.423999999999999932e+00 1.209299999999999997e+01
2.536307999999999993e+03 3.420999999999999819e+00 1.210200000000000031e+01
2.537963999999999942e+03 3.418000000000000149e+00 1.211200000000000010e+01
2.539620000000000346e+03 3.415000000000000036e+00 1.212100000000000044e+01
2.541275999999999840e+03 3.411999999999999922e+00 1.213100000000000023e+01
2.542931000000000040e+03 3.408999999999999808e+00 1.214000000000000057e+01
2.544586999999999989e+03 3.407000000000000028e+00 1.215000000000000036e+01
2.546242999999999938e+03 3.403999999999999915e+00 1.215900000000000070e+01
2.547899000000000342e+03 3.400999999999999801e+00 1.216799999999999926e+01
2.549554999999999836e+03 3.398000000000000131e+00 1.217800000000000082e+01
2.551210999999999785e+03 3.395000000000000018e+00 1.218699999999999939e+01
2.552865999999999985e+03 3.391999999999999904e+00 1.219699999999999918e+01
2.554521999999999935e+03 3.388999999999999790e+00 1.220599999999999952e+01
2.556177999999999884e+03 3.387000000000000011e+00 1.221599999999999930e+01
2.557834000000000287e+03 3.383999999999999897e+00 1.222499999999999964e+01
2.559489999999999782e+03 3.380999999999999783e+00 1.223499999999999943e+01
2.561145999999999731e+03 3.378000000000000114e+00 1.224399999999999977e+01
2.562800999999999931e+03 3.375000000000000000e+00 1.225399999999999956e+01
2.564456999999999880e+03 3.373000000000000220e+00 1.226299999999999990e+01
2.566113000000000284e+03 3.370000000000000107e+00 1.227299999999999969e+01
2.567769000000000233e+03 3.366999999999999993e+00 1.228299999999999947e+01
2.569424999999999727e+03 3.363999999999999879e+00 1.229199999999999982e+01
2.571081000000000131e+03 3.361000000000000210e+00 1.230199999999999960e+01
2.572735999999999876e+03 3.358999999999999986e+00 1.231099999999999994e+01
2.574391999999999825e+03 3.355999999999999872e+00 1.232099999999999973e+01
2.576048000000000229e+03 3.353000000000000203e+00 1.233000000000000007e+01
2.577704000000000178e+03 3.350000000000000089e+00 1.233999999999999986e+01
2.579359999999999673e+03 3.347999999999999865e+00 1.234999999999999964e+01
2.581016000000000076e+03 3.345000000000000195e+00 1.235899999999999999e+01
2.582670999999999822e+03 3.342000000000000082e+00 1.236899999999999977e+01
2.584327000000000226e+03 3.339999999999999858e+00 1.237800000000000011e+01
2.585983000000000175e+03 3.337000000000000188e+00 1.238799999999999990e+01
2.587638999999999669e+03 3.334000000000000075e+00 1.239799999999999969e+01
2.589295000000000073e+03 3.330999999999999961e+00 1.240700000000000003e+01
2.590949999999999818e+03 3.329000000000000181e+00 1.241699999999999982e+01
2.592605999999999767e+03 3.326000000000000068e+00 1.242600000000000016e+01
2.594262000000000171e+03 3.322999999999999954e+00 1.243599999999999994e+01
2.595918000000000120e+03 3.321000000000000174e+00 1.244599999999999973e+01
2.597573999999999614e+03 3.318000000000000060e+00 1.245500000000000007e+01
2.599230000000000018e+03 3.314999999999999947e+00 1.246499999999999986e+01
2.600884999999999764e+03 3.313000000000000167e+00 1.247499999999999964e+01
2.602541000000000167e+03 3.310000000000000053e+00 1.248399999999999999e+01
2.604197000000000116e+03 3.306999999999999940e+00 1.249399999999999977e+01
2.605853000000000065e+03 3.305000000000000160e+00 1.250399999999999956e+01
2.607509000000000015e+03 3.302000000000000046e+00 1.251299999999999990e+01
2.609164999999999964e+03 3.299999999999999822e+00 1.252299999999999969e+01
2.610819999999999709e+03 3.297000000000000153e+00 1.253299999999999947e+01
2.612476000000000113e+03 3.294000000000000039e+00 1.254199999999999982e+01
2.614132000000000062e+03 3.291999999999999815e+00 1.255199999999999960e+01
2.615787999999999556e+03 3.289000000000000146e+00 1.256199999999999939e+01
2.617443999999999960e+03 3.286999999999999922e+00 1.257199999999999918e+01
2.619099999999999909e+03 3.283999999999999808e+00 1.258099999999999952e+01
2.620755000000000109e+03 3.281000000000000139e+00 1.259099999999999930e+01
2.622411000000000058e+03 3.278999999999999915e+00 1.260100000000000087e+01
2.624067000000000007e+03 3.275999999999999801e+00 1.260999999999999943e+01
2.625722999999999956e+03 3.274000000000000021e+00 1.261999999999999922e+01
2.627378999999999905e+03 3.270999999999999908e+00 1.263000000000000078e+01
2.629034999999999854e+03 3.269000000000000128e+00 1.264000000000000057e+01
2.630690000000000055e+03 3.266000000000000014e+00 1.264899999999999913e+01
2.632346000000000004e+03 3.263999999999999790e+00 1.265900000000000070e+01
2.634001999999999953e+03 3.261000000000000121e+00 1.266900000000000048e+01
2.635657999999999902e+03 3.258999999999999897e+00 1.267900000000000027e+01
2.637313999999999851e+03 3.255999999999999783e+00 1.268800000000000061e+01
2.638969000000000051e+03 3.254000000000000004e+00 1.269800000000000040e+01
2.640625000000000000e+03 3.250999999999999890e+00 1.270800000000000018e+01
2.642280999999999949e+03 3.249000000000000110e+00 1.271799999999999997e+01
2.643937000000000353e+03 3.245999999999999996e+00 1.272799999999999976e+01
2.645592999999999847e+03 3.244000000000000217e+00 1.273700000000000010e+01
2.647248999999999796e+03 3.241000000000000103e+00 1.274699999999999989e+01
2.648903999999999996e+03 3.238999999999999879e+00 1.275699999999999967e+01
2.650559999999999945e+03 3.236000000000000210e+00 1.276699999999999946e+01
2.652216000000000349e+03 3.233999999999999986e+00 1.277699999999999925e+01
2.653871999999999844e+03 3.230999999999999872e+00 1.278599999999999959e+01
2.655527999999999793e+03 3.229000000000000092e+00 1.279599999999999937e+01
2.657184000000000196e+03 3.226999999999999869e+00 1.280599999999999916e+01
2.658838999999999942e+03 3.224000000000000199e+00 1.281600000000000072e+01
2.660494999999999891e+03 3.221999999999999975e+00 1.282600000000000051e+01
2.662151000000000295e+03 3.218999999999999861e+00 1.283600000000000030e+01
2.663806999999999789e+03 3.217000000000000082e+00 1.284500000000000064e+01
2.665462999999999738e+03 3.213999999999999968e+00 1.285500000000000043e+01
2.667119000000000142e+03 3.212000000000000188e+00 1.286500000000000021e+01
2.668773999999999887e+03 3.209999999999999964e+00 1.287500000000000000e+01
2.670430000000000291e+03 3.206999999999999851e+00 1.288499999999999979e+01
2.672086000000000240e+03 3.205000000000000071e+00 1.289499999999999957e+01
2.673741999999999734e+03 3.202999999999999847e+00 1.290499999999999936e+01
2.675398000000000138e+03 3.200000000000000178e+00 1.291499999999999915e+01
2.677054000000000087e+03 3.197999999999999954e+00 1.292399999999999949e+01
2.678708999999999833e+03 3.196000000000000174e+00 1.293399999999999928e+01
2.680365000000000236e+03 3.193000000000000060e+00 1.294400000000000084e+01
2.682021000000000186e+03 3.190999999999999837e+00 1.295400000000000063e+01
2.683676999999999680e+03 3.189000000000000057e+00 1.296400000000000041e+01
2.685333000000000084e+03 3.185999999999999943e+00 1.297400000000000020e+01
2.686987999999999829e+03 3.184000000000000163e+00 1.298399999999999999e+01
2.688644000000000233e+03 3.181999999999999940e+00 1.299399999999999977e+01
2.690300000000000182e+03 3.178999999999999826e+00 1.300399999999999956e+01
2.691955999999999676e+03 3.177000000000000046e+00 1.301399999999999935e+01
2.693612000000000080e+03 3.174999999999999822e+00 1.302299999999999969e+01
2.695268000000000029e+03 3.172000000000000153e+00 1.303299999999999947e+01
2.696922999999999774e+03 3.169999999999999929e+00 1.304299999999999926e+01
2.698579000000000178e+03 3.168000000000000149e+00 1.305300000000000082e+01
2.700235000000000127e+03 3.165999999999999925e+00 1.306300000000000061e+01
2.701890999999999622e+03 3.162999999999999812e+00 1.307300000000000040e+01
2.703547000000000025e+03 3.161000000000000032e+00 1.308300000000000018e+01
2.705202999999999975e+03 3.158999999999999808e+00 1.309299999999999997e+01
2.706858000000000175e+03 3.157000000000000028e+00 1.310299999999999976e+01
2.708514000000000124e+03 3.153999999999999915e+00 1.311299999999999955e+01
2.710170000000000073e+03 3.152000000000000135e+00 1.312299999999999933e+01
2.711826000000000022e+03 3.149999999999999911e+00 1.313299999999999912e+01
2.713481999999999971e+03 3.148000000000000131e+00 1.314300000000000068e+01
2.715137999999999920e+03 3.145999999999999908e+00 1.315300000000000047e+01
2.716793000000000120e+03 3.142999999999999794e+00 1.316300000000000026e+01
2.718449000000000069e+03 3.141000000000000014e+00 1.317300000000000004e+01
2.720105000000000018e+03 3.138999999999999790e+00 1.318299999999999983e+01
2.721760999999999967e+03 3.137000000000000011e+00 1.319299999999999962e+01
2.723416999999999916e+03 3.134999999999999787e+00 1.320299999999999940e+01
2.725072999999999865e+03 3.132000000000000117e+00 1.321299999999999919e+01
2.726728000000000065e+03 3.129999999999999893e+00 1.322300000000000075e+01
2.728384000000000015e+03 3.128000000000000114e+00 1.323300000000000054e+01
2.730039999999999964e+03 3.125999999999999890e+00 1.324300000000000033e+01
2.731695999999999913e+03 3.124000000000000110e+00 1.325300000000000011e+01
2.733351999999999862e+03 3.121999999999999886e+00 1.326299999999999990e+01
2.735008000000000266e+03 3.120000000000000107e+00 1.327299999999999969e+01
2.736663000000000011e+03 3.116999999999999993e+00 1.328299999999999947e+01
2.738318999999999960e+03 3.115000000000000213e+00 1.329299999999999926e+01
2.739974999999999909e+03 3.112999999999999989e+00 1.330300000000000082e+01
2.741630999999999858e+03 3.111000000000000210e+00 1.331300000000000061e+01
2.743286999999999807e+03 3.108999999999999986e+00 1.332300000000000040e+01
2.744942000000000007e+03 3.107000000000000206e+00 1.333300000000000018e+01
2.746597999999999956e+03 3.104999999999999982e+00 1.334299999999999997e+01
2.748254000000000360e+03 3.103000000000000203e+00 1.335299999999999976e+01
2.749909999999999854e+03 3.100999999999999979e+00 1.336299999999999955e+01
2.751565999999999804e+03 3.099000000000000199e+00 1.337299999999999933e+01
2.753222000000000207e+03 3.096999999999999975e+00 1.338299999999999912e+01
2.754876999999999953e+03 3.093999999999999861e+00 1.339300000000000068e+01
2.756532999999999902e+03 3.092000000000000082e+00 1.340300000000000047e+01
2.758188999999999851e+03 3.089999999999999858e+00 1.341399999999999970e+01
2.759844999999999800e+03 3.088000000000000078e+00 1.342399999999999949e+01
2.761501000000000204e+03 3.085999999999999854e+00 1.343399999999999928e+01
2.763157000000000153e+03 3.084000000000000075e+00 1.344400000000000084e+01
2.764811999999999898e+03 3.081999999999999851e+00 1.345400000000000063e+01
2.766468000000000302e+03 3.080000000000000071e+00 1.346400000000000041e+01
2.768123999999999796e+03 3.077999999999999847e+00 1.347400000000000020e+01
2.769779999999999745e+03 3.076000000000000068e+00 1.348399999999999999e+01
2.771436000000000149e+03 3.073999999999999844e+00 1.349399999999999977e+01
2.773092000000000098e+03 3.072000000000000064e+00 1.350399999999999956e+01
2.774747000000000298e+03 3.069999999999999840e+00 1.351399999999999935e+01
2.776403000000000247e+03 3.068000000000000060e+00 1.352399999999999913e+01
2.778058999999999742e+03 3.065999999999999837e+00 1.353500000000000014e+01
2.779715000000000146e+03 3.064000000000000057e+00 1.354499999999999993e+01
2.781371000000000095e+03 3.061999999999999833e+00 1.355499999999999972e+01
2.783027000000000044e+03 3.060000000000000053e+00 1.356499999999999950e+01
2.784682000000000244e+03 3.057999999999999829e+00 1.357499999999999929e+01
2.786338000000000193e+03 3.056999999999999940e+00 1.358500000000000085e+01
2.787993999999999687e+03 3.055000000000000160e+00 1.359500000000000064e+01
2.789650000000000091e+03 3.052999999999999936e+00 1.360500000000000043e+01
2.791306000000000040e+03 3.051000000000000156e+00 1.361500000000000021e+01
2.792961000000000240e+03 3.048999999999999932e+00 1.362599999999999945e+01
2.794617000000000189e+03 3.047000000000000153e+00 1.363599999999999923e+01
2.796272999999999683e+03 3.044999999999999929e+00 1.364600000000000080e+01
2.797929000000000087e+03 3.043000000000000149e+00 1.365600000000000058e+01
2.799585000000000036e+03 3.040999999999999925e+00 1.366600000000000037e+01
2.801240999999999985e+03 3.039000000000000146e+00 1.367600000000000016e+01
2.802896000000000186e+03 3.036999999999999922e+00 1.368599999999999994e+01
2.804552000000000135e+03 3.036000000000000032e+00 1.369699999999999918e+01
2.806207999999999629e+03 3.033999999999999808e+00 1.370700000000000074e+01
2.807864000000000033e+03 3.032000000000000028e+00 1.371700000000000053e+01
2.809519999999999982e+03 3.029999999999999805e+00 1.372700000000000031e+01
2.811175999999999931e+03 3.028000000000000025e+00 1.373700000000000010e+01
2.812831000000000131e+03 3.025999999999999801e+00 1.374699999999999989e+01
2.814487000000000080e+03 3.024000000000000021e+00 1.375799999999999912e+01
2.816143000000000029e+03 3.023000000000000131e+00 1.376800000000000068e+01
2.817798999999999978e+03 3.020999999999999908e+00 1.377800000000000047e+01
2.819454999999999927e+03 3.019000000000000128e+00 1.378800000000000026e+01
2.821111000000000331e+03 3.016999999999999904e+00 1.379800000000000004e+01
2.822766000000000076e+03 3.015000000000000124e+00 1.380799999999999983e+01
2.824422000000000025e+03 3.013999999999999790e+00 1.381900000000000084e+01
2.826077999999999975e+03 3.012000000000000011e+00 1.382900000000000063e+01
2.827733999999999924e+03 3.009999999999999787e+00 1.383900000000000041e+01
2.829389999999999873e+03 3.008000000000000007e+00 1.384900000000000020e+01
2.831046000000000276e+03 3.005999999999999783e+00 1.385899999999999999e+01
2.832701000000000022e+03 3.004999999999999893e+00 1.386899999999999977e+01
2.834356999999999971e+03 3.003000000000000114e+00 1.388000000000000078e+01
2.836012999999999920e+03 3.000999999999999890e+00 1.389000000000000057e+01
2.837668999999999869e+03 2.999000000000000110e+00 1.390000000000000036e+01
2.839325000000000273e+03 2.996999999999999886e+00 1.391000000000000014e+01
2.840980000000000018e+03 2.995999999999999996e+00 1.391999999999999993e+01
2.842635999999999967e+03 2.994000000000000217e+00 1.393099999999999916e+01
2.844291999999999916e+03 2.991999999999999993e+00 1.394100000000000072e+01
2.845947999999999865e+03 2.991000000000000103e+00 1.395100000000000051e+01
2.847603999999999814e+03 2.988999999999999879e+00 1.396100000000000030e+01
2.849260000000000218e+03 2.987000000000000099e+00 1.397199999999999953e+01
2.850914999999999964e+03 2.984999999999999876e+00 1.398199999999999932e+01
2.852571000000000367e+03 2.983999999999999986e+00 1.399200000000000088e+01
2.854226999999999862e+03 2.982000000000000206e+00 1.400200000000000067e+01
2.855882999999999811e+03 2.979999999999999982e+00 1.401200000000000045e+01
2.857539000000000215e+03 2.979000000000000092e+00 1.402299999999999969e+01
2.859195000000000164e+03 2.976999999999999869e+00 1.403299999999999947e+01
2.860849999999999909e+03 2.975000000000000089e+00 1.404299999999999926e+01
2.862506000000000313e+03 2.974000000000000199e+00 1.405300000000000082e+01
2.864161999999999807e+03 2.971999999999999975e+00 1.406400000000000006e+01
2.865817999999999756e+03 2.970000000000000195e+00 1.407399999999999984e+01
2.867474000000000160e+03 2.968999999999999861e+00 1.408399999999999963e+01
2.869130000000000109e+03 2.967000000000000082e+00 1.409399999999999942e+01
2.870785000000000309e+03 2.964999999999999858e+00 1.410399999999999920e+01
2.872440999999999804e+03 2.963999999999999968e+00 1.411500000000000021e+01
2.874096999999999753e+03 2.962000000000000188e+00 1.412500000000000000e+01
2.875753000000000156e+03 2.959999999999999964e+00 1.413499999999999979e+01
2.877409000000000106e+03 2.959000000000000075e+00 1.414499999999999957e+01
2.879065000000000055e+03 2.956999999999999851e+00 1.415600000000000058e+01
2.880720000000000255e+03 2.955000000000000071e+00 1.416600000000000037e+01
2.882375999999999749e+03 2.954000000000000181e+00 1.417600000000000016e+01
2.884032000000000153e+03 2.951999999999999957e+00 1.418599999999999994e+01
2.885688000000000102e+03 2.951000000000000068e+00 1.419699999999999918e+01
2.887344000000000051e+03 2.948999999999999844e+00 1.420700000000000074e+01
2.889000000000000000e+03 2.947000000000000064e+00 1.421700000000000053e+01
2.890655000000000200e+03 2.946000000000000174e+00 1.422799999999999976e+01
2.892310999999999694e+03 2.943999999999999950e+00 1.423799999999999955e+01
2.893967000000000098e+03 2.943000000000000060e+00 1.424799999999999933e+01
2.895623000000000047e+03 2.940999999999999837e+00 1.425799999999999912e+01
2.897278999999999996e+03 2.939999999999999947e+00 1.426900000000000013e+01
2.898934000000000196e+03 2.938000000000000167e+00 1.427899999999999991e+01
2.900589999999999691e+03 2.935999999999999943e+00 1.428899999999999970e+01
2.902246000000000095e+03 2.935000000000000053e+00 1.429899999999999949e+01
2.903902000000000044e+03 2.932999999999999829e+00 1.431000000000000050e+01
2.905557999999999993e+03 2.931999999999999940e+00 1.432000000000000028e+01
2.907214000000000397e+03 2.930000000000000160e+00 1.433000000000000007e+01
2.908869000000000142e+03 2.928999999999999826e+00 1.434099999999999930e+01
2.910524999999999636e+03 2.927000000000000046e+00 1.435100000000000087e+01
2.912181000000000040e+03 2.926000000000000156e+00 1.436100000000000065e+01
2.913836999999999989e+03 2.923999999999999932e+00 1.437100000000000044e+01
2.915492999999999938e+03 2.923000000000000043e+00 1.438199999999999967e+01
2.917149000000000342e+03 2.920999999999999819e+00 1.439199999999999946e+01
2.918804000000000087e+03 2.919999999999999929e+00 1.440199999999999925e+01
2.920460000000000036e+03 2.918000000000000149e+00 1.441300000000000026e+01
2.922115999999999985e+03 2.916999999999999815e+00 1.442300000000000004e+01
2.923771999999999935e+03 2.915000000000000036e+00 1.443299999999999983e+01
2.925428000000000338e+03 2.914000000000000146e+00 1.444299999999999962e+01
2.927083999999999833e+03 2.911999999999999922e+00 1.445400000000000063e+01
2.928739000000000033e+03 2.911000000000000032e+00 1.446400000000000041e+01
2.930394999999999982e+03 2.908999999999999808e+00 1.447400000000000020e+01
2.932050999999999931e+03 2.907999999999999918e+00 1.448499999999999943e+01
2.933706999999999880e+03 2.907000000000000028e+00 1.449499999999999922e+01
2.935363000000000284e+03 2.904999999999999805e+00 1.450500000000000078e+01
2.937018999999999778e+03 2.903999999999999915e+00 1.451600000000000001e+01
2.938673999999999978e+03 2.902000000000000135e+00 1.452599999999999980e+01
2.940329999999999927e+03 2.900999999999999801e+00 1.453599999999999959e+01
2.941985999999999876e+03 2.899000000000000021e+00 1.454700000000000060e+01
2.943642000000000280e+03 2.898000000000000131e+00 1.455700000000000038e+01
2.945298000000000229e+03 2.896999999999999797e+00 1.456700000000000017e+01
2.946952999999999975e+03 2.895000000000000018e+00 1.457799999999999940e+01
2.948608999999999924e+03 2.894000000000000128e+00 1.458799999999999919e+01
2.950264999999999873e+03 2.891999999999999904e+00 1.459800000000000075e+01
2.951920999999999822e+03 2.891000000000000014e+00 1.460800000000000054e+01
2.953577000000000226e+03 2.890000000000000124e+00 1.461899999999999977e+01
2.955233000000000175e+03 2.887999999999999901e+00 1.462899999999999956e+01
2.956888000000000375e+03 2.887000000000000011e+00 1.463899999999999935e+01
2.958543999999999869e+03 2.884999999999999787e+00 1.465000000000000036e+01
2.960199999999999818e+03 2.883999999999999897e+00 1.466000000000000014e+01
2.961856000000000222e+03 2.883000000000000007e+00 1.466999999999999993e+01
2.963512000000000171e+03 2.880999999999999783e+00 1.468099999999999916e+01
2.965167999999999665e+03 2.879999999999999893e+00 1.469100000000000072e+01
2.966823000000000320e+03 2.879000000000000004e+00 1.470100000000000051e+01
2.968478999999999814e+03 2.876999999999999780e+00 1.471199999999999974e+01
2.970134999999999764e+03 2.875999999999999890e+00 1.472199999999999953e+01
2.971791000000000167e+03 2.875000000000000000e+00 1.473199999999999932e+01
2.973447000000000116e+03 2.873000000000000220e+00 1.474300000000000033e+01
2.975102999999999611e+03 2.871999999999999886e+00 1.475300000000000011e+01
2.976757999999999811e+03 2.870999999999999996e+00 1.476399999999999935e+01
2.978413999999999760e+03 2.869000000000000217e+00 1.477399999999999913e+01
2.980070000000000164e+03 2.867999999999999883e+00 1.478400000000000070e+01
2.981726000000000113e+03 2.866999999999999993e+00 1.479499999999999993e+01
2.983382000000000062e+03 2.866000000000000103e+00 1.480499999999999972e+01
2.985038000000000011e+03 2.863999999999999879e+00 1.481499999999999950e+01
2.986692999999999756e+03 2.862999999999999989e+00 1.482600000000000051e+01
2.988348999999999705e+03 2.862000000000000099e+00 1.483600000000000030e+01
2.990005000000000109e+03 2.859999999999999876e+00 1.484600000000000009e+01
2.991661000000000058e+03 2.858999999999999986e+00 1.485699999999999932e+01
2.993317000000000007e+03 2.858000000000000096e+00 1.486700000000000088e+01
2.994972000000000207e+03 2.857000000000000206e+00 1.487700000000000067e+01
2.996627999999999702e+03 2.854999999999999982e+00 1.488799999999999990e+01
2.998284000000000106e+03 2.854000000000000092e+00 1.489799999999999969e+01
2.999940000000000055e+03 2.853000000000000203e+00 1.490799999999999947e+01
3.001596000000000004e+03 2.851999999999999869e+00 1.491900000000000048e+01
3.003251999999999953e+03 2.850000000000000089e+00 1.492900000000000027e+01
3.004907000000000153e+03 2.849000000000000199e+00 1.493999999999999950e+01
3.006563000000000102e+03 2.847999999999999865e+00 1.494999999999999929e+01
3.008219000000000051e+03 2.846999999999999975e+00 1.496000000000000085e+01
3.009875000000000000e+03 2.846000000000000085e+00 1.497100000000000009e+01
3.011531000000000404e+03 2.843999999999999861e+00 1.498099999999999987e+01
3.013186999999999898e+03 2.842999999999999972e+00 1.499099999999999966e+01
3.014841999999999643e+03 2.842000000000000082e+00 1.500200000000000067e+01
3.016498000000000047e+03 2.841000000000000192e+00 1.501200000000000045e+01
3.018153999999999996e+03 2.839999999999999858e+00 1.502200000000000024e+01
3.019809999999999945e+03 2.838000000000000078e+00 1.503299999999999947e+01
3.021466000000000349e+03 2.837000000000000188e+00 1.504299999999999926e+01
3.023121999999999844e+03 2.835999999999999854e+00 1.505400000000000027e+01
3.024777000000000044e+03 2.834999999999999964e+00 1.506400000000000006e+01
3.026432999999999993e+03 2.834000000000000075e+00 1.507399999999999984e+01
3.028088999999999942e+03 2.831999999999999851e+00 1.508500000000000085e+01
3.029745000000000346e+03 2.830999999999999961e+00 1.509500000000000064e+01
3.031400999999999840e+03 2.830000000000000071e+00 1.510500000000000043e+01
3.033056999999999789e+03 2.829000000000000181e+00 1.511599999999999966e+01
3.034711999999999989e+03 2.827999999999999847e+00 1.512599999999999945e+01
3.036367999999999938e+03 2.826999999999999957e+00 1.513700000000000045e+01
3.038023999999999887e+03 2.826000000000000068e+00 1.514700000000000024e+01
3.039680000000000291e+03 2.823999999999999844e+00 1.515700000000000003e+01
3.041335999999999785e+03 2.822999999999999954e+00 1.516799999999999926e+01
3.042991999999999734e+03 2.822000000000000064e+00 1.517800000000000082e+01
3.044646999999999935e+03 2.821000000000000174e+00 1.518800000000000061e+01
3.046302999999999884e+03 2.819999999999999840e+00 1.519899999999999984e+01
3.047959000000000287e+03 2.818999999999999950e+00 1.520899999999999963e+01
3.049615000000000236e+03 2.818000000000000060e+00 1.522000000000000064e+01
3.051270999999999731e+03 2.817000000000000171e+00 1.523000000000000043e+01
3.052925999999999931e+03 2.815999999999999837e+00 1.524000000000000021e+01
3.054581999999999880e+03 2.814000000000000057e+00 1.525099999999999945e+01
3.056237999999999829e+03 2.813000000000000167e+00 1.526099999999999923e+01
3.057894000000000233e+03 2.811999999999999833e+00 1.527200000000000024e+01
3.059550000000000182e+03 2.810999999999999943e+00 1.528200000000000003e+01
3.061205999999999676e+03 2.810000000000000053e+00 1.529199999999999982e+01
3.062860999999999876e+03 2.809000000000000163e+00 1.530300000000000082e+01
3.064516999999999825e+03 2.807999999999999829e+00 1.531300000000000061e+01
3.066173000000000229e+03 2.806999999999999940e+00 1.532399999999999984e+01
3.067829000000000178e+03 2.806000000000000050e+00 1.533399999999999963e+01
3.069484999999999673e+03 2.805000000000000160e+00 1.534399999999999942e+01
3.071141000000000076e+03 2.803999999999999826e+00 1.535500000000000043e+01
3.072795999999999822e+03 2.802999999999999936e+00 1.536500000000000021e+01
3.074451999999999771e+03 2.802000000000000046e+00 1.537599999999999945e+01
3.076108000000000175e+03 2.801000000000000156e+00 1.538599999999999923e+01
3.077764000000000124e+03 2.799999999999999822e+00 1.539600000000000080e+01
3.079419999999999618e+03 2.798999999999999932e+00 1.540700000000000003e+01
3.081076000000000022e+03 2.798000000000000043e+00 1.541699999999999982e+01
3.082730999999999767e+03 2.797000000000000153e+00 1.542800000000000082e+01
3.084387000000000171e+03 2.795999999999999819e+00 1.543800000000000061e+01
3.086043000000000120e+03 2.794999999999999929e+00 1.544800000000000040e+01
3.087699000000000069e+03 2.794000000000000039e+00 1.545899999999999963e+01
3.089355000000000018e+03 2.793000000000000149e+00 1.546899999999999942e+01
3.091010999999999967e+03 2.791999999999999815e+00 1.548000000000000043e+01
3.092665999999999713e+03 2.790999999999999925e+00 1.549000000000000021e+01
3.094322000000000116e+03 2.790000000000000036e+00 1.550000000000000000e+01
3.095978000000000065e+03 2.789000000000000146e+00 1.551099999999999923e+01
3.097634000000000015e+03 2.787999999999999812e+00 1.552100000000000080e+01
3.099289999999999964e+03 2.786999999999999922e+00 1.553200000000000003e+01
3.100944999999999709e+03 2.786000000000000032e+00 1.554199999999999982e+01
3.102601000000000113e+03 2.785000000000000142e+00 1.555199999999999960e+01
3.104257000000000062e+03 2.783999999999999808e+00 1.556300000000000061e+01
3.105913000000000011e+03 2.782999999999999918e+00 1.557300000000000040e+01
3.107568999999999960e+03 2.782000000000000028e+00 1.558399999999999963e+01
3.109224999999999909e+03 2.781000000000000139e+00 1.559399999999999942e+01
3.110879999999999654e+03 2.779999999999999805e+00 1.560399999999999920e+01
3.112536000000000058e+03 2.778999999999999915e+00 1.561500000000000021e+01
3.114192000000000007e+03 2.778000000000000025e+00 1.562500000000000000e+01
3.115847999999999956e+03 2.777000000000000135e+00 1.563599999999999923e+01
3.117503999999999905e+03 2.775999999999999801e+00 1.564600000000000080e+01
3.119159999999999854e+03 2.774999999999999911e+00 1.565700000000000003e+01
3.120815000000000055e+03 2.774999999999999911e+00 1.566699999999999982e+01
3.122471000000000004e+03 2.774000000000000021e+00 1.567699999999999960e+01
3.124126999999999953e+03 2.773000000000000131e+00 1.568800000000000061e+01
3.125783000000000357e+03 2.771999999999999797e+00 1.569800000000000040e+01
3.127438999999999851e+03 2.770999999999999908e+00 1.570899999999999963e+01
3.129094999999999800e+03 2.770000000000000018e+00 1.571899999999999942e+01
3.130750000000000000e+03 2.769000000000000128e+00 1.572899999999999920e+01
3.132405999999999949e+03 2.767999999999999794e+00 1.574000000000000021e+01
3.134061999999999898e+03 2.766999999999999904e+00 1.575000000000000000e+01
3.135717999999999847e+03 2.766999999999999904e+00 1.576099999999999923e+01
3.137373999999999796e+03 2.766000000000000014e+00 1.577100000000000080e+01
3.139030000000000200e+03 2.765000000000000124e+00 1.578200000000000003e+01
3.140684999999999945e+03 2.763999999999999790e+00 1.579199999999999982e+01
3.142340999999999894e+03 2.762999999999999901e+00 1.580199999999999960e+01
3.143997000000000298e+03 2.762000000000000011e+00 1.581300000000000061e+01
3.145652999999999793e+03 2.761000000000000121e+00 1.582300000000000040e+01
3.147308999999999742e+03 2.761000000000000121e+00 1.583399999999999963e+01
3.148963999999999942e+03 2.759999999999999787e+00 1.584399999999999942e+01
3.150619999999999891e+03 2.758999999999999897e+00 1.585399999999999920e+01
3.152276000000000295e+03 2.758000000000000007e+00 1.586500000000000021e+01
3.153932000000000244e+03 2.757000000000000117e+00 1.587500000000000000e+01
3.155587999999999738e+03 2.755999999999999783e+00 1.588599999999999923e+01
3.157244000000000142e+03 2.755999999999999783e+00 1.589600000000000080e+01
3.158898999999999887e+03 2.754999999999999893e+00 1.590700000000000003e+01
3.160554999999999836e+03 2.754000000000000004e+00 1.591699999999999982e+01
3.162211000000000240e+03 2.753000000000000114e+00 1.592699999999999960e+01
3.163867000000000189e+03 2.751999999999999780e+00 1.593800000000000061e+01
3.165522999999999683e+03 2.751999999999999780e+00 1.594800000000000040e+01
3.167179000000000087e+03 2.750999999999999890e+00 1.595899999999999963e+01
3.168833999999999833e+03 2.750000000000000000e+00 1.596899999999999942e+01
3.170490000000000236e+03 2.749000000000000110e+00 1.598000000000000043e+01
3.172146000000000186e+03 2.748000000000000220e+00 1.599000000000000021e+01
3.173801999999999680e+03 2.748000000000000220e+00 1.600000000000000000e+01
3.175458000000000084e+03 2.746999999999999886e+00 1.601099999999999923e+01
3.177114000000000033e+03 2.745999999999999996e+00 1.602100000000000080e+01
3.178768999999999778e+03 2.745000000000000107e+00 1.603200000000000003e+01
3.180425000000000182e+03 2.744000000000000217e+00 1.604200000000000159e+01
3.182081000000000131e+03 2.744000000000000217e+00 1.605300000000000082e+01
3.183736999999999625e+03 2.742999999999999883e+00 1.606299999999999883e+01
3.185393000000000029e+03 2.741999999999999993e+00 1.607300000000000040e+01
3.187048999999999978e+03 2.741000000000000103e+00 1.608399999999999963e+01
3.188704000000000178e+03 2.741000000000000103e+00 1.609400000000000119e+01
3.190360000000000127e+03 2.740000000000000213e+00 1.610500000000000043e+01
3.192016000000000076e+03 2.738999999999999879e+00 1.611499999999999844e+01
3.193672000000000025e+03 2.738999999999999879e+00 1.612600000000000122e+01
3.195327999999999975e+03 2.737999999999999989e+00 1.613599999999999923e+01
3.196982999999999720e+03 2.737000000000000099e+00 1.614600000000000080e+01
3.198639000000000124e+03 2.736000000000000210e+00 1.615700000000000003e+01
3.200295000000000073e+03 2.736000000000000210e+00 1.616700000000000159e+01
3.201951000000000022e+03 2.734999999999999876e+00 1.617800000000000082e+01
3.203606999999999971e+03 2.733999999999999986e+00 1.618799999999999883e+01
3.205262999999999920e+03 2.733000000000000096e+00 1.619900000000000162e+01
3.206918000000000120e+03 2.733000000000000096e+00 1.620899999999999963e+01
3.208574000000000069e+03 2.732000000000000206e+00 1.621900000000000119e+01
3.210230000000000018e+03 2.730999999999999872e+00 1.623000000000000043e+01
3.211885999999999967e+03 2.730999999999999872e+00 1.623999999999999844e+01
3.213541999999999916e+03 2.729999999999999982e+00 1.625100000000000122e+01
3.215197999999999865e+03 2.729000000000000092e+00 1.626099999999999923e+01
3.216853000000000065e+03 2.729000000000000092e+00 1.627199999999999847e+01
3.218509000000000015e+03 2.728000000000000203e+00 1.628200000000000003e+01
3.220164999999999964e+03 2.726999999999999869e+00 1.629200000000000159e+01
3.221820999999999913e+03 2.726999999999999869e+00 1.630300000000000082e+01
3.223476999999999862e+03 2.725999999999999979e+00 1.631299999999999883e+01
3.225132999999999811e+03 2.725000000000000089e+00 1.632400000000000162e+01
3.226788000000000011e+03 2.725000000000000089e+00 1.633399999999999963e+01
3.228443999999999960e+03 2.724000000000000199e+00 1.634499999999999886e+01
3.230100000000000364e+03 2.722999999999999865e+00 1.635500000000000043e+01
3.231755999999999858e+03 2.722999999999999865e+00 1.636499999999999844e+01
3.233411999999999807e+03 2.721999999999999975e+00 1.637600000000000122e+01
3.235068000000000211e+03 2.721000000000000085e+00 1.638599999999999923e+01
3.236722999999999956e+03 2.721000000000000085e+00 1.639699999999999847e+01
3.238378999999999905e+03 2.720000000000000195e+00 1.640700000000000003e+01
3.240035000000000309e+03 2.720000000000000195e+00 1.641799999999999926e+01
3.241690999999999804e+03 2.718999999999999861e+00 1.642800000000000082e+01
3.243346999999999753e+03 2.717999999999999972e+00 1.643799999999999883e+01
3.245001999999999953e+03 2.717999999999999972e+00 1.644900000000000162e+01
3.246657999999999902e+03 2.717000000000000082e+00 1.645899999999999963e+01
3.248314000000000306e+03 2.716000000000000192e+00 1.646999999999999886e+01
3.249969999999999800e+03 2.716000000000000192e+00 1.648000000000000043e+01
3.251625999999999749e+03 2.714999999999999858e+00 1.649099999999999966e+01
3.253282000000000153e+03 2.714999999999999858e+00 1.650100000000000122e+01
3.254936999999999898e+03 2.713999999999999968e+00 1.651099999999999923e+01
3.256592999999999847e+03 2.713000000000000078e+00 1.652199999999999847e+01
3.258249000000000251e+03 2.713000000000000078e+00 1.653200000000000003e+01
3.259904999999999745e+03 2.712000000000000188e+00 1.654299999999999926e+01
3.261561000000000149e+03 2.712000000000000188e+00 1.655300000000000082e+01
3.263217000000000098e+03 2.710999999999999854e+00 1.656400000000000006e+01
3.264871999999999844e+03 2.710999999999999854e+00 1.657400000000000162e+01
3.266528000000000247e+03 2.709999999999999964e+00 1.658399999999999963e+01
3.268184000000000196e+03 2.709000000000000075e+00 1.659499999999999886e+01
3.269839999999999691e+03 2.709000000000000075e+00 1.660500000000000043e+01
3.271496000000000095e+03 2.708000000000000185e+00 1.661599999999999966e+01
3.273152000000000044e+03 2.708000000000000185e+00 1.662600000000000122e+01
3.274807000000000244e+03 2.706999999999999851e+00 1.663700000000000045e+01
3.276463000000000193e+03 2.706999999999999851e+00 1.664699999999999847e+01
3.278118999999999687e+03 2.705999999999999961e+00 1.665800000000000125e+01
3.279775000000000091e+03 2.705999999999999961e+00 1.666799999999999926e+01
3.281431000000000040e+03 2.705000000000000071e+00 1.667800000000000082e+01
3.283086999999999989e+03 2.705000000000000071e+00 1.668900000000000006e+01
3.284742000000000189e+03 2.704000000000000181e+00 1.669900000000000162e+01
3.286398000000000138e+03 2.704000000000000181e+00 1.671000000000000085e+01
3.288053999999999633e+03 2.702999999999999847e+00 1.671999999999999886e+01
3.289710000000000036e+03 2.701999999999999957e+00 1.673100000000000165e+01
3.291365999999999985e+03 2.701999999999999957e+00 1.674099999999999966e+01
3.293021999999999935e+03 2.701000000000000068e+00 1.675100000000000122e+01
3.294677000000000135e+03 2.701000000000000068e+00 1.676200000000000045e+01
3.296333000000000084e+03 2.700000000000000178e+00 1.677199999999999847e+01
3.297989000000000033e+03 2.700000000000000178e+00 1.678300000000000125e+01
3.299644999999999982e+03 2.698999999999999844e+00 1.679299999999999926e+01
3.301300999999999931e+03 2.698999999999999844e+00 1.680399999999999849e+01
3.302956000000000131e+03 2.697999999999999954e+00 1.681400000000000006e+01
3.304612000000000080e+03 2.697999999999999954e+00 1.682400000000000162e+01
3.306268000000000029e+03 2.697999999999999954e+00 1.683500000000000085e+01
3.307923999999999978e+03 2.697000000000000064e+00 1.684499999999999886e+01
3.309579999999999927e+03 2.697000000000000064e+00 1.685600000000000165e+01
3.311235999999999876e+03 2.696000000000000174e+00 1.686599999999999966e+01
3.312891000000000076e+03 2.696000000000000174e+00 1.687699999999999889e+01
3.314547000000000025e+03 2.694999999999999840e+00 1.688700000000000045e+01
3.316202999999999975e+03 2.694999999999999840e+00 1.689699999999999847e+01
3.317858999999999924e+03 2.693999999999999950e+00 1.690800000000000125e+01
3.319514999999999873e+03 2.693999999999999950e+00 1.691799999999999926e+01
3.321171000000000276e+03 2.693000000000000060e+00 1.692899999999999849e+01
3.322826000000000022e+03 2.693000000000000060e+00 1.693900000000000006e+01
3.324481999999999971e+03 2.692000000000000171e+00 1.694999999999999929e+01
3.326137999999999920e+03 2.692000000000000171e+00 1.696000000000000085e+01
3.327793999999999869e+03 2.692000000000000171e+00 1.696999999999999886e+01
3.329449999999999818e+03 2.690999999999999837e+00 1.698100000000000165e+01
3.331106000000000222e+03 2.690999999999999837e+00 1.699099999999999966e+01
3.332760999999999967e+03 2.689999999999999947e+00 1.700199999999999889e+01
3.334417000000000371e+03 2.689999999999999947e+00 1.701200000000000045e+01
3.336072999999999865e+03 2.689000000000000057e+00 1.702299999999999969e+01
3.337728999999999814e+03 2.689000000000000057e+00 1.703300000000000125e+01
3.339385000000000218e+03 2.689000000000000057e+00 1.704299999999999926e+01
3.341041000000000167e+03 2.688000000000000167e+00 1.705399999999999849e+01
3.342695999999999913e+03 2.688000000000000167e+00 1.706400000000000006e+01
3.344352000000000317e+03 2.686999999999999833e+00 1.707499999999999929e+01
3.346007999999999811e+03 2.686999999999999833e+00 1.708500000000000085e+01
3.347663999999999760e+03 2.686999999999999833e+00 1.709600000000000009e+01
3.349320000000000164e+03 2.685999999999999943e+00 1.710600000000000165e+01
3.350974999999999909e+03 2.685999999999999943e+00 1.711599999999999966e+01
3.352631000000000313e+03 2.685000000000000053e+00 1.712699999999999889e+01
3.354286999999999807e+03 2.685000000000000053e+00 1.713700000000000045e+01
3.355942999999999756e+03 2.685000000000000053e+00 1.714799999999999969e+01
3.357599000000000160e+03 2.684000000000000163e+00 1.715800000000000125e+01
3.359255000000000109e+03 2.684000000000000163e+00 1.716900000000000048e+01
3.360909999999999854e+03 2.682999999999999829e+00 1.717899999999999849e+01
3.362566000000000258e+03 2.682999999999999829e+00 1.718900000000000006e+01
3.364221999999999753e+03 2.682999999999999829e+00 1.719999999999999929e+01
3.365877999999999702e+03 2.681999999999999940e+00 1.721000000000000085e+01
3.367534000000000106e+03 2.681999999999999940e+00 1.722100000000000009e+01
3.369190000000000055e+03 2.681999999999999940e+00 1.723100000000000165e+01
3.370845000000000255e+03 2.681000000000000050e+00 1.724200000000000088e+01
3.372501000000000204e+03 2.681000000000000050e+00 1.725199999999999889e+01
3.374156999999999698e+03 2.681000000000000050e+00 1.726200000000000045e+01
3.375813000000000102e+03 2.680000000000000160e+00 1.727299999999999969e+01
3.377469000000000051e+03 2.680000000000000160e+00 1.728300000000000125e+01
3.379125000000000000e+03 2.680000000000000160e+00 1.729400000000000048e+01
3.380780000000000200e+03 2.678999999999999826e+00 1.730399999999999849e+01
3.382436000000000149e+03 2.678999999999999826e+00 1.731500000000000128e+01
3.384092000000000098e+03 2.678999999999999826e+00 1.732499999999999929e+01
3.385748000000000047e+03 2.677999999999999936e+00 1.733500000000000085e+01
3.387403999999999996e+03 2.677999999999999936e+00 1.734600000000000009e+01
3.389060000000000400e+03 2.677999999999999936e+00 1.735600000000000165e+01
3.390715000000000146e+03 2.677000000000000046e+00 1.736700000000000088e+01
3.392370999999999640e+03 2.677000000000000046e+00 1.737699999999999889e+01
3.394027000000000044e+03 2.677000000000000046e+00 1.738800000000000168e+01
3.395682999999999993e+03 2.676000000000000156e+00 1.739799999999999969e+01
3.397338999999999942e+03 2.676000000000000156e+00 1.740800000000000125e+01
3.398994000000000142e+03 2.676000000000000156e+00 1.741900000000000048e+01
3.400650000000000091e+03 2.676000000000000156e+00 1.742899999999999849e+01
3.402306000000000040e+03 2.674999999999999822e+00 1.744000000000000128e+01
3.403961999999999989e+03 2.674999999999999822e+00 1.744999999999999929e+01
3.405617999999999938e+03 2.674999999999999822e+00 1.746000000000000085e+01
3.407274000000000342e+03 2.673999999999999932e+00 1.747100000000000009e+01
3.408929000000000087e+03 2.673999999999999932e+00 1.748100000000000165e+01
3.410585000000000036e+03 2.673999999999999932e+00 1.749200000000000088e+01
3.412240999999999985e+03 2.673999999999999932e+00 1.750199999999999889e+01
3.413896999999999935e+03 2.673000000000000043e+00 1.751300000000000168e+01
3.415552999999999884e+03 2.673000000000000043e+00 1.752299999999999969e+01
3.417209000000000287e+03 2.673000000000000043e+00 1.753300000000000125e+01
3.418864000000000033e+03 2.673000000000000043e+00 1.754400000000000048e+01
3.420519999999999982e+03 2.672000000000000153e+00 1.755399999999999849e+01
3.422175999999999931e+03 2.672000000000000153e+00 1.756500000000000128e+01
3.423831999999999880e+03 2.672000000000000153e+00 1.757499999999999929e+01
3.425488000000000284e+03 2.672000000000000153e+00 1.758599999999999852e+01
3.427144000000000233e+03 2.670999999999999819e+00 1.759600000000000009e+01
3.428798999999999978e+03 2.670999999999999819e+00 1.760600000000000165e+01
3.430454999999999927e+03 2.670999999999999819e+00 1.761700000000000088e+01
3.432110999999999876e+03 2.670999999999999819e+00 1.762699999999999889e+01
3.433766999999999825e+03 2.669999999999999929e+00 1.763800000000000168e+01
3.435423000000000229e+03 2.669999999999999929e+00 1.764799999999999969e+01
3.437079000000000178e+03 2.669999999999999929e+00 1.765800000000000125e+01
3.438734000000000378e+03 2.669999999999999929e+00 1.766900000000000048e+01
3.440389999999999873e+03 2.669000000000000039e+00 1.767899999999999849e+01
3.442045999999999822e+03 2.669000000000000039e+00 1.769000000000000128e+01
3.443702000000000226e+03 2.669000000000000039e+00 1.769999999999999929e+01
3.445358000000000175e+03 2.669000000000000039e+00 1.771099999999999852e+01
3.447013999999999669e+03 2.669000000000000039e+00 1.772100000000000009e+01
3.448669000000000324e+03 2.668000000000000149e+00 1.773100000000000165e+01
3.450324999999999818e+03 2.668000000000000149e+00 1.774200000000000088e+01
3.451980999999999767e+03 2.668000000000000149e+00 1.775199999999999889e+01
3.453637000000000171e+03 2.668000000000000149e+00 1.776300000000000168e+01
3.455293000000000120e+03 2.668000000000000149e+00 1.777299999999999969e+01
3.456948000000000320e+03 2.666999999999999815e+00 1.778300000000000125e+01
3.458603999999999814e+03 2.666999999999999815e+00 1.779400000000000048e+01
3.460259999999999764e+03 2.666999999999999815e+00 1.780399999999999849e+01
3.461916000000000167e+03 2.666999999999999815e+00 1.781500000000000128e+01
3.463572000000000116e+03 2.666999999999999815e+00 1.782499999999999929e+01
3.465228000000000065e+03 2.665999999999999925e+00 1.783500000000000085e+01
3.466883000000000266e+03 2.665999999999999925e+00 1.784600000000000009e+01
3.468538999999999760e+03 2.665999999999999925e+00 1.785600000000000165e+01
3.470194999999999709e+03 2.665999999999999925e+00 1.786700000000000088e+01
3.471851000000000113e+03 2.665999999999999925e+00 1.787699999999999889e+01
3.473507000000000062e+03 2.665999999999999925e+00 1.788700000000000045e+01
3.475162999999999556e+03 2.665000000000000036e+00 1.789799999999999969e+01
3.476818000000000211e+03 2.665000000000000036e+00 1.790800000000000125e+01
3.478473999999999705e+03 2.665000000000000036e+00 1.791900000000000048e+01
3.480130000000000109e+03 2.665000000000000036e+00 1.792899999999999849e+01
3.481786000000000058e+03 2.665000000000000036e+00 1.794000000000000128e+01
3.483442000000000007e+03 2.665000000000000036e+00 1.794999999999999929e+01
3.485097999999999956e+03 2.665000000000000036e+00 1.796000000000000085e+01
3.486753000000000156e+03 2.664000000000000146e+00 1.797100000000000009e+01
3.488408999999999651e+03 2.664000000000000146e+00 1.798100000000000165e+01
3.490065000000000055e+03 2.664000000000000146e+00 1.799200000000000088e+01
3.491721000000000004e+03 2.664000000000000146e+00 1.800199999999999889e+01
3.493376999999999953e+03 2.664000000000000146e+00 1.801200000000000045e+01
3.495032999999999902e+03 2.664000000000000146e+00 1.802299999999999969e+01
3.496687999999999647e+03 2.664000000000000146e+00 1.803300000000000125e+01
3.498344000000000051e+03 2.664000000000000146e+00 1.804400000000000048e+01
3.500000000000000000e+03 2.662999999999999812e+00 1.805399999999999849e+01
